split,idx,source,difficulty,has_url
train,1,codeforces,HARD,True
train,3,aizu,UNKNOWN_DIFFICULTY,False
train,4,codeforces,EASY,True
train,5,aizu,UNKNOWN_DIFFICULTY,False
train,6,geeksforgeeks,EASY,True
train,7,geeksforgeeks,MEDIUM_HARD,True
train,8,codewars,EASY,True
train,10,codeforces,MEDIUM_HARD,True
train,12,codechef,UNKNOWN_DIFFICULTY,True
train,13,codechef,EASY,True
train,14,geeksforgeeks,MEDIUM,True
train,15,codechef,HARD,True
train,16,codeforces,MEDIUM_HARD,True
train,18,codeforces,HARD,True
train,20,codechef,UNKNOWN_DIFFICULTY,True
train,22,geeksforgeeks,MEDIUM,True
train,24,aizu,UNKNOWN_DIFFICULTY,False
train,25,geeksforgeeks,MEDIUM,True
train,26,aizu,UNKNOWN_DIFFICULTY,False
train,27,atcoder,UNKNOWN_DIFFICULTY,False
train,28,codeforces,HARD,True
train,30,leetcode,MEDIUM_HARD,True
train,31,codewars,EASY,True
train,33,codechef,UNKNOWN_DIFFICULTY,True
train,34,codechef,UNKNOWN_DIFFICULTY,True
train,35,atcoder,EASY,True
train,38,leetcode,MEDIUM_HARD,True
train,39,geeksforgeeks,EASY,True
train,40,codeforces,MEDIUM,True
train,41,geeksforgeeks,EASY,True
train,42,codewars,EASY,True
train,43,codewars,EASY,True
train,44,codewars,EASY,True
train,45,geeksforgeeks,EASY,True
train,46,geeksforgeeks,EASY,True
train,47,codewars,EASY,True
train,48,geeksforgeeks,EASY,True
train,49,codechef,UNKNOWN_DIFFICULTY,True
train,50,atcoder,MEDIUM,True
train,52,atcoder,MEDIUM_HARD,True
train,53,codewars,EASY,True
train,55,codechef,VERY_HARD,True
train,56,geeksforgeeks,EASY,True
train,57,codeforces,EASY,True
train,58,codeforces,EASY,True
train,59,codeforces,MEDIUM_HARD,True
train,60,geeksforgeeks,MEDIUM_HARD,True
train,61,codewars,EASY,True
train,62,codewars,EASY,True
train,63,codeforces,MEDIUM_HARD,True
train,64,aizu,UNKNOWN_DIFFICULTY,False
train,68,codeforces,EASY,True
train,72,codeforces,EASY,True
train,73,atcoder,UNKNOWN_DIFFICULTY,False
train,75,codechef,HARD,True
train,77,codeforces,HARD,True
train,78,codechef,MEDIUM,True
train,80,geeksforgeeks,EASY,True
train,81,geeksforgeeks,EASY,True
train,82,geeksforgeeks,MEDIUM_HARD,True
train,83,hackerearth,EASY,False
train,84,geeksforgeeks,MEDIUM_HARD,True
train,85,codeforces,EASY,True
train,87,geeksforgeeks,EASY,True
train,88,atcoder,MEDIUM,True
train,89,hackerearth,EASY,False
train,91,codeforces,HARD,True
train,92,geeksforgeeks,EASY,True
train,93,geeksforgeeks,MEDIUM,True
train,94,geeksforgeeks,EASY,True
train,95,codeforces,MEDIUM_HARD,True
train,96,codechef,UNKNOWN_DIFFICULTY,True
train,97,hackerearth,EASY,False
train,99,codeforces,EASY,True
train,101,hackerearth,UNKNOWN_DIFFICULTY,False
train,102,codeforces,MEDIUM,True
train,104,codeforces,EASY,True
train,105,codechef,MEDIUM_HARD,True
train,106,codewars,EASY,True
train,107,codechef,UNKNOWN_DIFFICULTY,True
train,108,codewars,EASY,True
train,109,geeksforgeeks,MEDIUM,True
train,111,codeforces,MEDIUM,True
train,112,codeforces,HARD,True
train,113,geeksforgeeks,MEDIUM,True
train,114,codechef,EASY,True
train,115,codeforces,MEDIUM_HARD,True
train,116,codeforces,VERY_HARD,True
train,117,codeforces,MEDIUM_HARD,True
train,118,aizu,UNKNOWN_DIFFICULTY,False
train,119,hackerearth,UNKNOWN_DIFFICULTY,False
train,121,codewars,EASY,True
train,124,geeksforgeeks,EASY,True
train,127,codeforces,MEDIUM,True
train,128,codechef,EASY,True
train,130,aizu,UNKNOWN_DIFFICULTY,False
train,132,geeksforgeeks,EASY,True
train,133,geeksforgeeks,EASY,True
train,134,codewars,EASY,True
train,135,codewars,EASY,True
train,136,codechef,MEDIUM_HARD,True
train,137,codeforces,EASY,True
train,142,codewars,EASY,True
train,144,leetcode,MEDIUM_HARD,True
train,147,geeksforgeeks,MEDIUM,True
train,149,geeksforgeeks,MEDIUM,True
train,150,codechef,MEDIUM,True
train,151,hackerearth,EASY,False
train,152,codeforces,MEDIUM_HARD,True
train,153,codechef,UNKNOWN_DIFFICULTY,True
train,154,codeforces,MEDIUM_HARD,True
train,155,leetcode,EASY,True
train,156,aizu,UNKNOWN_DIFFICULTY,False
train,158,codeforces,MEDIUM_HARD,True
train,159,codewars,EASY,True
train,160,codeforces,HARD,True
train,161,hackerearth,UNKNOWN_DIFFICULTY,False
train,162,aizu,UNKNOWN_DIFFICULTY,False
train,163,codeforces,MEDIUM_HARD,True
train,164,codechef,UNKNOWN_DIFFICULTY,True
train,165,aizu,UNKNOWN_DIFFICULTY,False
train,166,codeforces,EASY,True
train,168,codechef,UNKNOWN_DIFFICULTY,True
train,169,codewars,EASY,True
train,171,geeksforgeeks,MEDIUM,True
train,172,codeforces,EASY,True
train,173,codechef,MEDIUM_HARD,True
train,175,codewars,EASY,True
train,176,aizu,UNKNOWN_DIFFICULTY,False
train,177,aizu,UNKNOWN_DIFFICULTY,False
train,178,geeksforgeeks,EASY,True
train,180,codeforces,MEDIUM_HARD,True
train,181,codeforces,EASY,True
train,182,codeforces,EASY,True
train,185,codeforces,EASY,True
train,190,codewars,EASY,True
train,191,codewars,EASY,True
train,192,codewars,EASY,True
train,193,codechef,EASY,True
train,195,codechef,UNKNOWN_DIFFICULTY,True
train,197,atcoder,HARD,True
train,199,geeksforgeeks,MEDIUM,True
train,201,hackerearth,EASY,False
train,202,codeforces,EASY,True
train,203,codeforces,EASY,True
train,204,codewars,EASY,True
train,205,atcoder,UNKNOWN_DIFFICULTY,False
train,206,hackerearth,EASY,False
train,208,codechef,MEDIUM_HARD,True
train,209,leetcode,EASY,True
train,210,codewars,EASY,True
train,211,codechef,EASY,True
train,212,aizu,UNKNOWN_DIFFICULTY,False
train,213,codechef,HARD,True
train,214,codeforces,EASY,True
train,215,aizu,UNKNOWN_DIFFICULTY,False
train,216,hackerearth,EASY,False
train,217,codeforces,MEDIUM_HARD,True
train,218,geeksforgeeks,MEDIUM,True
train,219,codewars,EASY,True
train,220,codeforces,EASY,True
train,221,codeforces,MEDIUM,True
train,222,codeforces,MEDIUM_HARD,True
train,223,codeforces,VERY_HARD,True
train,225,codeforces,MEDIUM_HARD,True
train,226,geeksforgeeks,EASY,True
train,227,aizu,UNKNOWN_DIFFICULTY,False
train,229,codeforces,MEDIUM_HARD,True
train,230,geeksforgeeks,MEDIUM,True
train,231,codeforces,EASY,True
train,233,geeksforgeeks,MEDIUM,True
train,234,hackerearth,EASY,False
train,235,geeksforgeeks,MEDIUM,True
train,236,codeforces,MEDIUM,True
train,237,codeforces,EASY,True
train,238,codeforces,MEDIUM,True
train,239,codewars,EASY,True
train,240,codechef,EASY,True
train,243,codeforces,EASY,True
train,246,geeksforgeeks,EASY,True
train,249,geeksforgeeks,EASY,True
train,251,geeksforgeeks,MEDIUM,True
train,252,codeforces,EASY,True
train,253,codewars,EASY,True
train,254,atcoder,UNKNOWN_DIFFICULTY,False
train,256,codewars,EASY,True
train,257,codeforces,HARD,True
train,258,leetcode,EASY,True
train,259,codeforces,HARD,True
train,260,codeforces,VERY_HARD,True
train,262,hackerearth,UNKNOWN_DIFFICULTY,False
train,263,codeforces,MEDIUM,True
train,265,aizu,UNKNOWN_DIFFICULTY,False
train,266,hackerearth,EASY,False
train,267,geeksforgeeks,EASY,True
train,268,codeforces,EASY,True
train,269,hackerearth,EASY,False
train,270,hackerearth,EASY,False
train,273,codeforces,HARD,True
train,275,aizu,UNKNOWN_DIFFICULTY,False
train,276,hackerearth,UNKNOWN_DIFFICULTY,False
train,277,aizu,UNKNOWN_DIFFICULTY,False
train,278,codeforces,MEDIUM,True
train,279,hackerearth,EASY,False
train,280,aizu,UNKNOWN_DIFFICULTY,False
train,281,codeforces,HARD,True
train,282,geeksforgeeks,MEDIUM_HARD,True
train,284,codeforces,EASY,True
train,285,hackerearth,UNKNOWN_DIFFICULTY,False
train,288,codechef,UNKNOWN_DIFFICULTY,True
train,289,codechef,VERY_HARD,True
train,291,geeksforgeeks,EASY,True
train,292,aizu,UNKNOWN_DIFFICULTY,False
train,298,codeforces,HARD,True
train,300,codeforces,HARD,True
train,302,codewars,EASY,True
train,303,codewars,EASY,True
train,304,codechef,EASY,True
train,305,aizu,UNKNOWN_DIFFICULTY,False
train,306,geeksforgeeks,EASY,True
train,308,codeforces,EASY,True
train,309,codeforces,HARD,True
train,310,geeksforgeeks,MEDIUM,True
train,311,hackerearth,UNKNOWN_DIFFICULTY,False
train,312,codechef,EASY,True
train,313,hackerearth,UNKNOWN_DIFFICULTY,False
train,314,hackerearth,UNKNOWN_DIFFICULTY,False
train,315,aizu,UNKNOWN_DIFFICULTY,False
train,317,codeforces,EASY,True
train,318,codeforces,EASY,True
train,320,codechef,MEDIUM,True
train,323,codeforces,EASY,True
train,324,codeforces,MEDIUM,True
train,325,codeforces,EASY,True
train,327,codechef,HARD,True
train,329,codeforces,MEDIUM,True
train,330,codewars,EASY,True
train,331,codewars,EASY,True
train,332,codeforces,MEDIUM_HARD,True
train,334,atcoder,EASY,True
train,335,atcoder,MEDIUM,True
train,337,codeforces,MEDIUM_HARD,True
train,338,codeforces,MEDIUM,True
train,339,atcoder,MEDIUM,True
train,343,atcoder,EASY,True
train,344,codewars,EASY,True
train,345,geeksforgeeks,EASY,True
train,347,codeforces,HARD,True
train,348,aizu,UNKNOWN_DIFFICULTY,False
train,349,codeforces,HARD,True
train,350,aizu,UNKNOWN_DIFFICULTY,False
train,353,codeforces,VERY_HARD,True
train,354,codeforces,HARD,True
train,355,codeforces,MEDIUM_HARD,True
train,356,geeksforgeeks,MEDIUM,True
train,358,codewars,EASY,True
train,359,codewars,EASY,True
train,360,codeforces,EASY,True
train,363,codewars,MEDIUM_HARD,True
train,364,codeforces,MEDIUM_HARD,True
train,365,codeforces,MEDIUM_HARD,True
train,366,codeforces,MEDIUM_HARD,True
train,367,codeforces,MEDIUM_HARD,True
train,368,geeksforgeeks,MEDIUM,True
train,371,hackerearth,EASY,False
train,374,codechef,EASY,True
train,375,codechef,UNKNOWN_DIFFICULTY,True
train,376,aizu,UNKNOWN_DIFFICULTY,False
train,377,hackerearth,UNKNOWN_DIFFICULTY,False
train,378,codewars,EASY,True
train,379,leetcode,EASY,True
train,381,codechef,VERY_HARD,True
train,382,codewars,EASY,True
train,383,atcoder,UNKNOWN_DIFFICULTY,False
train,384,codeforces,MEDIUM_HARD,True
train,387,codechef,VERY_HARD,True
train,388,leetcode,MEDIUM,True
train,390,codechef,UNKNOWN_DIFFICULTY,True
train,391,codeforces,EASY,True
train,392,leetcode,EASY,True
train,393,codeforces,MEDIUM_HARD,True
train,395,codeforces,HARD,True
train,397,hackerearth,UNKNOWN_DIFFICULTY,False
train,398,aizu,UNKNOWN_DIFFICULTY,False
train,399,codeforces,EASY,True
train,400,codewars,EASY,True
train,401,geeksforgeeks,EASY,True
train,402,geeksforgeeks,MEDIUM,True
train,403,geeksforgeeks,EASY,True
train,404,aizu,UNKNOWN_DIFFICULTY,False
train,405,aizu,UNKNOWN_DIFFICULTY,False
train,406,codeforces,MEDIUM_HARD,True
train,407,codeforces,HARD,True
train,408,codewars,EASY,True
train,409,geeksforgeeks,EASY,True
train,410,leetcode,MEDIUM,True
train,411,codeforces,EASY,True
train,412,codeforces,EASY,True
train,413,codewars,EASY,True
train,418,codeforces,EASY,True
train,419,geeksforgeeks,MEDIUM,True
train,421,atcoder,UNKNOWN_DIFFICULTY,False
train,422,codechef,MEDIUM_HARD,True
train,423,codeforces,VERY_HARD,True
train,424,codeforces,HARD,True
train,425,codechef,EASY,True
train,426,atcoder,MEDIUM,True
train,427,codechef,UNKNOWN_DIFFICULTY,True
train,428,atcoder,UNKNOWN_DIFFICULTY,False
train,429,codechef,UNKNOWN_DIFFICULTY,True
train,433,codewars,EASY,True
train,434,atcoder,MEDIUM,True
train,436,leetcode,EASY,True
train,437,codeforces,EASY,True
train,438,codeforces,EASY,True
train,439,codeforces,EASY,True
train,441,codechef,EASY,True
train,443,codewars,EASY,True
train,444,codeforces,EASY,True
train,446,codeforces,EASY,True
train,449,codechef,VERY_HARD,True
train,450,codewars,EASY,True
train,451,atcoder,VERY_HARD,True
train,452,hackerearth,UNKNOWN_DIFFICULTY,False
train,453,codeforces,EASY,True
train,455,codewars,EASY,True
train,457,codeforces,HARD,True
train,458,geeksforgeeks,MEDIUM,True
train,459,geeksforgeeks,EASY,True
train,461,codeforces,HARD,True
train,464,geeksforgeeks,EASY,True
train,466,hackerearth,UNKNOWN_DIFFICULTY,False
train,468,codechef,EASY,True
train,469,codeforces,HARD,True
train,471,geeksforgeeks,EASY,True
train,472,geeksforgeeks,EASY,True
train,473,codewars,EASY,True
train,475,codechef,UNKNOWN_DIFFICULTY,True
train,476,codechef,UNKNOWN_DIFFICULTY,True
train,477,hackerearth,EASY,False
train,478,geeksforgeeks,MEDIUM_HARD,True
train,479,codechef,EASY,True
train,483,codeforces,VERY_HARD,True
train,484,codechef,MEDIUM,True
train,486,codeforces,EASY,True
train,487,geeksforgeeks,EASY,True
train,488,aizu,UNKNOWN_DIFFICULTY,False
train,491,codeforces,EASY,True
train,492,codeforces,HARD,True
train,493,codeforces,VERY_HARD,True
train,494,codechef,EASY,True
train,495,codeforces,VERY_HARD,True
train,498,codechef,MEDIUM_HARD,True
train,499,geeksforgeeks,EASY,True
train,500,codechef,UNKNOWN_DIFFICULTY,True
train,501,hackerearth,UNKNOWN_DIFFICULTY,False
train,503,codeforces,EASY,True
train,509,geeksforgeeks,EASY,True
train,511,geeksforgeeks,EASY,True
train,512,aizu,UNKNOWN_DIFFICULTY,False
train,513,codechef,MEDIUM_HARD,True
train,514,codechef,EASY,True
train,515,codewars,EASY,True
train,517,codechef,HARD,True
train,518,codechef,EASY,True
train,520,codechef,MEDIUM_HARD,True
train,521,leetcode,MEDIUM,True
train,522,codeforces,EASY,True
train,523,hackerearth,EASY,False
train,525,codeforces,HARD,True
train,526,codewars,EASY,True
train,527,codeforces,EASY,True
train,528,geeksforgeeks,EASY,True
train,529,codeforces,HARD,True
train,530,codechef,VERY_HARD,True
train,531,codeforces,HARD,True
train,533,codeforces,EASY,True
train,534,atcoder,UNKNOWN_DIFFICULTY,False
train,538,codeforces,EASY,True
train,540,hackerearth,UNKNOWN_DIFFICULTY,False
train,541,codechef,VERY_HARD,True
train,542,codeforces,HARD,True
train,543,hackerearth,MEDIUM,False
train,544,geeksforgeeks,MEDIUM_HARD,True
train,545,aizu,UNKNOWN_DIFFICULTY,False
train,547,codeforces,EASY,True
train,548,codeforces,EASY,True
train,550,codewars,EASY,True
train,551,codeforces,MEDIUM,True
train,552,leetcode,EASY,True
train,554,codechef,UNKNOWN_DIFFICULTY,True
train,555,codewars,EASY,True
train,556,codeforces,MEDIUM,True
train,559,leetcode,MEDIUM,True
train,560,atcoder,MEDIUM,True
train,561,hackerearth,UNKNOWN_DIFFICULTY,False
train,563,atcoder,EASY,True
train,565,codewars,EASY,True
train,566,codewars,EASY,True
train,567,codeforces,EASY,True
train,568,codechef,UNKNOWN_DIFFICULTY,True
train,569,geeksforgeeks,EASY,True
train,570,codechef,HARD,True
train,572,codechef,EASY,True
train,574,codeforces,MEDIUM_HARD,True
train,575,geeksforgeeks,MEDIUM,True
train,576,codechef,UNKNOWN_DIFFICULTY,True
train,579,codeforces,EASY,True
train,581,geeksforgeeks,EASY,True
train,582,codewars,EASY,True
train,584,leetcode,MEDIUM,True
train,585,codechef,UNKNOWN_DIFFICULTY,True
train,586,codeforces,MEDIUM,True
train,587,geeksforgeeks,MEDIUM_HARD,True
train,588,aizu,UNKNOWN_DIFFICULTY,False
train,590,hackerearth,UNKNOWN_DIFFICULTY,False
train,591,geeksforgeeks,MEDIUM,True
train,593,codeforces,EASY,True
train,596,aizu,UNKNOWN_DIFFICULTY,False
train,597,hackerearth,EASY,False
train,598,codewars,EASY,True
train,599,codeforces,HARD,True
train,600,codeforces,EASY,True
train,601,codechef,MEDIUM_HARD,True
train,602,codewars,EASY,True
train,604,geeksforgeeks,MEDIUM,True
train,605,atcoder,VERY_HARD,True
train,606,hackerearth,EASY,False
train,607,geeksforgeeks,EASY,True
train,610,aizu,UNKNOWN_DIFFICULTY,False
train,611,codewars,EASY,True
train,612,hackerearth,EASY,False
train,613,hackerearth,UNKNOWN_DIFFICULTY,False
train,615,codeforces,MEDIUM_HARD,True
train,616,codechef,MEDIUM_HARD,True
train,617,hackerearth,UNKNOWN_DIFFICULTY,False
train,620,leetcode,MEDIUM_HARD,True
train,621,atcoder,HARD,True
train,622,geeksforgeeks,MEDIUM,True
train,625,codewars,EASY,True
train,626,atcoder,EASY,True
train,627,geeksforgeeks,EASY,True
train,628,atcoder,MEDIUM_HARD,True
train,629,geeksforgeeks,EASY,True
train,630,codeforces,HARD,True
train,631,codechef,UNKNOWN_DIFFICULTY,True
train,632,hackerearth,UNKNOWN_DIFFICULTY,False
train,633,codeforces,MEDIUM_HARD,True
train,634,aizu,UNKNOWN_DIFFICULTY,False
train,635,codeforces,EASY,True
train,637,codechef,VERY_HARD,True
train,638,codewars,EASY,True
train,643,aizu,UNKNOWN_DIFFICULTY,False
train,645,codeforces,MEDIUM_HARD,True
train,647,codechef,HARD,True
train,648,codeforces,EASY,True
train,649,codeforces,HARD,True
train,650,codewars,EASY,True
train,653,codechef,MEDIUM,True
train,656,codewars,EASY,True
train,657,hackerearth,EASY,False
train,658,leetcode,MEDIUM,True
train,659,atcoder,HARD,True
train,660,atcoder,MEDIUM,True
train,661,codechef,EASY,True
train,663,codeforces,EASY,True
train,665,codeforces,MEDIUM_HARD,True
train,667,codeforces,HARD,True
train,669,codechef,MEDIUM_HARD,True
train,671,codeforces,EASY,True
train,674,hackerearth,MEDIUM,False
train,677,geeksforgeeks,EASY,True
train,680,codewars,EASY,True
train,682,codechef,MEDIUM,True
train,683,codeforces,HARD,True
train,684,codeforces,MEDIUM,True
train,686,hackerearth,EASY,False
train,687,codeforces,HARD,True
train,688,aizu,UNKNOWN_DIFFICULTY,False
train,689,codewars,EASY,True
train,691,codeforces,HARD,True
train,692,codeforces,EASY,True
train,695,codechef,UNKNOWN_DIFFICULTY,True
train,696,codechef,HARD,True
train,697,hackerearth,UNKNOWN_DIFFICULTY,False
train,699,codechef,MEDIUM_HARD,True
train,700,hackerearth,EASY,False
train,701,atcoder,MEDIUM,True
train,702,codechef,EASY,True
train,703,aizu,UNKNOWN_DIFFICULTY,False
train,704,codeforces,MEDIUM,True
train,705,codewars,EASY,True
train,706,atcoder,UNKNOWN_DIFFICULTY,False
train,707,codechef,EASY,True
train,708,geeksforgeeks,MEDIUM,True
train,709,codeforces,EASY,True
train,710,codewars,EASY,True
train,712,codeforces,MEDIUM_HARD,True
train,713,atcoder,UNKNOWN_DIFFICULTY,False
train,714,geeksforgeeks,EASY,True
train,715,codechef,UNKNOWN_DIFFICULTY,True
train,717,aizu,UNKNOWN_DIFFICULTY,False
train,718,geeksforgeeks,EASY,True
train,719,geeksforgeeks,MEDIUM,True
train,721,codeforces,MEDIUM,True
train,722,geeksforgeeks,MEDIUM,True
train,723,codeforces,EASY,True
train,725,codewars,EASY,True
train,727,codechef,EASY,True
train,728,codeforces,MEDIUM,True
train,730,aizu,UNKNOWN_DIFFICULTY,False
train,731,codechef,VERY_HARD,True
train,732,codewars,EASY,True
train,734,codechef,UNKNOWN_DIFFICULTY,True
train,735,hackerearth,EASY,False
train,736,codechef,MEDIUM_HARD,True
train,739,geeksforgeeks,EASY,True
train,740,aizu,UNKNOWN_DIFFICULTY,False
train,742,codechef,EASY,True
train,743,aizu,UNKNOWN_DIFFICULTY,False
train,744,geeksforgeeks,MEDIUM,True
train,745,codechef,MEDIUM,True
train,747,atcoder,EASY,True
train,749,atcoder,UNKNOWN_DIFFICULTY,False
train,750,aizu,UNKNOWN_DIFFICULTY,False
train,751,codechef,HARD,True
train,753,hackerearth,EASY,False
train,755,atcoder,UNKNOWN_DIFFICULTY,False
train,757,codeforces,EASY,True
train,760,aizu,UNKNOWN_DIFFICULTY,False
train,761,codeforces,MEDIUM,True
train,762,codeforces,HARD,True
train,763,atcoder,MEDIUM_HARD,True
train,764,aizu,UNKNOWN_DIFFICULTY,False
train,765,atcoder,EASY,True
train,766,codeforces,EASY,True
train,767,codeforces,HARD,True
train,770,codeforces,MEDIUM_HARD,True
train,771,codechef,MEDIUM_HARD,True
train,772,codewars,EASY,True
train,773,leetcode,EASY,True
train,774,codewars,EASY,True
train,775,codewars,EASY,True
train,776,geeksforgeeks,EASY,True
train,777,codeforces,HARD,True
train,778,codeforces,EASY,True
train,779,codeforces,EASY,True
train,780,aizu,UNKNOWN_DIFFICULTY,False
train,781,codewars,EASY,True
train,782,atcoder,EASY,True
train,783,geeksforgeeks,EASY,True
train,784,leetcode,EASY,True
train,785,codewars,EASY,True
train,786,codechef,UNKNOWN_DIFFICULTY,True
train,787,geeksforgeeks,EASY,True
train,788,atcoder,MEDIUM_HARD,True
train,789,codechef,EASY,True
train,791,codeforces,EASY,True
train,792,codechef,EASY,True
train,793,codechef,UNKNOWN_DIFFICULTY,True
train,795,codeforces,VERY_HARD,True
train,797,aizu,UNKNOWN_DIFFICULTY,False
train,798,codeforces,MEDIUM_HARD,True
train,802,atcoder,UNKNOWN_DIFFICULTY,False
train,803,codeforces,EASY,True
train,804,leetcode,EASY,True
train,805,geeksforgeeks,EASY,True
train,808,codeforces,EASY,True
train,811,leetcode,MEDIUM_HARD,True
train,813,geeksforgeeks,EASY,True
train,814,atcoder,UNKNOWN_DIFFICULTY,False
train,815,geeksforgeeks,EASY,True
train,816,codeforces,EASY,True
train,817,leetcode,MEDIUM_HARD,True
train,818,hackerearth,UNKNOWN_DIFFICULTY,False
train,819,aizu,UNKNOWN_DIFFICULTY,False
train,820,codeforces,HARD,True
train,822,codechef,EASY,True
train,823,geeksforgeeks,EASY,True
train,824,aizu,UNKNOWN_DIFFICULTY,False
train,825,codechef,UNKNOWN_DIFFICULTY,True
train,826,hackerearth,UNKNOWN_DIFFICULTY,False
train,827,aizu,UNKNOWN_DIFFICULTY,False
train,828,hackerearth,UNKNOWN_DIFFICULTY,False
train,829,hackerearth,UNKNOWN_DIFFICULTY,False
train,830,geeksforgeeks,EASY,True
train,831,codeforces,EASY,True
train,832,aizu,UNKNOWN_DIFFICULTY,False
train,834,codeforces,MEDIUM_HARD,True
train,835,codeforces,VERY_HARD,True
train,836,codewars,EASY,True
train,837,geeksforgeeks,EASY,True
train,838,codeforces,VERY_HARD,True
train,839,codeforces,VERY_HARD,True
train,840,geeksforgeeks,MEDIUM,True
train,841,codewars,EASY,True
train,842,codewars,EASY,True
train,848,codeforces,HARD,True
train,849,codewars,EASY,True
train,850,codeforces,EASY,True
train,854,hackerearth,EASY,False
train,855,codeforces,MEDIUM_HARD,True
train,856,aizu,UNKNOWN_DIFFICULTY,False
train,857,codechef,VERY_HARD,True
train,858,codechef,HARD,True
train,860,aizu,UNKNOWN_DIFFICULTY,False
train,862,leetcode,MEDIUM,True
train,864,geeksforgeeks,EASY,True
train,867,codechef,MEDIUM,True
train,871,codechef,UNKNOWN_DIFFICULTY,True
train,872,codeforces,EASY,True
train,873,aizu,UNKNOWN_DIFFICULTY,False
train,874,codeforces,MEDIUM_HARD,True
train,875,codeforces,MEDIUM,True
train,876,codechef,MEDIUM,True
train,877,leetcode,MEDIUM,True
train,880,codewars,EASY,True
train,881,geeksforgeeks,MEDIUM,True
train,882,hackerearth,UNKNOWN_DIFFICULTY,False
train,883,hackerearth,UNKNOWN_DIFFICULTY,False
train,884,codeforces,EASY,True
train,887,codeforces,EASY,True
train,888,aizu,UNKNOWN_DIFFICULTY,False
train,889,geeksforgeeks,EASY,True
train,890,codeforces,HARD,True
train,891,codechef,MEDIUM,True
train,893,geeksforgeeks,EASY,True
train,897,geeksforgeeks,MEDIUM,True
train,898,codeforces,MEDIUM_HARD,True
train,899,codechef,UNKNOWN_DIFFICULTY,True
train,902,atcoder,UNKNOWN_DIFFICULTY,False
train,904,atcoder,EASY,True
train,905,leetcode,MEDIUM_HARD,True
train,906,codeforces,EASY,True
train,907,codeforces,MEDIUM_HARD,True
train,910,codeforces,EASY,True
train,911,atcoder,MEDIUM_HARD,True
train,913,codeforces,EASY,True
train,914,codechef,EASY,True
train,917,aizu,UNKNOWN_DIFFICULTY,False
train,918,geeksforgeeks,EASY,True
train,919,codechef,VERY_HARD,True
train,920,codeforces,EASY,True
train,921,hackerearth,UNKNOWN_DIFFICULTY,False
train,923,codeforces,MEDIUM_HARD,True
train,926,atcoder,VERY_HARD,True
train,927,aizu,UNKNOWN_DIFFICULTY,False
train,928,codeforces,VERY_HARD,True
train,930,codeforces,EASY,True
train,931,geeksforgeeks,MEDIUM,True
train,932,codechef,UNKNOWN_DIFFICULTY,True
train,933,aizu,UNKNOWN_DIFFICULTY,False
train,934,atcoder,EASY,True
train,935,codewars,EASY,True
train,936,codewars,EASY,True
train,938,codewars,EASY,True
train,939,codeforces,EASY,True
train,941,codeforces,EASY,True
train,943,aizu,UNKNOWN_DIFFICULTY,False
train,944,codeforces,EASY,True
train,946,codewars,EASY,True
train,947,codeforces,EASY,True
train,948,codeforces,UNKNOWN_DIFFICULTY,True
train,949,codeforces,VERY_HARD,True
train,950,codewars,EASY,True
train,951,codeforces,EASY,True
train,952,hackerearth,EASY,False
train,955,aizu,UNKNOWN_DIFFICULTY,False
train,956,atcoder,EASY,True
train,957,codeforces,HARD,True
train,958,hackerearth,MEDIUM,False
train,959,codeforces,MEDIUM,True
train,962,atcoder,UNKNOWN_DIFFICULTY,False
train,963,hackerearth,UNKNOWN_DIFFICULTY,False
train,964,codewars,EASY,True
train,965,codechef,MEDIUM_HARD,True
train,968,codewars,EASY,True
train,969,codeforces,MEDIUM_HARD,True
train,970,codeforces,EASY,True
train,971,codewars,EASY,True
train,973,geeksforgeeks,EASY,True
train,975,codeforces,EASY,True
train,976,hackerearth,EASY,False
train,977,hackerearth,UNKNOWN_DIFFICULTY,False
train,978,hackerearth,EASY,False
train,979,codechef,MEDIUM_HARD,True
train,982,codeforces,EASY,True
train,983,codeforces,EASY,True
train,986,codechef,MEDIUM_HARD,True
train,988,codeforces,EASY,True
train,989,atcoder,UNKNOWN_DIFFICULTY,False
train,990,codeforces,MEDIUM_HARD,True
train,991,codechef,HARD,True
train,992,atcoder,EASY,True
train,994,codechef,UNKNOWN_DIFFICULTY,True
train,995,codeforces,HARD,True
train,996,codechef,HARD,True
train,1001,codeforces,MEDIUM_HARD,True
train,1002,atcoder,UNKNOWN_DIFFICULTY,False
train,1003,geeksforgeeks,EASY,True
train,1004,codeforces,EASY,True
train,1005,codeforces,MEDIUM,True
train,1007,codechef,MEDIUM_HARD,True
train,1008,codechef,UNKNOWN_DIFFICULTY,True
train,1010,codechef,UNKNOWN_DIFFICULTY,True
train,1011,aizu,UNKNOWN_DIFFICULTY,False
train,1013,geeksforgeeks,MEDIUM,True
train,1014,geeksforgeeks,EASY,True
train,1015,geeksforgeeks,EASY,True
train,1016,hackerearth,UNKNOWN_DIFFICULTY,False
train,1017,hackerearth,EASY,False
train,1018,codeforces,EASY,True
train,1019,atcoder,UNKNOWN_DIFFICULTY,False
train,1021,geeksforgeeks,MEDIUM_HARD,True
train,1023,codechef,MEDIUM_HARD,True
train,1024,geeksforgeeks,MEDIUM,True
train,1025,codeforces,MEDIUM,True
train,1026,codeforces,EASY,True
train,1027,codechef,VERY_HARD,True
train,1028,codeforces,MEDIUM_HARD,True
train,1030,codeforces,HARD,True
train,1031,codeforces,EASY,True
train,1032,codeforces,HARD,True
train,1033,codewars,EASY,True
train,1034,codeforces,EASY,True
train,1035,codeforces,EASY,True
train,1037,codechef,UNKNOWN_DIFFICULTY,True
train,1038,leetcode,MEDIUM_HARD,True
train,1039,codeforces,EASY,True
train,1041,geeksforgeeks,EASY,True
train,1043,hackerearth,EASY,False
train,1044,codechef,UNKNOWN_DIFFICULTY,True
train,1045,codeforces,HARD,True
train,1048,codeforces,MEDIUM,True
train,1049,codewars,EASY,True
train,1051,codewars,EASY,True
train,1052,codechef,VERY_HARD,True
train,1053,aizu,UNKNOWN_DIFFICULTY,False
train,1054,codewars,EASY,True
train,1055,codeforces,EASY,True
train,1056,codeforces,MEDIUM_HARD,True
train,1057,leetcode,MEDIUM_HARD,True
train,1058,geeksforgeeks,EASY,True
train,1059,codeforces,EASY,True
train,1061,aizu,UNKNOWN_DIFFICULTY,False
train,1063,codeforces,HARD,True
train,1065,geeksforgeeks,EASY,True
train,1066,codeforces,EASY,True
train,1067,aizu,UNKNOWN_DIFFICULTY,False
train,1069,codeforces,MEDIUM,True
train,1070,geeksforgeeks,MEDIUM,True
train,1071,codeforces,HARD,True
train,1072,geeksforgeeks,MEDIUM,True
train,1073,geeksforgeeks,EASY,True
train,1075,codeforces,HARD,True
train,1079,codewars,EASY,True
train,1080,codechef,UNKNOWN_DIFFICULTY,True
train,1087,codechef,VERY_HARD,True
train,1088,codechef,EASY,True
train,1091,codeforces,MEDIUM,True
train,1092,aizu,UNKNOWN_DIFFICULTY,False
train,1094,codewars,EASY,True
train,1095,hackerearth,MEDIUM,False
train,1096,codechef,MEDIUM_HARD,True
train,1099,hackerearth,EASY,False
train,1100,hackerearth,EASY,False
train,1101,codeforces,EASY,True
train,1102,atcoder,EASY,True
train,1103,codeforces,EASY,True
train,1104,codewars,EASY,True
train,1105,aizu,UNKNOWN_DIFFICULTY,False
train,1106,codewars,EASY,True
train,1107,codechef,UNKNOWN_DIFFICULTY,True
train,1108,codeforces,HARD,True
train,1110,codeforces,MEDIUM,True
train,1111,codechef,UNKNOWN_DIFFICULTY,True
train,1113,codeforces,VERY_HARD,True
train,1114,codechef,EASY,True
train,1115,codeforces,EASY,True
train,1118,codeforces,HARD,True
train,1120,codeforces,MEDIUM,True
train,1121,geeksforgeeks,MEDIUM,True
train,1123,hackerearth,UNKNOWN_DIFFICULTY,False
train,1124,hackerearth,UNKNOWN_DIFFICULTY,False
train,1125,codeforces,MEDIUM,True
train,1126,aizu,UNKNOWN_DIFFICULTY,False
train,1127,codechef,VERY_HARD,True
train,1129,geeksforgeeks,MEDIUM,True
train,1130,codeforces,EASY,True
train,1131,geeksforgeeks,EASY,True
train,1132,codeforces,EASY,True
train,1133,codechef,EASY,True
train,1134,codechef,VERY_HARD,True
train,1135,codechef,UNKNOWN_DIFFICULTY,True
train,1136,codewars,EASY,True
train,1137,codewars,EASY,True
train,1138,atcoder,UNKNOWN_DIFFICULTY,False
train,1139,codechef,HARD,True
train,1140,geeksforgeeks,MEDIUM,True
train,1141,geeksforgeeks,MEDIUM,True
train,1142,codechef,UNKNOWN_DIFFICULTY,True
train,1143,codechef,EASY,True
train,1144,codeforces,EASY,True
train,1145,hackerearth,EASY,False
train,1146,codeforces,EASY,True
train,1147,atcoder,UNKNOWN_DIFFICULTY,False
train,1149,geeksforgeeks,EASY,True
train,1151,codewars,EASY,True
train,1155,codeforces,MEDIUM,True
train,1156,codechef,EASY,True
train,1157,codewars,EASY,True
train,1158,codeforces,HARD,True
train,1159,hackerearth,UNKNOWN_DIFFICULTY,False
train,1162,geeksforgeeks,MEDIUM_HARD,True
train,1163,aizu,UNKNOWN_DIFFICULTY,False
train,1164,codeforces,EASY,True
train,1165,codechef,EASY,True
train,1167,codewars,EASY,True
train,1168,codeforces,HARD,True
train,1169,codeforces,EASY,True
train,1171,codewars,EASY,True
train,1172,codechef,UNKNOWN_DIFFICULTY,True
train,1173,hackerearth,EASY,False
train,1174,codeforces,VERY_HARD,True
train,1175,geeksforgeeks,MEDIUM,True
train,1176,atcoder,MEDIUM_HARD,True
train,1177,codechef,MEDIUM_HARD,True
train,1178,codeforces,EASY,True
train,1179,codechef,UNKNOWN_DIFFICULTY,True
train,1181,aizu,UNKNOWN_DIFFICULTY,False
train,1182,codechef,EASY,True
train,1183,atcoder,UNKNOWN_DIFFICULTY,False
train,1184,hackerearth,EASY,False
train,1187,codewars,EASY,True
train,1189,leetcode,MEDIUM,True
train,1190,codechef,UNKNOWN_DIFFICULTY,True
train,1191,codechef,VERY_HARD,True
train,1193,atcoder,EASY,True
train,1194,geeksforgeeks,MEDIUM_HARD,True
train,1195,codeforces,HARD,True
train,1196,codewars,EASY,True
train,1197,leetcode,MEDIUM_HARD,True
train,1199,codeforces,MEDIUM_HARD,True
train,1200,codeforces,HARD,True
train,1204,codeforces,MEDIUM_HARD,True
train,1205,codeforces,EASY,True
train,1208,geeksforgeeks,MEDIUM_HARD,True
train,1209,codechef,UNKNOWN_DIFFICULTY,True
train,1211,codechef,HARD,True
train,1212,aizu,UNKNOWN_DIFFICULTY,False
train,1213,codechef,MEDIUM,True
train,1215,codewars,EASY,True
train,1216,codeforces,MEDIUM_HARD,True
train,1217,codeforces,EASY,True
train,1222,codeforces,MEDIUM_HARD,True
train,1224,hackerearth,EASY,False
train,1225,codeforces,HARD,True
train,1227,geeksforgeeks,EASY,True
train,1228,codechef,UNKNOWN_DIFFICULTY,True
train,1229,hackerearth,UNKNOWN_DIFFICULTY,False
train,1230,atcoder,UNKNOWN_DIFFICULTY,False
train,1233,hackerearth,EASY,False
train,1240,geeksforgeeks,EASY,True
train,1241,codewars,EASY,True
train,1242,hackerearth,UNKNOWN_DIFFICULTY,False
train,1243,codechef,MEDIUM_HARD,True
train,1244,codeforces,MEDIUM_HARD,True
train,1245,aizu,UNKNOWN_DIFFICULTY,False
train,1246,codewars,EASY,True
train,1248,codeforces,VERY_HARD,True
train,1250,codewars,EASY,True
train,1251,codechef,UNKNOWN_DIFFICULTY,True
train,1252,hackerearth,MEDIUM,False
train,1254,codeforces,MEDIUM,True
train,1255,codechef,UNKNOWN_DIFFICULTY,True
train,1257,aizu,UNKNOWN_DIFFICULTY,False
train,1260,aizu,UNKNOWN_DIFFICULTY,False
train,1261,codeforces,MEDIUM,True
train,1262,codeforces,EASY,True
train,1263,codechef,MEDIUM_HARD,True
train,1265,codeforces,HARD,True
train,1266,aizu,UNKNOWN_DIFFICULTY,False
train,1267,geeksforgeeks,MEDIUM,True
train,1268,aizu,UNKNOWN_DIFFICULTY,False
train,1270,codeforces,EASY,True
train,1271,codeforces,MEDIUM,True
train,1272,codeforces,MEDIUM_HARD,True
train,1273,codeforces,HARD,True
train,1275,codeforces,MEDIUM_HARD,True
train,1276,codechef,UNKNOWN_DIFFICULTY,True
train,1277,codeforces,HARD,True
train,1278,codeforces,MEDIUM_HARD,True
train,1280,aizu,UNKNOWN_DIFFICULTY,False
train,1281,geeksforgeeks,MEDIUM,True
train,1282,codeforces,MEDIUM_HARD,True
train,1284,hackerearth,EASY,False
train,1285,codechef,MEDIUM_HARD,True
train,1286,codechef,MEDIUM_HARD,True
train,1289,codewars,EASY,True
train,1290,codeforces,VERY_HARD,True
train,1291,codechef,MEDIUM,True
train,1292,codeforces,MEDIUM_HARD,True
train,1293,codewars,EASY,True
train,1294,codeforces,MEDIUM,True
train,1295,atcoder,MEDIUM_HARD,True
train,1296,codeforces,EASY,True
train,1297,geeksforgeeks,MEDIUM,True
train,1298,codeforces,MEDIUM_HARD,True
train,1299,codechef,UNKNOWN_DIFFICULTY,True
train,1302,codechef,HARD,True
train,1303,geeksforgeeks,EASY,True
train,1304,codeforces,MEDIUM_HARD,True
train,1306,geeksforgeeks,EASY,True
train,1307,atcoder,MEDIUM,True
train,1308,aizu,UNKNOWN_DIFFICULTY,False
train,1309,geeksforgeeks,EASY,True
train,1310,geeksforgeeks,MEDIUM,True
train,1311,aizu,UNKNOWN_DIFFICULTY,False
train,1313,codeforces,EASY,True
train,1314,codechef,EASY,True
train,1315,codeforces,EASY,True
train,1317,atcoder,UNKNOWN_DIFFICULTY,False
train,1318,codeforces,EASY,True
train,1321,codeforces,HARD,True
train,1322,codechef,EASY,True
train,1324,codewars,EASY,True
train,1327,codeforces,HARD,True
train,1328,geeksforgeeks,EASY,True
train,1329,hackerearth,MEDIUM,False
train,1330,codeforces,EASY,True
train,1332,codechef,MEDIUM_HARD,True
train,1335,codeforces,MEDIUM_HARD,True
train,1336,codewars,EASY,True
train,1337,codewars,EASY,True
train,1338,geeksforgeeks,EASY,True
train,1340,codeforces,EASY,True
train,1341,codechef,EASY,True
train,1343,codeforces,MEDIUM_HARD,True
train,1344,aizu,UNKNOWN_DIFFICULTY,False
train,1345,codewars,EASY,True
train,1353,codeforces,VERY_HARD,True
train,1355,codechef,HARD,True
train,1356,geeksforgeeks,EASY,True
train,1359,codewars,EASY,True
train,1360,atcoder,VERY_HARD,True
train,1362,codewars,EASY,True
train,1363,geeksforgeeks,EASY,True
train,1364,atcoder,EASY,True
train,1365,aizu,UNKNOWN_DIFFICULTY,False
train,1366,codechef,EASY,True
train,1367,hackerearth,UNKNOWN_DIFFICULTY,False
train,1370,codeforces,EASY,True
train,1372,codeforces,VERY_HARD,True
train,1373,geeksforgeeks,EASY,True
train,1374,geeksforgeeks,MEDIUM,True
train,1375,codeforces,EASY,True
train,1380,geeksforgeeks,EASY,True
train,1381,hackerearth,EASY,False
train,1382,codechef,HARD,True
train,1384,leetcode,MEDIUM_HARD,True
train,1385,codewars,EASY,True
train,1388,leetcode,MEDIUM,True
train,1393,codechef,MEDIUM,True
train,1394,hackerearth,HARD,False
train,1395,geeksforgeeks,EASY,True
train,1396,codeforces,EASY,True
train,1397,geeksforgeeks,MEDIUM,True
train,1398,codeforces,EASY,True
train,1400,geeksforgeeks,MEDIUM,True
train,1401,codeforces,VERY_HARD,True
train,1402,codechef,EASY,True
train,1404,codechef,EASY,True
train,1405,codeforces,HARD,True
train,1407,codewars,EASY,True
train,1409,codeforces,EASY,True
train,1413,aizu,UNKNOWN_DIFFICULTY,False
train,1415,hackerearth,UNKNOWN_DIFFICULTY,False
train,1416,atcoder,MEDIUM,True
train,1418,codechef,UNKNOWN_DIFFICULTY,True
train,1419,geeksforgeeks,EASY,True
train,1421,hackerearth,UNKNOWN_DIFFICULTY,False
train,1425,codechef,MEDIUM,True
train,1426,codeforces,MEDIUM,True
train,1430,codeforces,MEDIUM,True
train,1433,atcoder,UNKNOWN_DIFFICULTY,False
train,1434,hackerearth,EASY,False
train,1436,aizu,UNKNOWN_DIFFICULTY,False
train,1437,codechef,EASY,True
train,1438,aizu,UNKNOWN_DIFFICULTY,False
train,1439,geeksforgeeks,EASY,True
train,1442,codeforces,EASY,True
train,1443,codechef,HARD,True
train,1444,codeforces,MEDIUM,True
train,1445,codechef,EASY,True
train,1446,codeforces,HARD,True
train,1447,codeforces,EASY,True
train,1448,geeksforgeeks,EASY,True
train,1449,codeforces,EASY,True
train,1450,atcoder,UNKNOWN_DIFFICULTY,False
train,1451,codechef,EASY,True
train,1452,hackerearth,EASY,False
train,1453,codechef,UNKNOWN_DIFFICULTY,True
train,1454,leetcode,MEDIUM_HARD,True
train,1455,aizu,UNKNOWN_DIFFICULTY,False
train,1457,codewars,EASY,True
train,1458,aizu,UNKNOWN_DIFFICULTY,False
train,1459,aizu,UNKNOWN_DIFFICULTY,False
train,1461,hackerearth,MEDIUM,False
train,1462,codechef,UNKNOWN_DIFFICULTY,True
train,1463,geeksforgeeks,EASY,True
train,1464,hackerearth,EASY,False
train,1465,codeforces,MEDIUM,True
train,1468,aizu,UNKNOWN_DIFFICULTY,False
train,1470,codeforces,MEDIUM,True
train,1471,codechef,EASY,True
train,1473,geeksforgeeks,EASY,True
train,1474,codeforces,MEDIUM_HARD,True
train,1475,codeforces,HARD,True
train,1476,geeksforgeeks,EASY,True
train,1477,codeforces,MEDIUM_HARD,True
train,1479,geeksforgeeks,MEDIUM,True
train,1480,geeksforgeeks,MEDIUM_HARD,True
train,1482,codewars,EASY,True
train,1484,hackerearth,EASY,False
train,1486,geeksforgeeks,EASY,True
train,1488,codechef,EASY,True
train,1490,leetcode,EASY,True
train,1492,geeksforgeeks,EASY,True
train,1495,codechef,VERY_HARD,True
train,1497,codechef,EASY,True
train,1498,codeforces,HARD,True
train,1499,geeksforgeeks,MEDIUM,True
train,1501,codeforces,EASY,True
train,1502,codewars,EASY,True
train,1503,codeforces,MEDIUM_HARD,True
train,1504,codeforces,HARD,True
train,1505,codechef,VERY_HARD,True
train,1506,codechef,MEDIUM,True
train,1507,aizu,UNKNOWN_DIFFICULTY,False
train,1508,codewars,EASY,True
train,1509,hackerearth,EASY,False
train,1510,atcoder,EASY,True
train,1511,geeksforgeeks,EASY,True
train,1512,codeforces,MEDIUM_HARD,True
train,1515,codeforces,EASY,True
train,1516,aizu,UNKNOWN_DIFFICULTY,False
train,1518,codeforces,MEDIUM_HARD,True
train,1519,codeforces,HARD,True
train,1521,geeksforgeeks,EASY,True
train,1522,atcoder,UNKNOWN_DIFFICULTY,False
train,1523,codeforces,HARD,True
train,1524,codewars,EASY,True
train,1526,atcoder,MEDIUM,True
train,1527,aizu,UNKNOWN_DIFFICULTY,False
train,1528,hackerearth,EASY,False
train,1531,aizu,UNKNOWN_DIFFICULTY,False
train,1534,codewars,EASY,True
train,1535,codechef,VERY_HARD,True
train,1537,codeforces,EASY,True
train,1538,codechef,EASY,True
train,1539,geeksforgeeks,EASY,True
train,1540,geeksforgeeks,EASY,True
train,1541,codewars,EASY,True
train,1542,codeforces,MEDIUM_HARD,True
train,1543,hackerearth,EASY,False
train,1544,codeforces,MEDIUM_HARD,True
train,1545,codeforces,HARD,True
train,1547,geeksforgeeks,EASY,True
train,1548,geeksforgeeks,EASY,True
train,1550,codeforces,MEDIUM_HARD,True
train,1554,codeforces,EASY,True
train,1555,codeforces,MEDIUM_HARD,True
train,1556,codechef,MEDIUM_HARD,True
train,1557,codewars,EASY,True
train,1558,codeforces,HARD,True
train,1559,codeforces,EASY,True
train,1560,codewars,EASY,True
train,1565,codeforces,EASY,True
train,1566,codechef,VERY_HARD,True
train,1567,atcoder,VERY_HARD,True
train,1569,codeforces,EASY,True
train,1570,codeforces,EASY,True
train,1572,hackerearth,UNKNOWN_DIFFICULTY,False
train,1573,codechef,HARD,True
train,1574,codeforces,MEDIUM_HARD,True
train,1576,codechef,EASY,True
train,1577,codechef,MEDIUM_HARD,True
train,1578,codeforces,HARD,True
train,1579,codeforces,EASY,True
train,1580,geeksforgeeks,EASY,True
train,1581,codeforces,HARD,True
train,1583,codechef,MEDIUM_HARD,True
train,1584,codewars,EASY,True
train,1585,codewars,EASY,True
train,1587,codeforces,MEDIUM,True
train,1589,geeksforgeeks,EASY,True
train,1590,codewars,EASY,True
train,1591,atcoder,UNKNOWN_DIFFICULTY,False
train,1592,atcoder,EASY,True
train,1593,codeforces,MEDIUM_HARD,True
train,1595,geeksforgeeks,EASY,True
train,1596,codechef,MEDIUM_HARD,True
train,1597,aizu,UNKNOWN_DIFFICULTY,False
train,1598,codewars,EASY,True
train,1599,hackerearth,MEDIUM,False
train,1600,codechef,VERY_HARD,True
train,1601,geeksforgeeks,EASY,True
train,1602,codechef,MEDIUM,True
train,1603,codewars,EASY,True
train,1604,geeksforgeeks,EASY,True
train,1605,geeksforgeeks,EASY,True
train,1607,codewars,EASY,True
train,1608,codeforces,HARD,True
train,1609,codewars,EASY,True
train,1611,hackerearth,EASY,False
train,1612,codeforces,MEDIUM_HARD,True
train,1613,codechef,EASY,True
train,1614,hackerearth,EASY,False
train,1617,codeforces,MEDIUM,True
train,1618,codeforces,MEDIUM_HARD,True
train,1619,atcoder,EASY,True
train,1620,codechef,EASY,True
train,1621,codewars,EASY,True
train,1622,codechef,UNKNOWN_DIFFICULTY,True
train,1626,codeforces,EASY,True
train,1627,codechef,EASY,True
train,1629,codeforces,MEDIUM_HARD,True
train,1631,codechef,UNKNOWN_DIFFICULTY,True
train,1632,codeforces,MEDIUM,True
train,1633,codeforces,EASY,True
train,1634,geeksforgeeks,EASY,True
train,1635,codeforces,EASY,True
train,1636,codeforces,VERY_HARD,True
train,1638,codeforces,EASY,True
train,1639,geeksforgeeks,MEDIUM,True
train,1640,codeforces,MEDIUM,True
train,1641,leetcode,MEDIUM,True
train,1644,codechef,EASY,True
train,1645,hackerearth,EASY,False
train,1646,codeforces,MEDIUM,True
train,1647,codeforces,EASY,True
train,1648,codeforces,MEDIUM_HARD,True
train,1651,aizu,UNKNOWN_DIFFICULTY,False
train,1652,codewars,EASY,True
train,1653,codeforces,MEDIUM,True
train,1654,codechef,UNKNOWN_DIFFICULTY,True
train,1655,geeksforgeeks,EASY,True
train,1656,codechef,UNKNOWN_DIFFICULTY,True
train,1657,geeksforgeeks,MEDIUM,True
train,1658,codeforces,HARD,True
train,1659,codeforces,MEDIUM_HARD,True
train,1660,hackerearth,UNKNOWN_DIFFICULTY,False
train,1661,codeforces,MEDIUM,True
train,1662,geeksforgeeks,EASY,True
train,1663,geeksforgeeks,EASY,True
train,1665,codewars,EASY,True
train,1667,aizu,UNKNOWN_DIFFICULTY,False
train,1668,codechef,UNKNOWN_DIFFICULTY,True
train,1670,atcoder,MEDIUM_HARD,True
train,1671,codeforces,MEDIUM,True
train,1672,atcoder,UNKNOWN_DIFFICULTY,False
train,1673,codewars,EASY,True
train,1675,codeforces,EASY,True
train,1677,hackerearth,UNKNOWN_DIFFICULTY,False
train,1678,codeforces,MEDIUM_HARD,True
train,1679,codechef,EASY,True
train,1680,codeforces,MEDIUM,True
train,1682,atcoder,MEDIUM,True
train,1683,geeksforgeeks,EASY,True
train,1684,codeforces,EASY,True
train,1685,codewars,EASY,True
train,1687,codechef,VERY_HARD,True
train,1688,hackerearth,UNKNOWN_DIFFICULTY,False
train,1690,geeksforgeeks,MEDIUM_HARD,True
train,1692,atcoder,EASY,True
train,1693,geeksforgeeks,EASY,True
train,1694,aizu,UNKNOWN_DIFFICULTY,False
train,1698,codeforces,HARD,True
train,1699,geeksforgeeks,EASY,True
train,1700,geeksforgeeks,MEDIUM_HARD,True
train,1701,geeksforgeeks,EASY,True
train,1702,codeforces,EASY,True
train,1703,geeksforgeeks,MEDIUM,True
train,1704,codeforces,MEDIUM_HARD,True
train,1705,codewars,EASY,True
train,1706,codeforces,MEDIUM_HARD,True
train,1707,codewars,EASY,True
train,1708,codeforces,EASY,True
train,1709,codeforces,MEDIUM,True
train,1711,atcoder,EASY,True
train,1714,codechef,HARD,True
train,1715,codeforces,EASY,True
train,1716,codeforces,EASY,True
train,1718,geeksforgeeks,EASY,True
train,1720,geeksforgeeks,MEDIUM,True
train,1721,codewars,EASY,True
train,1722,codewars,EASY,True
train,1723,geeksforgeeks,EASY,True
train,1724,codeforces,HARD,True
train,1725,codeforces,HARD,True
train,1726,codeforces,EASY,True
train,1728,codeforces,EASY,True
train,1729,aizu,UNKNOWN_DIFFICULTY,False
train,1730,geeksforgeeks,MEDIUM,True
train,1733,codechef,VERY_HARD,True
train,1735,codeforces,EASY,True
train,1736,codechef,EASY,True
train,1737,atcoder,UNKNOWN_DIFFICULTY,False
train,1738,atcoder,EASY,True
train,1739,geeksforgeeks,MEDIUM,True
train,1740,codechef,EASY,True
train,1741,geeksforgeeks,EASY,True
train,1742,hackerearth,EASY,False
train,1743,codewars,EASY,True
train,1744,atcoder,MEDIUM,True
train,1745,hackerearth,UNKNOWN_DIFFICULTY,False
train,1746,codechef,MEDIUM_HARD,True
train,1747,aizu,UNKNOWN_DIFFICULTY,False
train,1748,codeforces,VERY_HARD,True
train,1749,geeksforgeeks,EASY,True
train,1750,hackerearth,UNKNOWN_DIFFICULTY,False
train,1751,codechef,MEDIUM_HARD,True
train,1753,codewars,EASY,True
train,1756,geeksforgeeks,MEDIUM,True
train,1757,codechef,EASY,True
train,1759,hackerearth,UNKNOWN_DIFFICULTY,False
train,1761,codewars,EASY,True
train,1764,codeforces,VERY_HARD,True
train,1766,codewars,EASY,True
train,1768,codeforces,EASY,True
train,1770,codechef,UNKNOWN_DIFFICULTY,True
train,1771,aizu,UNKNOWN_DIFFICULTY,False
train,1772,codeforces,MEDIUM_HARD,True
train,1773,aizu,UNKNOWN_DIFFICULTY,False
train,1774,codeforces,HARD,True
train,1775,codewars,EASY,True
train,1776,codechef,VERY_HARD,True
train,1778,codeforces,MEDIUM_HARD,True
train,1780,geeksforgeeks,MEDIUM,True
train,1781,codechef,MEDIUM,True
train,1783,geeksforgeeks,MEDIUM,True
train,1784,codeforces,MEDIUM,True
train,1786,codeforces,HARD,True
train,1787,codewars,EASY,True
train,1788,atcoder,MEDIUM_HARD,True
train,1789,hackerearth,UNKNOWN_DIFFICULTY,False
train,1790,codechef,EASY,True
train,1791,leetcode,EASY,True
train,1792,aizu,UNKNOWN_DIFFICULTY,False
train,1793,codeforces,MEDIUM,True
train,1794,geeksforgeeks,MEDIUM,True
train,1795,codechef,EASY,True
train,1797,hackerearth,MEDIUM,False
train,1798,codewars,EASY,True
train,1799,codeforces,MEDIUM_HARD,True
train,1800,codechef,HARD,True
train,1802,codeforces,HARD,True
train,1803,codeforces,MEDIUM,True
train,1804,codewars,EASY,True
train,1805,geeksforgeeks,EASY,True
train,1806,codeforces,MEDIUM_HARD,True
train,1810,atcoder,UNKNOWN_DIFFICULTY,False
train,1812,codechef,VERY_HARD,True
train,1814,codechef,HARD,True
train,1815,codechef,MEDIUM_HARD,True
train,1816,geeksforgeeks,MEDIUM,True
train,1817,codeforces,MEDIUM,True
train,1818,codeforces,HARD,True
train,1819,codewars,EASY,True
train,1820,codeforces,EASY,True
train,1821,geeksforgeeks,EASY,True
train,1823,codechef,HARD,True
train,1825,hackerearth,UNKNOWN_DIFFICULTY,False
train,1828,codechef,EASY,True
train,1830,leetcode,MEDIUM,True
train,1831,hackerearth,EASY,False
train,1832,codechef,VERY_HARD,True
train,1833,codeforces,HARD,True
train,1834,leetcode,MEDIUM,True
train,1835,codechef,UNKNOWN_DIFFICULTY,True
train,1836,codewars,EASY,True
train,1837,hackerearth,EASY,False
train,1838,codechef,VERY_HARD,True
train,1839,codeforces,EASY,True
train,1841,codeforces,HARD,True
train,1844,atcoder,UNKNOWN_DIFFICULTY,False
train,1846,codewars,EASY,True
train,1847,codechef,UNKNOWN_DIFFICULTY,True
train,1848,geeksforgeeks,EASY,True
train,1850,codeforces,MEDIUM_HARD,True
train,1851,atcoder,UNKNOWN_DIFFICULTY,False
train,1852,codewars,EASY,True
train,1853,atcoder,MEDIUM,True
train,1856,codeforces,EASY,True
train,1857,codechef,UNKNOWN_DIFFICULTY,True
train,1860,geeksforgeeks,MEDIUM,True
train,1861,leetcode,EASY,True
train,1862,leetcode,MEDIUM_HARD,True
train,1863,codeforces,EASY,True
train,1865,codeforces,HARD,True
train,1867,geeksforgeeks,MEDIUM,True
train,1868,codechef,EASY,True
train,1869,codeforces,VERY_HARD,True
train,1870,codeforces,MEDIUM,True
train,1871,codewars,EASY,True
train,1873,codechef,UNKNOWN_DIFFICULTY,True
train,1874,codeforces,EASY,True
train,1875,geeksforgeeks,MEDIUM,True
train,1876,codechef,EASY,True
train,1877,codeforces,MEDIUM_HARD,True
train,1879,leetcode,MEDIUM_HARD,True
train,1880,atcoder,UNKNOWN_DIFFICULTY,False
train,1881,codechef,MEDIUM_HARD,True
train,1883,codeforces,HARD,True
train,1884,codeforces,HARD,True
train,1885,codechef,EASY,True
train,1886,codeforces,HARD,True
train,1887,codechef,EASY,True
train,1888,codewars,EASY,True
train,1889,codeforces,VERY_HARD,True
train,1890,codeforces,HARD,True
train,1891,codeforces,HARD,True
train,1892,codewars,EASY,True
train,1893,aizu,UNKNOWN_DIFFICULTY,False
train,1894,codewars,EASY,True
train,1895,codechef,UNKNOWN_DIFFICULTY,True
train,1896,codechef,EASY,True
train,1898,atcoder,UNKNOWN_DIFFICULTY,False
train,1900,codechef,EASY,True
train,1903,codeforces,EASY,True
train,1904,codewars,EASY,True
train,1905,codechef,EASY,True
train,1908,aizu,UNKNOWN_DIFFICULTY,False
train,1909,codewars,EASY,True
train,1910,codeforces,EASY,True
train,1911,geeksforgeeks,EASY,True
train,1913,aizu,UNKNOWN_DIFFICULTY,False
train,1914,atcoder,UNKNOWN_DIFFICULTY,False
train,1915,codeforces,EASY,True
train,1916,codewars,EASY,True
train,1917,geeksforgeeks,EASY,True
train,1918,aizu,UNKNOWN_DIFFICULTY,False
train,1919,codechef,VERY_HARD,True
train,1920,codechef,MEDIUM_HARD,True
train,1921,atcoder,EASY,True
train,1922,aizu,UNKNOWN_DIFFICULTY,False
train,1923,codechef,MEDIUM_HARD,True
train,1924,atcoder,EASY,True
train,1925,codeforces,HARD,True
train,1926,codewars,EASY,True
train,1927,codeforces,MEDIUM_HARD,True
train,1928,codechef,UNKNOWN_DIFFICULTY,True
train,1931,codeforces,HARD,True
train,1933,codewars,EASY,True
train,1934,codeforces,MEDIUM,True
train,1936,codeforces,MEDIUM_HARD,True
train,1937,codechef,VERY_HARD,True
train,1938,hackerearth,UNKNOWN_DIFFICULTY,False
train,1943,codeforces,HARD,True
train,1944,codewars,EASY,True
train,1945,codeforces,EASY,True
train,1947,geeksforgeeks,EASY,True
train,1948,codechef,MEDIUM_HARD,True
train,1950,atcoder,MEDIUM,True
train,1951,atcoder,UNKNOWN_DIFFICULTY,False
train,1952,codeforces,EASY,True
train,1953,codeforces,HARD,True
train,1954,codechef,MEDIUM_HARD,True
train,1956,codeforces,EASY,True
train,1957,codeforces,MEDIUM,True
train,1958,codechef,MEDIUM_HARD,True
train,1959,codeforces,VERY_HARD,True
train,1961,geeksforgeeks,MEDIUM,True
train,1962,codeforces,MEDIUM,True
train,1964,atcoder,HARD,True
train,1965,hackerearth,UNKNOWN_DIFFICULTY,False
train,1966,codechef,UNKNOWN_DIFFICULTY,True
train,1967,hackerearth,EASY,False
train,1968,codewars,EASY,True
train,1969,atcoder,MEDIUM,True
train,1970,aizu,UNKNOWN_DIFFICULTY,False
train,1971,geeksforgeeks,EASY,True
train,1973,codewars,EASY,True
train,1974,codechef,MEDIUM_HARD,True
train,1975,codewars,EASY,True
train,1976,hackerearth,EASY,False
train,1977,codeforces,MEDIUM,True
train,1978,geeksforgeeks,EASY,True
train,1979,codeforces,EASY,True
train,1980,codewars,EASY,True
train,1982,aizu,UNKNOWN_DIFFICULTY,False
train,1983,geeksforgeeks,EASY,True
train,1985,codechef,EASY,True
train,1986,aizu,UNKNOWN_DIFFICULTY,False
train,1989,codeforces,HARD,True
train,1991,codechef,MEDIUM_HARD,True
train,1993,geeksforgeeks,EASY,True
train,1998,aizu,UNKNOWN_DIFFICULTY,False
train,1999,codechef,UNKNOWN_DIFFICULTY,True
train,2000,codechef,EASY,True
train,2001,codechef,UNKNOWN_DIFFICULTY,True
train,2002,codechef,EASY,True
train,2003,geeksforgeeks,EASY,True
train,2005,codeforces,EASY,True
train,2006,atcoder,EASY,True
train,2007,codeforces,EASY,True
train,2009,codechef,VERY_HARD,True
train,2010,hackerearth,EASY,False
train,2011,codeforces,EASY,True
train,2012,codeforces,EASY,True
train,2013,aizu,UNKNOWN_DIFFICULTY,False
train,2014,aizu,UNKNOWN_DIFFICULTY,False
train,2015,geeksforgeeks,MEDIUM,True
train,2016,codewars,EASY,True
train,2017,codewars,EASY,True
train,2018,atcoder,MEDIUM,True
train,2020,hackerearth,EASY,False
train,2021,codechef,MEDIUM,True
train,2022,atcoder,MEDIUM,True
train,2025,codeforces,MEDIUM_HARD,True
train,2027,codeforces,EASY,True
train,2028,codeforces,EASY,True
train,2030,codewars,EASY,True
train,2031,geeksforgeeks,EASY,True
train,2033,codeforces,HARD,True
train,2034,codewars,EASY,True
train,2035,codewars,EASY,True
train,2036,codewars,EASY,True
train,2038,codeforces,HARD,True
train,2039,codechef,EASY,True
train,2040,geeksforgeeks,EASY,True
train,2041,codeforces,HARD,True
train,2044,codeforces,HARD,True
train,2046,codeforces,EASY,True
train,2047,codewars,EASY,True
train,2048,atcoder,UNKNOWN_DIFFICULTY,False
train,2049,codeforces,MEDIUM,True
train,2051,aizu,UNKNOWN_DIFFICULTY,False
train,2052,hackerearth,MEDIUM,False
train,2053,codeforces,VERY_HARD,True
train,2054,codeforces,VERY_HARD,True
train,2055,codewars,EASY,True
train,2056,geeksforgeeks,EASY,True
train,2057,codeforces,EASY,True
train,2058,codeforces,EASY,True
train,2059,atcoder,UNKNOWN_DIFFICULTY,False
train,2060,geeksforgeeks,EASY,True
train,2061,atcoder,UNKNOWN_DIFFICULTY,False
train,2062,codeforces,MEDIUM,True
train,2065,codeforces,MEDIUM,True
train,2066,codeforces,VERY_HARD,True
train,2068,codeforces,EASY,True
train,2069,atcoder,UNKNOWN_DIFFICULTY,False
train,2070,atcoder,UNKNOWN_DIFFICULTY,False
train,2071,geeksforgeeks,EASY,True
train,2072,codeforces,EASY,True
train,2075,hackerearth,UNKNOWN_DIFFICULTY,False
train,2079,codechef,UNKNOWN_DIFFICULTY,True
train,2082,geeksforgeeks,EASY,True
train,2083,codechef,EASY,True
train,2084,hackerearth,EASY,False
train,2085,codeforces,EASY,True
train,2087,codeforces,HARD,True
train,2089,codechef,VERY_HARD,True
train,2090,codechef,MEDIUM_HARD,True
train,2091,geeksforgeeks,MEDIUM,True
train,2092,aizu,UNKNOWN_DIFFICULTY,False
train,2094,codechef,EASY,True
train,2095,geeksforgeeks,EASY,True
train,2096,codechef,UNKNOWN_DIFFICULTY,True
train,2097,hackerearth,EASY,False
train,2098,codeforces,MEDIUM_HARD,True
train,2099,aizu,UNKNOWN_DIFFICULTY,False
train,2101,atcoder,EASY,True
train,2102,codeforces,HARD,True
train,2104,codechef,UNKNOWN_DIFFICULTY,True
train,2106,leetcode,MEDIUM,True
train,2108,leetcode,MEDIUM_HARD,True
train,2109,codewars,EASY,True
train,2111,geeksforgeeks,EASY,True
train,2112,aizu,UNKNOWN_DIFFICULTY,False
train,2113,codewars,EASY,True
train,2115,geeksforgeeks,MEDIUM,True
train,2116,codewars,EASY,True
train,2117,geeksforgeeks,MEDIUM,True
train,2120,codeforces,EASY,True
train,2122,codechef,UNKNOWN_DIFFICULTY,True
train,2124,leetcode,EASY,True
train,2125,codechef,UNKNOWN_DIFFICULTY,True
train,2126,aizu,UNKNOWN_DIFFICULTY,False
train,2127,codechef,MEDIUM,True
train,2129,codewars,EASY,True
train,2130,atcoder,UNKNOWN_DIFFICULTY,False
train,2131,aizu,UNKNOWN_DIFFICULTY,False
train,2132,leetcode,MEDIUM,True
train,2133,geeksforgeeks,EASY,True
train,2134,codeforces,VERY_HARD,True
train,2135,codeforces,HARD,True
train,2136,atcoder,UNKNOWN_DIFFICULTY,False
train,2137,geeksforgeeks,MEDIUM,True
train,2139,codeforces,EASY,True
train,2141,leetcode,EASY,True
train,2143,codechef,MEDIUM_HARD,True
train,2145,codeforces,MEDIUM,True
train,2146,hackerearth,EASY,False
train,2147,codewars,EASY,True
train,2148,codeforces,HARD,True
train,2149,hackerearth,EASY,False
train,2150,codeforces,EASY,True
train,2151,geeksforgeeks,EASY,True
train,2152,codechef,UNKNOWN_DIFFICULTY,True
train,2153,atcoder,MEDIUM,True
train,2154,geeksforgeeks,MEDIUM,True
train,2156,codewars,EASY,True
train,2159,codeforces,MEDIUM_HARD,True
train,2161,geeksforgeeks,EASY,True
train,2162,codewars,EASY,True
train,2163,aizu,UNKNOWN_DIFFICULTY,False
train,2164,codeforces,HARD,True
train,2166,codeforces,EASY,True
train,2167,aizu,UNKNOWN_DIFFICULTY,False
train,2168,geeksforgeeks,EASY,True
train,2169,geeksforgeeks,EASY,True
train,2171,codewars,EASY,True
train,2172,aizu,UNKNOWN_DIFFICULTY,False
train,2173,codechef,EASY,True
train,2174,atcoder,EASY,True
train,2175,codeforces,HARD,True
train,2176,aizu,UNKNOWN_DIFFICULTY,False
train,2177,atcoder,MEDIUM_HARD,True
train,2178,hackerearth,MEDIUM,False
train,2179,codechef,UNKNOWN_DIFFICULTY,True
train,2180,codechef,MEDIUM,True
train,2181,codechef,UNKNOWN_DIFFICULTY,True
train,2183,atcoder,EASY,True
train,2184,aizu,UNKNOWN_DIFFICULTY,False
train,2185,atcoder,UNKNOWN_DIFFICULTY,False
train,2187,codechef,MEDIUM,True
train,2188,codeforces,HARD,True
train,2189,codeforces,MEDIUM_HARD,True
train,2190,codechef,MEDIUM,True
train,2193,leetcode,MEDIUM_HARD,True
train,2194,codeforces,HARD,True
train,2195,aizu,UNKNOWN_DIFFICULTY,False
train,2197,codeforces,VERY_HARD,True
train,2198,codechef,UNKNOWN_DIFFICULTY,True
train,2199,codeforces,MEDIUM,True
train,2200,codechef,VERY_HARD,True
train,2202,geeksforgeeks,EASY,True
train,2203,geeksforgeeks,MEDIUM,True
train,2204,codeforces,VERY_HARD,True
train,2205,codeforces,EASY,True
train,2206,atcoder,UNKNOWN_DIFFICULTY,False
train,2207,geeksforgeeks,MEDIUM,True
train,2209,codewars,EASY,True
train,2212,codechef,UNKNOWN_DIFFICULTY,True
train,2213,codeforces,MEDIUM_HARD,True
train,2214,codeforces,HARD,True
train,2215,codeforces,VERY_HARD,True
train,2219,codewars,EASY,True
train,2221,codeforces,HARD,True
train,2222,codeforces,EASY,True
train,2224,atcoder,MEDIUM,True
train,2225,codeforces,MEDIUM_HARD,True
train,2226,hackerearth,UNKNOWN_DIFFICULTY,False
train,2227,codeforces,MEDIUM_HARD,True
train,2228,aizu,UNKNOWN_DIFFICULTY,False
train,2229,codewars,EASY,True
train,2230,codeforces,EASY,True
train,2231,aizu,UNKNOWN_DIFFICULTY,False
train,2232,aizu,UNKNOWN_DIFFICULTY,False
train,2234,geeksforgeeks,EASY,True
train,2235,codechef,MEDIUM,True
train,2237,aizu,UNKNOWN_DIFFICULTY,False
train,2238,codeforces,MEDIUM_HARD,True
train,2240,codeforces,EASY,True
train,2241,codeforces,HARD,True
train,2242,geeksforgeeks,EASY,True
train,2243,aizu,UNKNOWN_DIFFICULTY,False
train,2244,aizu,UNKNOWN_DIFFICULTY,False
train,2245,codewars,EASY,True
train,2246,codechef,VERY_HARD,True
train,2247,geeksforgeeks,EASY,True
train,2248,codeforces,HARD,True
train,2249,codewars,EASY,True
train,2252,hackerearth,EASY,False
train,2253,aizu,UNKNOWN_DIFFICULTY,False
train,2255,hackerearth,EASY,False
train,2256,aizu,UNKNOWN_DIFFICULTY,False
train,2258,geeksforgeeks,EASY,True
train,2259,codeforces,EASY,True
train,2260,codewars,EASY,True
train,2261,codeforces,MEDIUM_HARD,True
train,2262,codeforces,EASY,True
train,2263,codewars,EASY,True
train,2264,geeksforgeeks,EASY,True
train,2266,codewars,EASY,True
train,2268,codeforces,MEDIUM_HARD,True
train,2270,codeforces,EASY,True
train,2273,codeforces,MEDIUM_HARD,True
train,2275,codechef,MEDIUM_HARD,True
train,2276,codechef,MEDIUM,True
train,2278,codeforces,EASY,True
train,2279,codeforces,MEDIUM,True
train,2280,geeksforgeeks,MEDIUM,True
train,2281,codeforces,EASY,True
train,2283,codeforces,HARD,True
train,2284,codewars,EASY,True
train,2285,hackerearth,EASY,False
train,2286,codewars,EASY,True
train,2287,codeforces,EASY,True
train,2288,codechef,VERY_HARD,True
train,2289,codechef,UNKNOWN_DIFFICULTY,True
train,2290,codewars,EASY,True
train,2291,hackerearth,UNKNOWN_DIFFICULTY,False
train,2292,codeforces,HARD,True
train,2293,geeksforgeeks,MEDIUM,True
train,2296,codeforces,EASY,True
train,2297,codeforces,MEDIUM,True
train,2298,codewars,EASY,True
train,2299,codechef,MEDIUM_HARD,True
train,2300,codeforces,HARD,True
train,2301,codeforces,MEDIUM_HARD,True
train,2302,geeksforgeeks,EASY,True
train,2303,codeforces,EASY,True
train,2304,aizu,UNKNOWN_DIFFICULTY,False
train,2308,aizu,UNKNOWN_DIFFICULTY,False
train,2309,codewars,EASY,True
train,2310,atcoder,UNKNOWN_DIFFICULTY,False
train,2311,codewars,EASY,True
train,2314,atcoder,MEDIUM,True
train,2315,geeksforgeeks,MEDIUM,True
train,2316,aizu,UNKNOWN_DIFFICULTY,False
train,2317,codeforces,EASY,True
train,2319,codeforces,MEDIUM_HARD,True
train,2320,codeforces,EASY,True
train,2321,codeforces,EASY,True
train,2322,codeforces,HARD,True
train,2323,codeforces,HARD,True
train,2324,codeforces,MEDIUM_HARD,True
train,2325,codeforces,EASY,True
train,2326,leetcode,EASY,True
train,2327,geeksforgeeks,MEDIUM,True
train,2330,hackerearth,UNKNOWN_DIFFICULTY,False
train,2331,atcoder,HARD,True
train,2332,hackerearth,EASY,False
train,2333,hackerearth,UNKNOWN_DIFFICULTY,False
train,2334,codeforces,MEDIUM,True
train,2335,aizu,UNKNOWN_DIFFICULTY,False
train,2337,codeforces,HARD,True
train,2340,codeforces,HARD,True
train,2341,codewars,EASY,True
train,2342,leetcode,MEDIUM,True
train,2343,atcoder,MEDIUM_HARD,True
train,2344,codewars,EASY,True
train,2346,codeforces,HARD,True
train,2347,codechef,UNKNOWN_DIFFICULTY,True
train,2348,codewars,EASY,True
train,2351,codewars,EASY,True
train,2352,codechef,UNKNOWN_DIFFICULTY,True
train,2353,geeksforgeeks,EASY,True
train,2354,codeforces,EASY,True
train,2355,geeksforgeeks,EASY,True
train,2356,codechef,EASY,True
train,2358,codeforces,MEDIUM,True
train,2359,codeforces,EASY,True
train,2360,codechef,EASY,True
train,2363,leetcode,MEDIUM_HARD,True
train,2364,codewars,EASY,True
train,2366,codechef,EASY,True
train,2368,codeforces,MEDIUM_HARD,True
train,2369,geeksforgeeks,MEDIUM,True
train,2372,codeforces,VERY_HARD,True
train,2373,codeforces,EASY,True
train,2374,geeksforgeeks,MEDIUM,True
train,2375,codewars,EASY,True
train,2376,geeksforgeeks,EASY,True
train,2377,geeksforgeeks,EASY,True
train,2378,codewars,EASY,True
train,2379,codeforces,MEDIUM_HARD,True
train,2380,codeforces,HARD,True
train,2383,aizu,UNKNOWN_DIFFICULTY,False
train,2385,codeforces,EASY,True
train,2386,codechef,HARD,True
train,2387,codeforces,HARD,True
train,2388,codechef,UNKNOWN_DIFFICULTY,True
train,2390,codeforces,HARD,True
train,2392,aizu,UNKNOWN_DIFFICULTY,False
train,2394,codeforces,EASY,True
train,2395,aizu,UNKNOWN_DIFFICULTY,False
train,2397,codewars,EASY,True
train,2399,codewars,EASY,True
train,2401,leetcode,EASY,True
train,2403,codeforces,EASY,True
train,2404,leetcode,MEDIUM_HARD,True
train,2405,codechef,MEDIUM_HARD,True
train,2406,leetcode,EASY,True
train,2407,codeforces,MEDIUM_HARD,True
train,2408,aizu,UNKNOWN_DIFFICULTY,False
train,2409,codeforces,EASY,True
train,2410,codeforces,MEDIUM_HARD,True
train,2411,codeforces,MEDIUM_HARD,True
train,2415,hackerearth,HARD,False
train,2416,codeforces,HARD,True
train,2417,codewars,EASY,True
train,2420,geeksforgeeks,EASY,True
train,2422,codeforces,EASY,True
train,2423,aizu,UNKNOWN_DIFFICULTY,False
train,2424,codeforces,MEDIUM,True
train,2425,hackerearth,UNKNOWN_DIFFICULTY,False
train,2426,codeforces,EASY,True
train,2427,codeforces,HARD,True
train,2428,codewars,EASY,True
train,2430,codeforces,HARD,True
train,2433,codeforces,HARD,True
train,2434,codewars,EASY,True
train,2435,atcoder,EASY,True
train,2436,codewars,EASY,True
train,2437,codewars,EASY,True
train,2438,codeforces,HARD,True
train,2439,codewars,EASY,True
train,2440,hackerearth,MEDIUM,False
train,2443,codechef,EASY,True
train,2444,hackerearth,EASY,False
train,2445,geeksforgeeks,EASY,True
train,2447,codeforces,MEDIUM,True
train,2450,codechef,HARD,True
train,2451,codechef,UNKNOWN_DIFFICULTY,True
train,2452,codeforces,MEDIUM,True
train,2454,codeforces,EASY,True
train,2455,geeksforgeeks,EASY,True
train,2457,codeforces,EASY,True
train,2458,codewars,EASY,True
train,2459,codeforces,EASY,True
train,2460,leetcode,EASY,True
train,2461,hackerearth,EASY,False
train,2463,aizu,UNKNOWN_DIFFICULTY,False
train,2466,codeforces,HARD,True
train,2467,geeksforgeeks,EASY,True
train,2468,codeforces,EASY,True
train,2469,codewars,EASY,True
train,2471,atcoder,UNKNOWN_DIFFICULTY,False
train,2472,codeforces,EASY,True
train,2473,aizu,UNKNOWN_DIFFICULTY,False
train,2476,codeforces,MEDIUM_HARD,True
train,2477,codewars,EASY,True
train,2480,atcoder,MEDIUM_HARD,True
train,2481,codeforces,HARD,True
train,2482,geeksforgeeks,MEDIUM_HARD,True
train,2483,aizu,UNKNOWN_DIFFICULTY,False
train,2484,geeksforgeeks,EASY,True
train,2487,atcoder,EASY,True
train,2488,codeforces,MEDIUM,True
train,2490,codechef,MEDIUM_HARD,True
train,2491,codeforces,MEDIUM,True
train,2492,codeforces,EASY,True
train,2495,hackerearth,UNKNOWN_DIFFICULTY,False
train,2496,codeforces,MEDIUM,True
train,2497,codewars,EASY,True
train,2498,hackerearth,EASY,False
train,2499,codechef,UNKNOWN_DIFFICULTY,True
train,2500,codeforces,VERY_HARD,True
train,2501,atcoder,EASY,True
train,2504,codeforces,HARD,True
train,2505,codeforces,HARD,True
train,2506,codeforces,EASY,True
train,2507,codewars,EASY,True
train,2510,codeforces,MEDIUM,True
train,2513,geeksforgeeks,MEDIUM,True
train,2515,atcoder,UNKNOWN_DIFFICULTY,False
train,2516,codeforces,VERY_HARD,True
train,2517,codeforces,MEDIUM_HARD,True
train,2518,codeforces,EASY,True
train,2519,aizu,UNKNOWN_DIFFICULTY,False
train,2520,atcoder,EASY,True
train,2521,geeksforgeeks,EASY,True
train,2524,geeksforgeeks,EASY,True
train,2527,codechef,MEDIUM_HARD,True
train,2529,geeksforgeeks,EASY,True
train,2531,codechef,MEDIUM,True
train,2532,atcoder,UNKNOWN_DIFFICULTY,False
train,2534,codeforces,MEDIUM,True
train,2535,geeksforgeeks,EASY,True
train,2537,codewars,EASY,True
train,2538,codeforces,EASY,True
train,2539,codewars,EASY,True
train,2543,codechef,EASY,True
train,2544,geeksforgeeks,EASY,True
train,2545,hackerearth,MEDIUM,False
train,2546,atcoder,EASY,True
train,2547,codeforces,MEDIUM,True
train,2548,codeforces,MEDIUM_HARD,True
train,2550,codechef,MEDIUM_HARD,True
train,2553,hackerearth,MEDIUM,False
train,2554,codewars,EASY,True
train,2556,codeforces,EASY,True
train,2558,codeforces,HARD,True
train,2559,leetcode,MEDIUM,True
train,2561,codechef,EASY,True
train,2562,codeforces,MEDIUM_HARD,True
train,2563,codeforces,HARD,True
train,2565,codewars,EASY,True
train,2566,codechef,HARD,True
train,2568,codewars,EASY,True
train,2569,leetcode,MEDIUM,True
train,2571,codeforces,HARD,True
train,2573,geeksforgeeks,EASY,True
train,2575,leetcode,MEDIUM,True
train,2576,codeforces,HARD,True
train,2578,hackerearth,UNKNOWN_DIFFICULTY,False
train,2581,codewars,EASY,True
train,2585,codeforces,EASY,True
train,2586,aizu,UNKNOWN_DIFFICULTY,False
train,2587,aizu,UNKNOWN_DIFFICULTY,False
train,2588,leetcode,EASY,True
train,2590,codechef,EASY,True
train,2591,codechef,EASY,True
train,2593,codechef,MEDIUM_HARD,True
train,2594,codewars,EASY,True
train,2597,codeforces,HARD,True
train,2598,geeksforgeeks,EASY,True
train,2599,aizu,UNKNOWN_DIFFICULTY,False
train,2603,codeforces,EASY,True
train,2604,codewars,EASY,True
train,2605,aizu,UNKNOWN_DIFFICULTY,False
train,2606,leetcode,EASY,True
train,2608,atcoder,UNKNOWN_DIFFICULTY,False
train,2609,atcoder,UNKNOWN_DIFFICULTY,False
train,2611,hackerearth,EASY,False
train,2613,geeksforgeeks,EASY,True
train,2614,codeforces,VERY_HARD,True
train,2618,codewars,EASY,True
train,2619,codechef,VERY_HARD,True
train,2620,codeforces,MEDIUM_HARD,True
train,2621,codeforces,EASY,True
train,2624,codeforces,HARD,True
train,2625,hackerearth,MEDIUM,False
train,2626,atcoder,EASY,True
train,2627,leetcode,MEDIUM,True
train,2628,geeksforgeeks,EASY,True
train,2629,codewars,EASY,True
train,2630,codechef,UNKNOWN_DIFFICULTY,True
train,2632,codewars,EASY,True
train,2634,hackerearth,UNKNOWN_DIFFICULTY,False
train,2635,codeforces,EASY,True
train,2637,codeforces,EASY,True
train,2638,codewars,EASY,True
train,2639,codeforces,MEDIUM_HARD,True
train,2640,aizu,UNKNOWN_DIFFICULTY,False
train,2641,codewars,EASY,True
train,2643,codeforces,VERY_HARD,True
train,2644,codeforces,MEDIUM_HARD,True
train,2646,codechef,VERY_HARD,True
train,2648,atcoder,MEDIUM_HARD,True
train,2649,codechef,EASY,True
train,2652,codeforces,EASY,True
train,2653,codechef,EASY,True
train,2654,codeforces,HARD,True
train,2656,aizu,UNKNOWN_DIFFICULTY,False
train,2657,aizu,UNKNOWN_DIFFICULTY,False
train,2662,hackerearth,UNKNOWN_DIFFICULTY,False
train,2663,geeksforgeeks,EASY,True
train,2665,geeksforgeeks,EASY,True
train,2666,codeforces,HARD,True
train,2667,geeksforgeeks,EASY,True
train,2668,atcoder,UNKNOWN_DIFFICULTY,False
train,2670,codeforces,HARD,True
train,2671,geeksforgeeks,MEDIUM_HARD,True
train,2673,codechef,EASY,True
train,2675,codeforces,EASY,True
train,2679,codeforces,MEDIUM_HARD,True
train,2680,leetcode,MEDIUM,True
train,2681,codechef,MEDIUM_HARD,True
train,2682,codeforces,HARD,True
train,2683,codechef,HARD,True
train,2684,codechef,UNKNOWN_DIFFICULTY,True
train,2686,codeforces,HARD,True
train,2687,codechef,MEDIUM_HARD,True
train,2689,codewars,EASY,True
train,2690,geeksforgeeks,EASY,True
train,2693,codewars,EASY,True
train,2694,geeksforgeeks,MEDIUM,True
train,2696,codechef,UNKNOWN_DIFFICULTY,True
train,2698,codechef,EASY,True
train,2699,aizu,UNKNOWN_DIFFICULTY,False
train,2700,geeksforgeeks,EASY,True
train,2701,codechef,EASY,True
train,2702,leetcode,MEDIUM_HARD,True
train,2704,geeksforgeeks,EASY,True
train,2705,codeforces,HARD,True
train,2707,codewars,EASY,True
train,2708,codewars,EASY,True
train,2709,codechef,MEDIUM_HARD,True
train,2710,atcoder,EASY,True
train,2711,codeforces,MEDIUM_HARD,True
train,2712,codechef,HARD,True
train,2713,codeforces,EASY,True
train,2714,codeforces,HARD,True
train,2715,codechef,UNKNOWN_DIFFICULTY,True
train,2716,geeksforgeeks,EASY,True
train,2717,codeforces,EASY,True
train,2720,codeforces,HARD,True
train,2721,geeksforgeeks,MEDIUM_HARD,True
train,2724,hackerearth,UNKNOWN_DIFFICULTY,False
train,2725,codewars,EASY,True
train,2726,codeforces,MEDIUM_HARD,True
train,2729,codechef,UNKNOWN_DIFFICULTY,True
train,2731,atcoder,UNKNOWN_DIFFICULTY,False
train,2732,codeforces,MEDIUM_HARD,True
train,2734,codechef,VERY_HARD,True
train,2735,geeksforgeeks,MEDIUM,True
train,2736,atcoder,UNKNOWN_DIFFICULTY,False
train,2737,codeforces,HARD,True
train,2739,codeforces,EASY,True
train,2740,codechef,EASY,True
train,2741,codeforces,EASY,True
train,2742,leetcode,EASY,True
train,2743,atcoder,UNKNOWN_DIFFICULTY,False
train,2744,codeforces,MEDIUM_HARD,True
train,2745,codeforces,EASY,True
train,2746,codeforces,MEDIUM_HARD,True
train,2747,hackerearth,UNKNOWN_DIFFICULTY,False
train,2748,codeforces,VERY_HARD,True
train,2749,codeforces,HARD,True
train,2750,codeforces,VERY_HARD,True
train,2752,leetcode,EASY,True
train,2755,codewars,EASY,True
train,2757,codewars,EASY,True
train,2758,codeforces,MEDIUM,True
train,2759,codechef,UNKNOWN_DIFFICULTY,True
train,2760,codeforces,HARD,True
train,2761,aizu,UNKNOWN_DIFFICULTY,False
train,2762,atcoder,UNKNOWN_DIFFICULTY,False
train,2763,codeforces,MEDIUM_HARD,True
train,2764,codewars,EASY,True
train,2765,geeksforgeeks,MEDIUM,True
train,2766,codeforces,MEDIUM,True
train,2767,codewars,EASY,True
train,2769,codeforces,EASY,True
train,2770,codechef,EASY,True
train,2772,codeforces,MEDIUM,True
train,2773,codewars,EASY,True
train,2775,codeforces,MEDIUM_HARD,True
train,2776,aizu,UNKNOWN_DIFFICULTY,False
train,2777,aizu,UNKNOWN_DIFFICULTY,False
train,2780,codewars,EASY,True
train,2781,codeforces,EASY,True
train,2783,geeksforgeeks,MEDIUM,True
train,2784,codeforces,HARD,True
train,2785,codewars,EASY,True
train,2787,aizu,UNKNOWN_DIFFICULTY,False
train,2789,aizu,UNKNOWN_DIFFICULTY,False
train,2790,codewars,EASY,True
train,2791,codechef,EASY,True
train,2792,hackerearth,EASY,False
train,2793,geeksforgeeks,EASY,True
train,2796,geeksforgeeks,MEDIUM,True
train,2797,aizu,UNKNOWN_DIFFICULTY,False
train,2798,codewars,EASY,True
train,2799,codeforces,EASY,True
train,2800,aizu,UNKNOWN_DIFFICULTY,False
train,2801,codewars,EASY,True
train,2803,codeforces,VERY_HARD,True
train,2804,codeforces,HARD,True
train,2806,codeforces,HARD,True
train,2807,hackerearth,UNKNOWN_DIFFICULTY,False
train,2809,geeksforgeeks,EASY,True
train,2810,codeforces,MEDIUM_HARD,True
train,2811,hackerearth,UNKNOWN_DIFFICULTY,False
train,2812,codeforces,HARD,True
train,2813,atcoder,UNKNOWN_DIFFICULTY,False
train,2814,aizu,UNKNOWN_DIFFICULTY,False
train,2816,codechef,HARD,True
train,2817,codechef,VERY_HARD,True
train,2818,geeksforgeeks,MEDIUM,True
train,2819,leetcode,EASY,True
train,2820,hackerearth,UNKNOWN_DIFFICULTY,False
train,2821,codewars,EASY,True
train,2822,codewars,EASY,True
train,2823,codeforces,HARD,True
train,2824,codewars,EASY,True
train,2825,geeksforgeeks,EASY,True
train,2826,leetcode,MEDIUM,True
train,2829,codechef,EASY,True
train,2830,codeforces,EASY,True
train,2831,aizu,UNKNOWN_DIFFICULTY,False
train,2832,codeforces,HARD,True
train,2834,codeforces,HARD,True
train,2835,aizu,UNKNOWN_DIFFICULTY,False
train,2836,hackerearth,UNKNOWN_DIFFICULTY,False
train,2837,geeksforgeeks,MEDIUM,True
train,2838,codeforces,HARD,True
train,2839,leetcode,MEDIUM,True
train,2840,codeforces,HARD,True
train,2841,geeksforgeeks,MEDIUM,True
train,2842,geeksforgeeks,EASY,True
train,2843,codechef,UNKNOWN_DIFFICULTY,True
train,2845,aizu,UNKNOWN_DIFFICULTY,False
train,2848,codewars,EASY,True
train,2850,codeforces,HARD,True
train,2851,codeforces,EASY,True
train,2852,geeksforgeeks,EASY,True
train,2853,hackerearth,UNKNOWN_DIFFICULTY,False
train,2855,atcoder,EASY,True
train,2856,geeksforgeeks,MEDIUM,True
train,2857,codeforces,MEDIUM_HARD,True
train,2858,codeforces,MEDIUM_HARD,True
train,2859,codeforces,VERY_HARD,True
train,2861,codewars,EASY,True
train,2862,codewars,EASY,True
train,2864,atcoder,UNKNOWN_DIFFICULTY,False
train,2865,codeforces,MEDIUM_HARD,True
train,2867,aizu,UNKNOWN_DIFFICULTY,False
train,2870,leetcode,MEDIUM,True
train,2871,codechef,EASY,True
train,2874,codeforces,HARD,True
train,2876,codechef,VERY_HARD,True
train,2877,codeforces,HARD,True
train,2878,geeksforgeeks,EASY,True
train,2879,geeksforgeeks,EASY,True
train,2884,codeforces,EASY,True
train,2885,codeforces,VERY_HARD,True
train,2888,leetcode,EASY,True
train,2889,codewars,EASY,True
train,2890,codewars,EASY,True
train,2891,aizu,UNKNOWN_DIFFICULTY,False
train,2894,codeforces,HARD,True
train,2897,codechef,VERY_HARD,True
train,2898,atcoder,MEDIUM_HARD,True
train,2899,codewars,EASY,True
train,2901,codechef,EASY,True
train,2902,codechef,EASY,True
train,2903,geeksforgeeks,EASY,True
train,2904,codechef,UNKNOWN_DIFFICULTY,True
train,2905,codeforces,EASY,True
train,2906,codeforces,VERY_HARD,True
train,2909,codewars,EASY,True
train,2910,leetcode,MEDIUM_HARD,True
train,2911,geeksforgeeks,EASY,True
train,2912,codechef,MEDIUM_HARD,True
train,2913,codewars,EASY,True
train,2915,codewars,EASY,True
train,2916,geeksforgeeks,MEDIUM,True
train,2918,aizu,UNKNOWN_DIFFICULTY,False
train,2920,codechef,HARD,True
train,2921,leetcode,EASY,True
train,2922,leetcode,EASY,True
train,2923,hackerearth,UNKNOWN_DIFFICULTY,False
train,2924,codeforces,EASY,True
train,2925,codechef,UNKNOWN_DIFFICULTY,True
train,2926,codeforces,HARD,True
train,2928,codeforces,EASY,True
train,2930,codeforces,EASY,True
train,2933,codechef,HARD,True
train,2935,atcoder,UNKNOWN_DIFFICULTY,False
train,2936,geeksforgeeks,EASY,True
train,2938,atcoder,EASY,True
train,2939,codewars,EASY,True
train,2940,geeksforgeeks,EASY,True
train,2941,geeksforgeeks,EASY,True
train,2942,codewars,EASY,True
train,2943,codewars,EASY,True
train,2944,atcoder,UNKNOWN_DIFFICULTY,False
train,2945,codechef,EASY,True
train,2946,geeksforgeeks,EASY,True
train,2947,codeforces,MEDIUM_HARD,True
train,2949,atcoder,VERY_HARD,True
train,2950,codechef,HARD,True
train,2951,codewars,EASY,True
train,2952,hackerearth,UNKNOWN_DIFFICULTY,False
train,2954,codeforces,MEDIUM,True
train,2955,codechef,EASY,True
train,2957,hackerearth,EASY,False
train,2958,codechef,MEDIUM,True
train,2959,codeforces,HARD,True
train,2960,codeforces,EASY,True
train,2961,aizu,UNKNOWN_DIFFICULTY,False
train,2962,hackerearth,EASY,False
train,2963,codeforces,MEDIUM,True
train,2965,codewars,MEDIUM_HARD,True
train,2966,leetcode,MEDIUM,True
train,2967,codewars,EASY,True
train,2968,codeforces,EASY,True
train,2969,codewars,EASY,True
train,2970,codeforces,EASY,True
train,2971,codeforces,VERY_HARD,True
train,2973,codeforces,MEDIUM,True
train,2974,codeforces,EASY,True
train,2975,codewars,EASY,True
train,2976,codechef,UNKNOWN_DIFFICULTY,True
train,2977,codeforces,EASY,True
train,2979,codechef,HARD,True
train,2980,codewars,EASY,True
train,2982,geeksforgeeks,MEDIUM,True
train,2983,aizu,UNKNOWN_DIFFICULTY,False
train,2984,codeforces,EASY,True
train,2985,codewars,EASY,True
train,2986,aizu,UNKNOWN_DIFFICULTY,False
train,2987,codewars,EASY,True
train,2988,geeksforgeeks,MEDIUM,True
train,2989,hackerearth,EASY,False
train,2991,leetcode,MEDIUM_HARD,True
train,2992,codeforces,MEDIUM_HARD,True
train,2993,codeforces,EASY,True
train,2994,codechef,HARD,True
train,2996,codechef,EASY,True
train,2999,atcoder,EASY,True
train,3000,atcoder,UNKNOWN_DIFFICULTY,False
train,3001,aizu,UNKNOWN_DIFFICULTY,False
train,3002,codewars,EASY,True
train,3003,leetcode,MEDIUM_HARD,True
train,3005,geeksforgeeks,EASY,True
train,3007,codechef,UNKNOWN_DIFFICULTY,True
train,3009,codewars,EASY,True
train,3011,aizu,UNKNOWN_DIFFICULTY,False
train,3012,codechef,HARD,True
train,3013,codeforces,HARD,True
train,3015,aizu,UNKNOWN_DIFFICULTY,False
train,3016,geeksforgeeks,EASY,True
train,3017,codeforces,EASY,True
train,3018,codechef,MEDIUM_HARD,True
train,3019,codechef,UNKNOWN_DIFFICULTY,True
train,3020,geeksforgeeks,EASY,True
train,3021,geeksforgeeks,EASY,True
train,3022,hackerearth,EASY,False
train,3023,atcoder,EASY,True
train,3024,codeforces,EASY,True
train,3025,codeforces,HARD,True
train,3026,atcoder,UNKNOWN_DIFFICULTY,False
train,3027,codewars,EASY,True
train,3029,codechef,EASY,True
train,3031,atcoder,UNKNOWN_DIFFICULTY,False
train,3032,codeforces,HARD,True
train,3033,atcoder,EASY,True
train,3034,geeksforgeeks,EASY,True
train,3035,aizu,UNKNOWN_DIFFICULTY,False
train,3036,codeforces,MEDIUM_HARD,True
train,3037,codechef,EASY,True
train,3039,codeforces,EASY,True
train,3041,codechef,EASY,True
train,3044,codewars,EASY,True
train,3045,codechef,EASY,True
train,3047,hackerearth,UNKNOWN_DIFFICULTY,False
train,3048,atcoder,EASY,True
train,3049,codeforces,HARD,True
train,3050,codewars,EASY,True
train,3052,codeforces,MEDIUM,True
train,3053,codechef,UNKNOWN_DIFFICULTY,True
train,3054,aizu,UNKNOWN_DIFFICULTY,False
train,3055,atcoder,EASY,True
train,3057,codeforces,MEDIUM,True
train,3058,codechef,VERY_HARD,True
train,3059,aizu,UNKNOWN_DIFFICULTY,False
train,3060,codechef,VERY_HARD,True
train,3061,codeforces,EASY,True
train,3062,hackerearth,EASY,False
train,3063,hackerearth,UNKNOWN_DIFFICULTY,False
train,3064,codeforces,EASY,True
train,3065,codechef,MEDIUM,True
train,3066,codewars,EASY,True
train,3067,hackerearth,UNKNOWN_DIFFICULTY,False
train,3068,codewars,EASY,True
train,3070,codewars,EASY,True
train,3071,codeforces,HARD,True
train,3072,hackerearth,EASY,False
train,3073,geeksforgeeks,EASY,True
train,3075,codeforces,EASY,True
train,3076,codewars,EASY,True
train,3078,hackerearth,MEDIUM_HARD,False
train,3080,codechef,EASY,True
train,3081,codeforces,HARD,True
train,3083,aizu,UNKNOWN_DIFFICULTY,False
train,3084,geeksforgeeks,MEDIUM,True
train,3085,codechef,VERY_HARD,True
train,3086,codeforces,EASY,True
train,3087,hackerearth,EASY,False
train,3088,codechef,HARD,True
train,3089,codeforces,EASY,True
train,3090,codewars,EASY,True
train,3091,hackerearth,UNKNOWN_DIFFICULTY,False
train,3092,codewars,EASY,True
train,3094,leetcode,MEDIUM,True
train,3096,codechef,EASY,True
train,3097,codewars,EASY,True
train,3098,codeforces,EASY,True
train,3099,leetcode,EASY,True
train,3101,codechef,EASY,True
train,3102,geeksforgeeks,EASY,True
train,3104,geeksforgeeks,MEDIUM,True
train,3105,aizu,UNKNOWN_DIFFICULTY,False
train,3106,codeforces,EASY,True
train,3107,atcoder,HARD,True
train,3109,geeksforgeeks,EASY,True
train,3110,hackerearth,EASY,False
train,3111,codechef,UNKNOWN_DIFFICULTY,True
train,3112,leetcode,MEDIUM_HARD,True
train,3113,codeforces,MEDIUM_HARD,True
train,3114,atcoder,MEDIUM,True
train,3115,codechef,VERY_HARD,True
train,3116,hackerearth,EASY,False
train,3117,codechef,UNKNOWN_DIFFICULTY,True
train,3118,codeforces,MEDIUM_HARD,True
train,3119,codeforces,HARD,True
train,3121,codeforces,HARD,True
train,3122,codechef,MEDIUM,True
train,3124,codechef,MEDIUM_HARD,True
train,3125,aizu,UNKNOWN_DIFFICULTY,False
train,3126,geeksforgeeks,MEDIUM,True
train,3127,codewars,EASY,True
train,3128,codeforces,EASY,True
train,3129,codewars,EASY,True
train,3132,geeksforgeeks,EASY,True
train,3133,aizu,UNKNOWN_DIFFICULTY,False
train,3134,codeforces,EASY,True
train,3135,codechef,MEDIUM_HARD,True
train,3136,codechef,VERY_HARD,True
train,3137,codewars,EASY,True
train,3139,codeforces,MEDIUM_HARD,True
train,3141,codeforces,EASY,True
train,3143,codechef,HARD,True
train,3144,hackerearth,EASY,False
train,3145,codeforces,HARD,True
train,3147,codechef,UNKNOWN_DIFFICULTY,True
train,3148,codechef,VERY_HARD,True
train,3150,codechef,UNKNOWN_DIFFICULTY,True
train,3153,geeksforgeeks,EASY,True
train,3154,codewars,EASY,True
train,3155,geeksforgeeks,MEDIUM,True
train,3156,leetcode,MEDIUM,True
train,3157,atcoder,EASY,True
train,3159,codeforces,HARD,True
train,3160,codeforces,EASY,True
train,3161,codeforces,EASY,True
train,3162,codechef,VERY_HARD,True
train,3163,atcoder,EASY,True
train,3164,hackerearth,EASY,False
train,3166,codechef,EASY,True
train,3168,aizu,UNKNOWN_DIFFICULTY,False
train,3169,codechef,EASY,True
train,3170,codeforces,EASY,True
train,3171,codeforces,EASY,True
train,3172,atcoder,UNKNOWN_DIFFICULTY,False
train,3173,codeforces,MEDIUM_HARD,True
train,3174,codewars,EASY,True
train,3175,codechef,EASY,True
train,3177,codeforces,MEDIUM_HARD,True
train,3178,codeforces,EASY,True
train,3179,codeforces,EASY,True
train,3180,codechef,UNKNOWN_DIFFICULTY,True
train,3182,codeforces,EASY,True
train,3183,codeforces,EASY,True
train,3184,aizu,UNKNOWN_DIFFICULTY,False
train,3185,geeksforgeeks,EASY,True
train,3186,codechef,VERY_HARD,True
train,3187,geeksforgeeks,MEDIUM,True
train,3189,aizu,UNKNOWN_DIFFICULTY,False
train,3190,geeksforgeeks,EASY,True
train,3198,aizu,UNKNOWN_DIFFICULTY,False
train,3200,geeksforgeeks,EASY,True
train,3202,codechef,EASY,True
train,3203,codeforces,MEDIUM,True
train,3205,geeksforgeeks,MEDIUM,True
train,3206,codewars,EASY,True
train,3207,hackerearth,UNKNOWN_DIFFICULTY,False
train,3211,codewars,EASY,True
train,3212,codeforces,HARD,True
train,3213,geeksforgeeks,EASY,True
train,3214,codeforces,EASY,True
train,3215,geeksforgeeks,EASY,True
train,3217,geeksforgeeks,MEDIUM,True
train,3218,codechef,EASY,True
train,3219,hackerearth,EASY,False
train,3220,codeforces,HARD,True
train,3222,codeforces,VERY_HARD,True
train,3223,codewars,EASY,True
train,3225,geeksforgeeks,EASY,True
train,3226,leetcode,MEDIUM_HARD,True
train,3227,codeforces,EASY,True
train,3229,codewars,EASY,True
train,3230,codeforces,HARD,True
train,3232,aizu,UNKNOWN_DIFFICULTY,False
train,3234,geeksforgeeks,MEDIUM,True
train,3236,codeforces,HARD,True
train,3237,aizu,UNKNOWN_DIFFICULTY,False
train,3238,codechef,MEDIUM_HARD,True
train,3240,atcoder,VERY_HARD,True
train,3241,hackerearth,EASY,False
train,3242,codechef,HARD,True
train,3243,leetcode,MEDIUM_HARD,True
train,3245,codeforces,HARD,True
train,3247,codewars,EASY,True
train,3249,codeforces,HARD,True
train,3251,hackerearth,MEDIUM,False
train,3252,codeforces,EASY,True
train,3253,codeforces,EASY,True
train,3254,aizu,UNKNOWN_DIFFICULTY,False
train,3258,aizu,UNKNOWN_DIFFICULTY,False
train,3260,codewars,EASY,True
train,3261,codeforces,EASY,True
train,3262,codeforces,MEDIUM_HARD,True
train,3264,codewars,EASY,True
train,3265,codeforces,MEDIUM_HARD,True
train,3267,codeforces,EASY,True
train,3268,geeksforgeeks,EASY,True
train,3269,codeforces,MEDIUM,True
train,3270,atcoder,UNKNOWN_DIFFICULTY,False
train,3271,aizu,UNKNOWN_DIFFICULTY,False
train,3273,codeforces,MEDIUM_HARD,True
train,3274,codechef,UNKNOWN_DIFFICULTY,True
train,3275,codeforces,MEDIUM_HARD,True
train,3277,codeforces,MEDIUM,True
train,3278,geeksforgeeks,EASY,True
train,3281,codeforces,MEDIUM,True
train,3282,codewars,EASY,True
train,3284,hackerearth,UNKNOWN_DIFFICULTY,False
train,3286,geeksforgeeks,EASY,True
train,3287,atcoder,EASY,True
train,3289,hackerearth,UNKNOWN_DIFFICULTY,False
train,3290,aizu,UNKNOWN_DIFFICULTY,False
train,3291,hackerearth,UNKNOWN_DIFFICULTY,False
train,3292,aizu,UNKNOWN_DIFFICULTY,False
train,3294,aizu,UNKNOWN_DIFFICULTY,False
train,3296,codechef,MEDIUM_HARD,True
train,3297,codeforces,MEDIUM_HARD,True
train,3298,geeksforgeeks,EASY,True
train,3300,codechef,EASY,True
train,3301,aizu,UNKNOWN_DIFFICULTY,False
train,3304,leetcode,MEDIUM,True
train,3305,aizu,UNKNOWN_DIFFICULTY,False
train,3306,codeforces,MEDIUM_HARD,True
train,3307,atcoder,EASY,True
train,3308,codeforces,MEDIUM_HARD,True
train,3309,geeksforgeeks,EASY,True
train,3310,geeksforgeeks,MEDIUM,True
train,3311,geeksforgeeks,EASY,True
train,3312,hackerearth,EASY,False
train,3313,aizu,UNKNOWN_DIFFICULTY,False
train,3314,aizu,UNKNOWN_DIFFICULTY,False
train,3315,aizu,UNKNOWN_DIFFICULTY,False
train,3317,aizu,UNKNOWN_DIFFICULTY,False
train,3318,aizu,UNKNOWN_DIFFICULTY,False
train,3319,codeforces,HARD,True
train,3321,geeksforgeeks,MEDIUM,True
train,3322,aizu,UNKNOWN_DIFFICULTY,False
train,3323,codewars,MEDIUM_HARD,True
train,3324,geeksforgeeks,EASY,True
train,3326,geeksforgeeks,EASY,True
train,3327,codeforces,EASY,True
train,3329,aizu,UNKNOWN_DIFFICULTY,False
train,3330,geeksforgeeks,EASY,True
train,3331,atcoder,UNKNOWN_DIFFICULTY,False
train,3332,codewars,EASY,True
train,3333,codewars,EASY,True
train,3334,codeforces,HARD,True
train,3335,codechef,EASY,True
train,3336,codewars,EASY,True
train,3338,hackerearth,EASY,False
train,3342,geeksforgeeks,EASY,True
train,3343,aizu,UNKNOWN_DIFFICULTY,False
train,3344,codechef,MEDIUM_HARD,True
train,3345,geeksforgeeks,EASY,True
train,3346,atcoder,EASY,True
train,3347,codeforces,HARD,True
train,3349,codewars,EASY,True
train,3350,codeforces,MEDIUM_HARD,True
train,3351,codeforces,EASY,True
train,3353,atcoder,UNKNOWN_DIFFICULTY,False
train,3355,atcoder,MEDIUM,True
train,3356,codeforces,HARD,True
train,3357,codeforces,MEDIUM_HARD,True
train,3358,codeforces,EASY,True
train,3359,codechef,EASY,True
train,3360,hackerearth,UNKNOWN_DIFFICULTY,False
train,3361,aizu,UNKNOWN_DIFFICULTY,False
train,3362,codeforces,MEDIUM,True
train,3367,atcoder,UNKNOWN_DIFFICULTY,False
train,3369,codeforces,EASY,True
train,3370,aizu,UNKNOWN_DIFFICULTY,False
train,3371,hackerearth,UNKNOWN_DIFFICULTY,False
train,3372,codeforces,EASY,True
train,3373,codeforces,MEDIUM_HARD,True
train,3375,codechef,EASY,True
train,3377,codeforces,MEDIUM,True
train,3378,hackerearth,EASY,False
train,3379,geeksforgeeks,EASY,True
train,3380,codechef,MEDIUM_HARD,True
train,3381,codechef,HARD,True
train,3383,hackerearth,EASY,False
train,3385,atcoder,EASY,True
train,3386,hackerearth,EASY,False
train,3389,codeforces,MEDIUM,True
train,3390,codeforces,EASY,True
train,3392,codeforces,HARD,True
train,3393,codeforces,MEDIUM_HARD,True
train,3394,leetcode,MEDIUM_HARD,True
train,3395,codewars,EASY,True
train,3396,aizu,UNKNOWN_DIFFICULTY,False
train,3397,codeforces,EASY,True
train,3398,atcoder,EASY,True
train,3399,codechef,EASY,True
train,3400,aizu,UNKNOWN_DIFFICULTY,False
train,3401,codechef,MEDIUM,True
train,3403,codechef,VERY_HARD,True
train,3406,codeforces,MEDIUM_HARD,True
train,3408,codeforces,HARD,True
train,3409,geeksforgeeks,MEDIUM,True
train,3410,codeforces,EASY,True
train,3411,codeforces,MEDIUM,True
train,3413,hackerearth,EASY,False
train,3415,atcoder,UNKNOWN_DIFFICULTY,False
train,3417,codechef,MEDIUM,True
train,3418,geeksforgeeks,EASY,True
train,3421,codewars,EASY,True
train,3422,geeksforgeeks,EASY,True
train,3423,codeforces,HARD,True
train,3425,codeforces,VERY_HARD,True
train,3428,codeforces,HARD,True
train,3430,codeforces,HARD,True
train,3431,codechef,EASY,True
train,3436,atcoder,UNKNOWN_DIFFICULTY,False
train,3437,atcoder,MEDIUM_HARD,True
train,3439,aizu,UNKNOWN_DIFFICULTY,False
train,3440,codewars,EASY,True
train,3441,codechef,MEDIUM_HARD,True
train,3442,codeforces,EASY,True
train,3443,codechef,MEDIUM,True
train,3444,aizu,UNKNOWN_DIFFICULTY,False
train,3446,codechef,UNKNOWN_DIFFICULTY,True
train,3447,hackerearth,UNKNOWN_DIFFICULTY,False
train,3449,geeksforgeeks,EASY,True
train,3453,codeforces,MEDIUM_HARD,True
train,3454,codechef,UNKNOWN_DIFFICULTY,True
train,3457,codeforces,MEDIUM,True
train,3459,leetcode,MEDIUM_HARD,True
train,3460,hackerearth,UNKNOWN_DIFFICULTY,False
train,3462,codeforces,HARD,True
train,3463,codeforces,EASY,True
train,3465,hackerearth,EASY,False
train,3468,hackerearth,MEDIUM,False
train,3470,codeforces,EASY,True
train,3471,geeksforgeeks,MEDIUM,True
train,3472,codewars,EASY,True
train,3473,codeforces,MEDIUM,True
train,3474,codeforces,HARD,True
train,3476,codeforces,MEDIUM_HARD,True
train,3478,codechef,HARD,True
train,3479,atcoder,EASY,True
train,3481,codeforces,MEDIUM_HARD,True
train,3482,codewars,EASY,True
train,3483,codeforces,EASY,True
train,3484,atcoder,MEDIUM,True
train,3485,geeksforgeeks,MEDIUM,True
train,3486,codewars,EASY,True
train,3488,hackerearth,EASY,False
train,3489,aizu,UNKNOWN_DIFFICULTY,False
train,3490,codewars,EASY,True
train,3491,codeforces,MEDIUM_HARD,True
train,3492,codeforces,HARD,True
train,3493,geeksforgeeks,EASY,True
train,3495,codeforces,MEDIUM_HARD,True
train,3496,codechef,VERY_HARD,True
train,3497,geeksforgeeks,EASY,True
train,3498,atcoder,EASY,True
train,3500,codeforces,MEDIUM,True
train,3501,codeforces,MEDIUM_HARD,True
train,3503,geeksforgeeks,MEDIUM,True
train,3504,codeforces,MEDIUM,True
train,3505,atcoder,UNKNOWN_DIFFICULTY,False
train,3506,codeforces,HARD,True
train,3509,codewars,EASY,True
train,3510,codewars,EASY,True
train,3511,codeforces,EASY,True
train,3512,atcoder,UNKNOWN_DIFFICULTY,False
train,3513,geeksforgeeks,EASY,True
train,3514,codeforces,EASY,True
train,3516,codeforces,HARD,True
train,3517,codeforces,HARD,True
train,3520,codechef,MEDIUM_HARD,True
train,3521,codewars,EASY,True
train,3522,aizu,UNKNOWN_DIFFICULTY,False
train,3523,codeforces,MEDIUM,True
train,3524,codeforces,HARD,True
train,3525,codechef,EASY,True
train,3527,codewars,EASY,True
train,3528,codeforces,MEDIUM_HARD,True
train,3529,aizu,UNKNOWN_DIFFICULTY,False
train,3531,geeksforgeeks,EASY,True
train,3533,codeforces,EASY,True
train,3537,codeforces,MEDIUM_HARD,True
train,3539,codeforces,EASY,True
train,3540,hackerearth,EASY,False
train,3541,hackerearth,UNKNOWN_DIFFICULTY,False
train,3542,codeforces,MEDIUM_HARD,True
train,3543,codechef,UNKNOWN_DIFFICULTY,True
train,3544,codeforces,VERY_HARD,True
train,3546,geeksforgeeks,MEDIUM,True
train,3547,aizu,UNKNOWN_DIFFICULTY,False
train,3548,hackerearth,MEDIUM,False
train,3550,atcoder,EASY,True
train,3551,geeksforgeeks,EASY,True
train,3554,codechef,VERY_HARD,True
train,3555,codeforces,MEDIUM,True
train,3557,codechef,UNKNOWN_DIFFICULTY,True
train,3560,geeksforgeeks,EASY,True
train,3563,atcoder,UNKNOWN_DIFFICULTY,False
train,3564,aizu,UNKNOWN_DIFFICULTY,False
train,3567,hackerearth,EASY,False
train,3569,codechef,EASY,True
train,3570,codeforces,HARD,True
train,3571,codeforces,MEDIUM,True
train,3572,codewars,EASY,True
train,3573,codeforces,HARD,True
train,3574,codechef,EASY,True
train,3576,leetcode,MEDIUM_HARD,True
train,3577,atcoder,MEDIUM_HARD,True
train,3578,codeforces,EASY,True
train,3579,codechef,VERY_HARD,True
train,3580,geeksforgeeks,MEDIUM,True
train,3581,geeksforgeeks,EASY,True
train,3582,aizu,UNKNOWN_DIFFICULTY,False
train,3583,hackerearth,MEDIUM_HARD,False
train,3584,codechef,HARD,True
train,3587,geeksforgeeks,EASY,True
train,3588,leetcode,MEDIUM_HARD,True
train,3589,codewars,EASY,True
train,3590,codechef,MEDIUM_HARD,True
train,3591,geeksforgeeks,MEDIUM,True
train,3592,geeksforgeeks,EASY,True
train,3593,atcoder,UNKNOWN_DIFFICULTY,False
train,3594,codechef,EASY,True
train,3595,codechef,VERY_HARD,True
train,3596,geeksforgeeks,EASY,True
train,3597,codechef,EASY,True
train,3598,codeforces,MEDIUM_HARD,True
train,3599,codewars,EASY,True
train,3600,codechef,VERY_HARD,True
train,3601,codewars,EASY,True
train,3602,geeksforgeeks,EASY,True
train,3603,codeforces,HARD,True
train,3604,aizu,UNKNOWN_DIFFICULTY,False
train,3608,codechef,EASY,True
train,3609,codeforces,VERY_HARD,True
train,3610,codeforces,MEDIUM_HARD,True
train,3611,aizu,UNKNOWN_DIFFICULTY,False
train,3612,leetcode,MEDIUM_HARD,True
train,3613,codeforces,MEDIUM_HARD,True
train,3614,leetcode,EASY,True
train,3615,aizu,UNKNOWN_DIFFICULTY,False
train,3617,codeforces,EASY,True
train,3619,codechef,MEDIUM_HARD,True
train,3621,codeforces,MEDIUM,True
train,3622,geeksforgeeks,EASY,True
train,3623,codeforces,HARD,True
train,3624,codechef,EASY,True
train,3626,codechef,EASY,True
train,3628,codechef,UNKNOWN_DIFFICULTY,True
train,3631,aizu,UNKNOWN_DIFFICULTY,False
train,3632,codeforces,EASY,True
train,3633,codeforces,HARD,True
train,3635,codeforces,EASY,True
train,3637,codeforces,MEDIUM,True
train,3638,aizu,UNKNOWN_DIFFICULTY,False
train,3639,aizu,UNKNOWN_DIFFICULTY,False
train,3640,codewars,EASY,True
train,3641,codewars,EASY,True
train,3642,aizu,UNKNOWN_DIFFICULTY,False
train,3643,geeksforgeeks,MEDIUM,True
train,3645,hackerearth,EASY,False
train,3646,codeforces,MEDIUM,True
train,3649,codeforces,EASY,True
train,3652,aizu,UNKNOWN_DIFFICULTY,False
train,3653,codeforces,MEDIUM,True
train,3654,codewars,EASY,True
train,3655,aizu,UNKNOWN_DIFFICULTY,False
train,3656,codeforces,MEDIUM,True
train,3657,aizu,UNKNOWN_DIFFICULTY,False
train,3658,hackerearth,HARD,False
train,3659,codeforces,EASY,True
train,3660,codewars,EASY,True
train,3661,codeforces,VERY_HARD,True
train,3662,codewars,EASY,True
train,3663,hackerearth,UNKNOWN_DIFFICULTY,False
train,3664,codechef,UNKNOWN_DIFFICULTY,True
train,3665,hackerearth,UNKNOWN_DIFFICULTY,False
train,3666,codechef,UNKNOWN_DIFFICULTY,True
train,3669,hackerearth,UNKNOWN_DIFFICULTY,False
train,3670,geeksforgeeks,EASY,True
train,3671,aizu,UNKNOWN_DIFFICULTY,False
train,3672,hackerearth,UNKNOWN_DIFFICULTY,False
train,3674,aizu,UNKNOWN_DIFFICULTY,False
train,3675,aizu,UNKNOWN_DIFFICULTY,False
train,3676,codechef,UNKNOWN_DIFFICULTY,True
train,3678,leetcode,MEDIUM_HARD,True
train,3679,codeforces,HARD,True
train,3682,codechef,EASY,True
train,3683,aizu,UNKNOWN_DIFFICULTY,False
train,3684,codeforces,EASY,True
train,3685,codeforces,EASY,True
train,3688,hackerearth,EASY,False
train,3691,codeforces,EASY,True
train,3692,codeforces,MEDIUM,True
train,3693,codeforces,EASY,True
train,3694,geeksforgeeks,EASY,True
train,3695,codechef,UNKNOWN_DIFFICULTY,True
train,3696,codewars,EASY,True
train,3698,codechef,MEDIUM,True
train,3700,geeksforgeeks,MEDIUM,True
train,3701,codeforces,HARD,True
train,3704,geeksforgeeks,MEDIUM,True
train,3706,codeforces,MEDIUM,True
train,3707,geeksforgeeks,EASY,True
train,3708,codewars,EASY,True
train,3709,codechef,EASY,True
train,3710,codechef,UNKNOWN_DIFFICULTY,True
train,3712,geeksforgeeks,MEDIUM_HARD,True
train,3714,codechef,UNKNOWN_DIFFICULTY,True
train,3717,hackerearth,EASY,False
train,3718,codeforces,VERY_HARD,True
train,3720,codeforces,MEDIUM_HARD,True
train,3721,codewars,EASY,True
train,3722,codewars,EASY,True
train,3723,hackerearth,MEDIUM_HARD,False
train,3726,codeforces,HARD,True
train,3727,geeksforgeeks,MEDIUM,True
train,3730,codewars,EASY,True
train,3731,codechef,MEDIUM_HARD,True
train,3732,codeforces,VERY_HARD,True
train,3733,atcoder,UNKNOWN_DIFFICULTY,False
train,3735,codeforces,EASY,True
train,3736,codeforces,EASY,True
train,3737,codechef,EASY,True
train,3738,codechef,MEDIUM_HARD,True
train,3739,codechef,MEDIUM,True
train,3740,geeksforgeeks,EASY,True
train,3741,geeksforgeeks,EASY,True
train,3743,codewars,EASY,True
train,3744,codechef,EASY,True
train,3747,codewars,EASY,True
train,3748,codewars,EASY,True
train,3750,aizu,UNKNOWN_DIFFICULTY,False
train,3751,codewars,EASY,True
train,3753,hackerearth,EASY,False
train,3754,geeksforgeeks,MEDIUM,True
train,3755,codechef,MEDIUM_HARD,True
train,3756,codeforces,EASY,True
train,3757,leetcode,MEDIUM,True
train,3759,codeforces,EASY,True
train,3760,codeforces,MEDIUM,True
train,3762,atcoder,MEDIUM,True
train,3763,codeforces,MEDIUM,True
train,3764,hackerearth,UNKNOWN_DIFFICULTY,False
train,3766,aizu,UNKNOWN_DIFFICULTY,False
train,3767,codeforces,HARD,True
train,3768,codechef,VERY_HARD,True
train,3770,codeforces,HARD,True
train,3772,codechef,VERY_HARD,True
train,3773,codewars,EASY,True
train,3774,hackerearth,EASY,False
train,3775,aizu,UNKNOWN_DIFFICULTY,False
train,3776,atcoder,MEDIUM_HARD,True
train,3777,leetcode,MEDIUM_HARD,True
train,3778,codeforces,VERY_HARD,True
train,3779,codeforces,EASY,True
train,3780,codeforces,MEDIUM_HARD,True
train,3782,codeforces,MEDIUM_HARD,True
train,3783,codeforces,MEDIUM,True
train,3784,codechef,UNKNOWN_DIFFICULTY,True
train,3785,codeforces,MEDIUM,True
train,3787,codeforces,MEDIUM,True
train,3788,codeforces,HARD,True
train,3789,codechef,MEDIUM_HARD,True
train,3791,codeforces,HARD,True
train,3792,codeforces,HARD,True
train,3794,aizu,UNKNOWN_DIFFICULTY,False
train,3796,aizu,UNKNOWN_DIFFICULTY,False
train,3797,codeforces,MEDIUM,True
train,3798,codechef,UNKNOWN_DIFFICULTY,True
train,3800,atcoder,UNKNOWN_DIFFICULTY,False
train,3801,codechef,VERY_HARD,True
train,3804,codeforces,VERY_HARD,True
train,3805,codewars,EASY,True
train,3807,codeforces,HARD,True
train,3808,aizu,UNKNOWN_DIFFICULTY,False
train,3809,codewars,EASY,True
train,3811,atcoder,UNKNOWN_DIFFICULTY,False
train,3813,codechef,UNKNOWN_DIFFICULTY,True
train,3814,geeksforgeeks,MEDIUM,True
train,3815,geeksforgeeks,MEDIUM_HARD,True
train,3816,codeforces,MEDIUM_HARD,True
train,3817,geeksforgeeks,EASY,True
train,3818,codeforces,MEDIUM_HARD,True
train,3819,codeforces,HARD,True
train,3820,geeksforgeeks,EASY,True
train,3822,codewars,EASY,True
train,3823,codewars,EASY,True
train,3825,geeksforgeeks,MEDIUM,True
train,3828,codeforces,EASY,True
train,3830,codeforces,HARD,True
train,3831,geeksforgeeks,EASY,True
train,3832,codeforces,HARD,True
train,3833,codechef,MEDIUM,True
train,3834,codewars,EASY,True
train,3836,codeforces,MEDIUM,True
train,3839,geeksforgeeks,MEDIUM,True
train,3841,hackerearth,UNKNOWN_DIFFICULTY,False
train,3842,codeforces,HARD,True
train,3844,codechef,EASY,True
train,3846,aizu,UNKNOWN_DIFFICULTY,False
train,3847,geeksforgeeks,EASY,True
train,3848,geeksforgeeks,EASY,True
train,3849,codeforces,HARD,True
train,3851,codeforces,EASY,True
train,3852,codewars,EASY,True
train,3853,codeforces,EASY,True
train,3854,codechef,UNKNOWN_DIFFICULTY,True
train,3855,aizu,UNKNOWN_DIFFICULTY,False
train,3856,geeksforgeeks,EASY,True
train,3858,codechef,HARD,True
train,3860,codeforces,EASY,True
train,3861,aizu,UNKNOWN_DIFFICULTY,False
train,3863,codechef,UNKNOWN_DIFFICULTY,True
train,3864,codeforces,EASY,True
train,3866,codechef,EASY,True
train,3867,codeforces,HARD,True
train,3870,codechef,EASY,True
train,3872,geeksforgeeks,EASY,True
train,3873,codeforces,EASY,True
train,3874,codechef,HARD,True
train,3876,geeksforgeeks,MEDIUM,True
train,3878,geeksforgeeks,EASY,True
train,3879,geeksforgeeks,EASY,True
train,3881,codechef,MEDIUM_HARD,True
train,3882,codewars,EASY,True
train,3885,aizu,UNKNOWN_DIFFICULTY,False
train,3886,codechef,MEDIUM_HARD,True
train,3887,codechef,UNKNOWN_DIFFICULTY,True
train,3888,geeksforgeeks,EASY,True
train,3889,hackerearth,UNKNOWN_DIFFICULTY,False
train,3890,codeforces,MEDIUM_HARD,True
train,3892,codeforces,EASY,True
train,3893,aizu,UNKNOWN_DIFFICULTY,False
train,3894,codechef,HARD,True
train,3895,codeforces,MEDIUM_HARD,True
train,3896,hackerearth,EASY,False
train,3897,atcoder,HARD,True
train,3899,geeksforgeeks,EASY,True
train,3900,codeforces,HARD,True
train,3901,codeforces,VERY_HARD,True
train,3902,codechef,HARD,True
train,3903,codechef,MEDIUM_HARD,True
train,3904,codechef,EASY,True
train,3905,codechef,UNKNOWN_DIFFICULTY,True
train,3906,codewars,EASY,True
train,3907,codechef,VERY_HARD,True
train,3908,aizu,UNKNOWN_DIFFICULTY,False
train,3909,codeforces,HARD,True
train,3911,codechef,VERY_HARD,True
train,3913,aizu,UNKNOWN_DIFFICULTY,False
train,3915,codechef,EASY,True
train,3918,geeksforgeeks,EASY,True
train,3919,hackerearth,EASY,False
train,3922,codewars,EASY,True
train,3923,atcoder,EASY,True
train,3924,geeksforgeeks,EASY,True
train,3925,atcoder,UNKNOWN_DIFFICULTY,False
train,3926,hackerearth,UNKNOWN_DIFFICULTY,False
train,3927,aizu,UNKNOWN_DIFFICULTY,False
train,3928,atcoder,UNKNOWN_DIFFICULTY,False
train,3931,codechef,MEDIUM_HARD,True
train,3932,codewars,EASY,True
train,3933,codeforces,EASY,True
train,3936,codeforces,EASY,True
train,3937,codechef,HARD,True
train,3939,codechef,UNKNOWN_DIFFICULTY,True
train,3945,codeforces,VERY_HARD,True
train,3947,hackerearth,UNKNOWN_DIFFICULTY,False
train,3948,codewars,EASY,True
train,3949,geeksforgeeks,MEDIUM,True
train,3952,leetcode,MEDIUM,True
train,3953,codewars,EASY,True
train,3954,codechef,MEDIUM,True
train,3956,aizu,UNKNOWN_DIFFICULTY,False
train,3958,atcoder,UNKNOWN_DIFFICULTY,False
train,3959,atcoder,EASY,True
train,3960,codewars,EASY,True
train,3963,codeforces,EASY,True
train,3964,codechef,UNKNOWN_DIFFICULTY,True
train,3965,codechef,EASY,True
train,3966,geeksforgeeks,MEDIUM,True
train,3967,codeforces,MEDIUM,True
train,3968,aizu,UNKNOWN_DIFFICULTY,False
train,3969,codeforces,MEDIUM,True
train,3971,aizu,UNKNOWN_DIFFICULTY,False
train,3976,codechef,HARD,True
train,3977,codeforces,EASY,True
train,3978,codeforces,MEDIUM,True
train,3980,codewars,EASY,True
train,3981,codechef,HARD,True
train,3983,codechef,VERY_HARD,True
train,3984,atcoder,UNKNOWN_DIFFICULTY,False
train,3985,codeforces,EASY,True
train,3986,aizu,UNKNOWN_DIFFICULTY,False
train,3987,codeforces,MEDIUM_HARD,True
train,3989,geeksforgeeks,EASY,True
train,3990,codechef,MEDIUM_HARD,True
train,3991,geeksforgeeks,EASY,True
train,3993,codewars,EASY,True
train,3995,atcoder,EASY,True
train,3996,geeksforgeeks,EASY,True
train,3997,codechef,MEDIUM_HARD,True
train,3998,codechef,VERY_HARD,True
train,3999,atcoder,EASY,True
train,4001,geeksforgeeks,EASY,True
train,4002,geeksforgeeks,EASY,True
train,4003,codeforces,EASY,True
train,4004,codeforces,VERY_HARD,True
train,4005,codewars,EASY,True
train,4006,codechef,MEDIUM_HARD,True
train,4007,codewars,MEDIUM,True
train,4008,geeksforgeeks,EASY,True
train,4010,codechef,EASY,True
train,4011,codeforces,EASY,True
train,4014,codeforces,MEDIUM_HARD,True
train,4015,codeforces,EASY,True
train,4016,geeksforgeeks,EASY,True
train,4017,codechef,VERY_HARD,True
train,4018,hackerearth,EASY,False
train,4020,geeksforgeeks,EASY,True
train,4022,aizu,UNKNOWN_DIFFICULTY,False
train,4023,codeforces,EASY,True
train,4024,codeforces,EASY,True
train,4025,hackerearth,MEDIUM,False
train,4026,codeforces,EASY,True
train,4028,codechef,EASY,True
train,4031,geeksforgeeks,MEDIUM,True
train,4035,atcoder,EASY,True
train,4036,geeksforgeeks,MEDIUM,True
train,4038,codeforces,MEDIUM_HARD,True
train,4039,atcoder,UNKNOWN_DIFFICULTY,False
train,4040,codeforces,MEDIUM,True
train,4042,codeforces,EASY,True
train,4043,codeforces,MEDIUM,True
train,4044,geeksforgeeks,MEDIUM,True
train,4045,codechef,EASY,True
train,4046,codechef,MEDIUM_HARD,True
train,4047,codechef,HARD,True
train,4048,codechef,UNKNOWN_DIFFICULTY,True
train,4049,codewars,EASY,True
train,4052,aizu,UNKNOWN_DIFFICULTY,False
train,4053,codeforces,EASY,True
train,4054,atcoder,EASY,True
train,4055,codeforces,EASY,True
train,4057,geeksforgeeks,MEDIUM,True
train,4058,geeksforgeeks,MEDIUM,True
train,4059,aizu,UNKNOWN_DIFFICULTY,False
train,4060,codewars,EASY,True
train,4061,geeksforgeeks,EASY,True
train,4063,codechef,VERY_HARD,True
train,4065,hackerearth,UNKNOWN_DIFFICULTY,False
train,4067,geeksforgeeks,EASY,True
train,4068,hackerearth,UNKNOWN_DIFFICULTY,False
train,4069,geeksforgeeks,MEDIUM_HARD,True
train,4070,codeforces,EASY,True
train,4071,codewars,EASY,True
train,4074,codeforces,EASY,True
train,4077,aizu,UNKNOWN_DIFFICULTY,False
train,4078,geeksforgeeks,EASY,True
train,4079,codeforces,MEDIUM,True
train,4080,leetcode,MEDIUM,True
train,4081,codeforces,EASY,True
train,4082,codeforces,MEDIUM,True
train,4083,codeforces,MEDIUM_HARD,True
train,4084,geeksforgeeks,MEDIUM,True
train,4085,hackerearth,UNKNOWN_DIFFICULTY,False
train,4088,geeksforgeeks,EASY,True
train,4089,codewars,EASY,True
train,4090,geeksforgeeks,MEDIUM,True
train,4091,codeforces,MEDIUM_HARD,True
train,4096,codechef,EASY,True
train,4097,geeksforgeeks,MEDIUM,True
train,4099,atcoder,UNKNOWN_DIFFICULTY,False
train,4100,codeforces,HARD,True
train,4101,leetcode,EASY,True
train,4102,codeforces,HARD,True
train,4103,codeforces,HARD,True
train,4104,codewars,EASY,True
train,4105,codeforces,EASY,True
train,4108,atcoder,UNKNOWN_DIFFICULTY,False
train,4109,codeforces,MEDIUM_HARD,True
train,4111,codeforces,EASY,True
train,4112,codechef,HARD,True
train,4114,codewars,EASY,True
train,4116,geeksforgeeks,MEDIUM,True
train,4121,aizu,UNKNOWN_DIFFICULTY,False
train,4122,codeforces,HARD,True
train,4123,atcoder,EASY,True
train,4124,codeforces,HARD,True
train,4125,codechef,EASY,True
train,4126,codewars,EASY,True
train,4127,codechef,EASY,True
train,4128,codewars,EASY,True
train,4129,geeksforgeeks,EASY,True
train,4130,codeforces,EASY,True
train,4131,hackerearth,UNKNOWN_DIFFICULTY,False
train,4132,codeforces,EASY,True
train,4133,codechef,EASY,True
train,4135,geeksforgeeks,EASY,True
train,4137,codeforces,HARD,True
train,4138,codeforces,VERY_HARD,True
train,4139,codeforces,EASY,True
train,4140,codeforces,MEDIUM_HARD,True
train,4141,codeforces,EASY,True
train,4142,aizu,UNKNOWN_DIFFICULTY,False
train,4143,geeksforgeeks,MEDIUM,True
train,4147,codeforces,EASY,True
train,4148,atcoder,UNKNOWN_DIFFICULTY,False
train,4149,codechef,MEDIUM_HARD,True
train,4151,atcoder,MEDIUM_HARD,True
train,4152,geeksforgeeks,EASY,True
train,4153,codewars,EASY,True
train,4155,codeforces,EASY,True
train,4156,codechef,HARD,True
train,4158,codechef,HARD,True
train,4159,codeforces,EASY,True
train,4160,geeksforgeeks,MEDIUM,True
train,4161,geeksforgeeks,MEDIUM,True
train,4163,codeforces,HARD,True
train,4165,leetcode,MEDIUM_HARD,True
train,4168,codewars,EASY,True
train,4169,hackerearth,MEDIUM,False
train,4171,codeforces,MEDIUM_HARD,True
train,4173,leetcode,MEDIUM_HARD,True
train,4174,codeforces,EASY,True
train,4175,geeksforgeeks,MEDIUM,True
train,4176,codeforces,EASY,True
train,4178,leetcode,MEDIUM,True
train,4180,codeforces,HARD,True
train,4181,codechef,MEDIUM_HARD,True
train,4182,codechef,UNKNOWN_DIFFICULTY,True
train,4184,codeforces,HARD,True
train,4185,codewars,EASY,True
train,4187,codeforces,HARD,True
train,4188,aizu,UNKNOWN_DIFFICULTY,False
train,4189,codewars,EASY,True
train,4190,codechef,EASY,True
train,4192,codeforces,EASY,True
train,4193,geeksforgeeks,MEDIUM_HARD,True
train,4195,codewars,EASY,True
train,4198,geeksforgeeks,EASY,True
train,4199,codechef,EASY,True
train,4200,codeforces,HARD,True
train,4201,atcoder,EASY,True
train,4202,codechef,HARD,True
train,4203,codeforces,EASY,True
train,4210,hackerearth,UNKNOWN_DIFFICULTY,False
train,4212,leetcode,MEDIUM_HARD,True
train,4213,geeksforgeeks,EASY,True
train,4214,codeforces,HARD,True
train,4217,codewars,EASY,True
train,4218,aizu,UNKNOWN_DIFFICULTY,False
train,4219,codeforces,HARD,True
train,4220,codewars,EASY,True
train,4221,codewars,EASY,True
train,4222,hackerearth,EASY,False
train,4224,codewars,EASY,True
train,4226,codeforces,VERY_HARD,True
train,4227,codeforces,EASY,True
train,4228,codeforces,MEDIUM_HARD,True
train,4231,codewars,EASY,True
train,4233,codeforces,HARD,True
train,4234,atcoder,EASY,True
train,4236,codeforces,EASY,True
train,4238,codeforces,EASY,True
train,4240,geeksforgeeks,EASY,True
train,4241,codeforces,MEDIUM_HARD,True
train,4243,codewars,EASY,True
train,4244,hackerearth,EASY,False
train,4246,geeksforgeeks,MEDIUM,True
train,4247,aizu,UNKNOWN_DIFFICULTY,False
train,4248,codechef,VERY_HARD,True
train,4250,codewars,EASY,True
train,4251,codechef,HARD,True
train,4252,codeforces,HARD,True
train,4254,hackerearth,EASY,False
train,4256,geeksforgeeks,MEDIUM,True
train,4257,codewars,EASY,True
train,4258,atcoder,UNKNOWN_DIFFICULTY,False
train,4262,codewars,EASY,True
train,4265,codeforces,EASY,True
train,4267,codewars,EASY,True
train,4268,codeforces,EASY,True
train,4269,codeforces,MEDIUM_HARD,True
train,4270,codeforces,EASY,True
train,4271,codeforces,MEDIUM_HARD,True
train,4272,codechef,UNKNOWN_DIFFICULTY,True
train,4273,atcoder,EASY,True
train,4274,hackerearth,UNKNOWN_DIFFICULTY,False
train,4276,atcoder,EASY,True
train,4277,hackerearth,EASY,False
train,4278,codeforces,EASY,True
train,4280,codechef,HARD,True
train,4281,codeforces,EASY,True
train,4282,geeksforgeeks,EASY,True
train,4283,atcoder,UNKNOWN_DIFFICULTY,False
train,4284,codewars,EASY,True
train,4285,codeforces,MEDIUM_HARD,True
train,4286,hackerearth,MEDIUM,False
train,4287,aizu,UNKNOWN_DIFFICULTY,False
train,4288,codechef,VERY_HARD,True
train,4289,codewars,EASY,True
train,4290,geeksforgeeks,EASY,True
train,4292,codeforces,EASY,True
train,4293,hackerearth,UNKNOWN_DIFFICULTY,False
train,4294,codeforces,HARD,True
train,4295,hackerearth,EASY,False
train,4298,codewars,EASY,True
train,4299,codewars,EASY,True
train,4300,codechef,MEDIUM,True
train,4304,codeforces,VERY_HARD,True
train,4305,hackerearth,EASY,False
train,4306,codechef,VERY_HARD,True
train,4307,codeforces,VERY_HARD,True
train,4308,hackerearth,UNKNOWN_DIFFICULTY,False
train,4309,hackerearth,EASY,False
train,4310,codeforces,HARD,True
train,4311,codewars,EASY,True
train,4312,codechef,EASY,True
train,4314,geeksforgeeks,EASY,True
train,4315,codewars,EASY,True
train,4316,codewars,EASY,True
train,4317,atcoder,UNKNOWN_DIFFICULTY,False
train,4318,codechef,VERY_HARD,True
train,4320,codeforces,MEDIUM_HARD,True
train,4321,atcoder,VERY_HARD,True
train,4322,codechef,UNKNOWN_DIFFICULTY,True
train,4324,hackerearth,EASY,False
train,4325,aizu,UNKNOWN_DIFFICULTY,False
train,4326,codewars,EASY,True
train,4327,codeforces,HARD,True
train,4329,codeforces,EASY,True
train,4330,leetcode,MEDIUM_HARD,True
train,4331,codeforces,HARD,True
train,4333,codechef,VERY_HARD,True
train,4334,codechef,MEDIUM_HARD,True
train,4336,atcoder,UNKNOWN_DIFFICULTY,False
train,4339,codeforces,HARD,True
train,4340,codeforces,HARD,True
train,4341,aizu,UNKNOWN_DIFFICULTY,False
train,4342,codewars,EASY,True
train,4343,codewars,EASY,True
train,4344,codeforces,EASY,True
train,4346,codeforces,HARD,True
train,4347,geeksforgeeks,EASY,True
train,4349,aizu,UNKNOWN_DIFFICULTY,False
train,4350,geeksforgeeks,MEDIUM,True
train,4352,hackerearth,EASY,False
train,4353,codeforces,EASY,True
train,4354,aizu,UNKNOWN_DIFFICULTY,False
train,4355,codewars,EASY,True
train,4359,codeforces,VERY_HARD,True
train,4361,geeksforgeeks,MEDIUM,True
train,4362,hackerearth,UNKNOWN_DIFFICULTY,False
train,4363,geeksforgeeks,MEDIUM,True
train,4365,atcoder,EASY,True
train,4366,hackerearth,EASY,False
train,4367,hackerearth,UNKNOWN_DIFFICULTY,False
train,4368,codewars,EASY,True
train,4370,aizu,UNKNOWN_DIFFICULTY,False
train,4372,codechef,MEDIUM_HARD,True
train,4373,codewars,EASY,True
train,4374,codeforces,MEDIUM_HARD,True
train,4375,hackerearth,UNKNOWN_DIFFICULTY,False
train,4376,codeforces,MEDIUM,True
train,4379,codeforces,MEDIUM_HARD,True
train,4380,codechef,UNKNOWN_DIFFICULTY,True
train,4381,atcoder,HARD,True
train,4382,aizu,UNKNOWN_DIFFICULTY,False
train,4383,aizu,UNKNOWN_DIFFICULTY,False
train,4386,codeforces,MEDIUM_HARD,True
train,4387,codewars,MEDIUM_HARD,True
train,4388,codeforces,HARD,True
train,4389,codeforces,EASY,True
train,4390,geeksforgeeks,MEDIUM,True
train,4392,codeforces,VERY_HARD,True
train,4395,codewars,MEDIUM_HARD,True
train,4396,codechef,UNKNOWN_DIFFICULTY,True
train,4397,codeforces,MEDIUM_HARD,True
train,4399,geeksforgeeks,EASY,True
train,4400,codewars,EASY,True
train,4401,codeforces,EASY,True
train,4403,codeforces,EASY,True
train,4404,codechef,MEDIUM_HARD,True
train,4405,atcoder,MEDIUM_HARD,True
train,4406,geeksforgeeks,EASY,True
train,4408,codeforces,EASY,True
train,4409,hackerearth,EASY,False
train,4413,codeforces,MEDIUM,True
train,4415,codechef,MEDIUM,True
train,4418,codeforces,MEDIUM_HARD,True
train,4419,geeksforgeeks,MEDIUM_HARD,True
train,4420,geeksforgeeks,MEDIUM,True
train,4421,codeforces,MEDIUM_HARD,True
train,4422,codeforces,MEDIUM_HARD,True
train,4423,codeforces,EASY,True
train,4424,codeforces,MEDIUM_HARD,True
train,4426,codeforces,EASY,True
train,4427,aizu,UNKNOWN_DIFFICULTY,False
train,4428,atcoder,MEDIUM_HARD,True
train,4429,atcoder,MEDIUM_HARD,True
train,4430,geeksforgeeks,MEDIUM,True
train,4431,aizu,UNKNOWN_DIFFICULTY,False
train,4433,geeksforgeeks,MEDIUM,True
train,4435,atcoder,MEDIUM_HARD,True
train,4438,codewars,EASY,True
train,4440,geeksforgeeks,EASY,True
train,4441,atcoder,EASY,True
train,4442,codeforces,EASY,True
train,4443,codechef,EASY,True
train,4444,codechef,EASY,True
train,4450,codechef,UNKNOWN_DIFFICULTY,True
train,4451,codeforces,EASY,True
train,4453,codechef,VERY_HARD,True
train,4455,aizu,UNKNOWN_DIFFICULTY,False
train,4460,leetcode,MEDIUM,True
train,4462,codeforces,MEDIUM_HARD,True
train,4463,codeforces,HARD,True
train,4464,codeforces,HARD,True
train,4465,geeksforgeeks,EASY,True
train,4467,codeforces,MEDIUM_HARD,True
train,4468,codechef,EASY,True
train,4469,codewars,EASY,True
train,4470,atcoder,UNKNOWN_DIFFICULTY,False
train,4472,codeforces,HARD,True
train,4473,codewars,EASY,True
train,4474,codewars,EASY,True
train,4475,codewars,EASY,True
train,4477,geeksforgeeks,EASY,True
train,4478,codeforces,HARD,True
train,4479,codeforces,MEDIUM_HARD,True
train,4480,codeforces,EASY,True
train,4483,codewars,EASY,True
train,4484,aizu,UNKNOWN_DIFFICULTY,False
train,4486,geeksforgeeks,EASY,True
train,4487,codewars,EASY,True
train,4488,geeksforgeeks,MEDIUM,True
train,4489,codeforces,HARD,True
train,4491,leetcode,MEDIUM,True
train,4492,codeforces,EASY,True
train,4493,geeksforgeeks,EASY,True
train,4494,codewars,EASY,True
train,4495,codeforces,EASY,True
train,4496,atcoder,UNKNOWN_DIFFICULTY,False
train,4498,geeksforgeeks,EASY,True
train,4502,codechef,UNKNOWN_DIFFICULTY,True
train,4503,codeforces,MEDIUM_HARD,True
train,4504,geeksforgeeks,EASY,True
train,4505,geeksforgeeks,EASY,True
train,4506,codewars,EASY,True
train,4507,codechef,EASY,True
train,4508,geeksforgeeks,EASY,True
train,4509,geeksforgeeks,MEDIUM,True
train,4510,codeforces,EASY,True
train,4511,codeforces,MEDIUM_HARD,True
train,4513,codeforces,MEDIUM_HARD,True
train,4514,geeksforgeeks,EASY,True
train,4515,codechef,UNKNOWN_DIFFICULTY,True
train,4516,atcoder,EASY,True
train,4517,codeforces,MEDIUM_HARD,True
train,4518,codechef,VERY_HARD,True
train,4520,atcoder,HARD,True
train,4521,codechef,EASY,True
train,4524,codechef,EASY,True
train,4525,codeforces,MEDIUM_HARD,True
train,4527,codechef,MEDIUM,True
train,4528,geeksforgeeks,MEDIUM,True
train,4529,codeforces,EASY,True
train,4531,codeforces,HARD,True
train,4532,codeforces,EASY,True
train,4533,codeforces,HARD,True
train,4534,geeksforgeeks,EASY,True
train,4535,hackerearth,EASY,False
train,4536,codechef,EASY,True
train,4537,codewars,EASY,True
train,4538,codewars,EASY,True
train,4539,aizu,UNKNOWN_DIFFICULTY,False
train,4541,codeforces,MEDIUM_HARD,True
train,4543,codewars,EASY,True
train,4544,aizu,UNKNOWN_DIFFICULTY,False
train,4545,codewars,EASY,True
train,4546,codewars,EASY,True
train,4549,codeforces,VERY_HARD,True
train,4550,codeforces,EASY,True
train,4551,leetcode,MEDIUM,True
train,4552,codechef,VERY_HARD,True
train,4553,codeforces,MEDIUM,True
train,4556,leetcode,MEDIUM,True
train,4558,aizu,UNKNOWN_DIFFICULTY,False
train,4562,codeforces,MEDIUM,True
train,4563,codeforces,MEDIUM,True
train,4564,codewars,EASY,True
train,4565,codeforces,MEDIUM,True
train,4566,codeforces,HARD,True
train,4567,codeforces,MEDIUM,True
train,4568,codechef,EASY,True
train,4570,codeforces,EASY,True
train,4571,codechef,HARD,True
train,4574,codeforces,MEDIUM_HARD,True
train,4575,codeforces,EASY,True
train,4576,codeforces,EASY,True
train,4577,codeforces,VERY_HARD,True
train,4579,aizu,UNKNOWN_DIFFICULTY,False
train,4580,codechef,VERY_HARD,True
train,4582,geeksforgeeks,EASY,True
train,4584,codeforces,MEDIUM_HARD,True
train,4586,codeforces,EASY,True
train,4587,codeforces,MEDIUM_HARD,True
train,4588,atcoder,UNKNOWN_DIFFICULTY,False
train,4591,geeksforgeeks,EASY,True
train,4592,codechef,EASY,True
train,4593,hackerearth,EASY,False
train,4595,codeforces,MEDIUM,True
train,4596,codeforces,MEDIUM,True
train,4597,codechef,EASY,True
train,4599,geeksforgeeks,EASY,True
train,4600,codechef,UNKNOWN_DIFFICULTY,True
train,4604,hackerearth,EASY,False
train,4606,atcoder,UNKNOWN_DIFFICULTY,False
train,4608,codechef,EASY,True
train,4609,codechef,UNKNOWN_DIFFICULTY,True
train,4610,geeksforgeeks,EASY,True
train,4611,atcoder,EASY,True
train,4612,codechef,UNKNOWN_DIFFICULTY,True
train,4613,geeksforgeeks,EASY,True
train,4615,codewars,EASY,True
train,4616,leetcode,EASY,True
train,4617,codewars,EASY,True
train,4622,codeforces,EASY,True
train,4623,codechef,UNKNOWN_DIFFICULTY,True
train,4625,aizu,UNKNOWN_DIFFICULTY,False
train,4626,hackerearth,UNKNOWN_DIFFICULTY,False
train,4628,geeksforgeeks,MEDIUM_HARD,True
train,4629,codeforces,MEDIUM_HARD,True
train,4630,codechef,EASY,True
train,4631,geeksforgeeks,MEDIUM,True
train,4632,codechef,EASY,True
train,4633,hackerearth,UNKNOWN_DIFFICULTY,False
train,4634,aizu,UNKNOWN_DIFFICULTY,False
train,4636,aizu,UNKNOWN_DIFFICULTY,False
train,4639,codeforces,VERY_HARD,True
train,4640,hackerearth,UNKNOWN_DIFFICULTY,False
train,4642,codeforces,HARD,True
train,4643,codeforces,HARD,True
train,4644,atcoder,MEDIUM,True
train,4646,aizu,UNKNOWN_DIFFICULTY,False
train,4649,codeforces,HARD,True
train,4650,codechef,UNKNOWN_DIFFICULTY,True
train,4651,aizu,UNKNOWN_DIFFICULTY,False
train,4652,codeforces,EASY,True
train,4655,codechef,MEDIUM_HARD,True
train,4656,codechef,UNKNOWN_DIFFICULTY,True
train,4657,hackerearth,MEDIUM,False
train,4658,codechef,MEDIUM_HARD,True
train,4659,codechef,EASY,True
train,4660,geeksforgeeks,MEDIUM,True
train,4661,geeksforgeeks,EASY,True
train,4662,atcoder,UNKNOWN_DIFFICULTY,False
train,4663,codeforces,EASY,True
train,4666,codeforces,EASY,True
train,4667,codeforces,EASY,True
train,4668,codechef,MEDIUM,True
train,4669,codechef,EASY,True
train,4670,geeksforgeeks,MEDIUM,True
train,4672,codechef,EASY,True
train,4674,codechef,MEDIUM_HARD,True
train,4675,codeforces,VERY_HARD,True
train,4677,geeksforgeeks,EASY,True
train,4681,atcoder,UNKNOWN_DIFFICULTY,False
train,4682,codewars,MEDIUM,True
train,4683,atcoder,UNKNOWN_DIFFICULTY,False
train,4684,aizu,UNKNOWN_DIFFICULTY,False
train,4685,geeksforgeeks,EASY,True
train,4686,atcoder,HARD,True
train,4687,codewars,EASY,True
train,4688,geeksforgeeks,EASY,True
train,4689,codeforces,MEDIUM_HARD,True
train,4690,codeforces,HARD,True
train,4693,codeforces,EASY,True
train,4694,hackerearth,MEDIUM,False
train,4695,codeforces,EASY,True
train,4696,geeksforgeeks,MEDIUM,True
train,4698,codeforces,HARD,True
train,4699,codewars,EASY,True
train,4700,atcoder,VERY_HARD,True
train,4703,geeksforgeeks,EASY,True
train,4705,codeforces,MEDIUM,True
train,4706,codechef,UNKNOWN_DIFFICULTY,True
train,4708,codeforces,MEDIUM_HARD,True
train,4710,geeksforgeeks,EASY,True
train,4711,atcoder,UNKNOWN_DIFFICULTY,False
train,4713,atcoder,MEDIUM_HARD,True
train,4714,codeforces,MEDIUM,True
train,4716,geeksforgeeks,EASY,True
train,4717,codechef,VERY_HARD,True
train,4719,codeforces,HARD,True
train,4720,geeksforgeeks,EASY,True
train,4722,codeforces,EASY,True
train,4723,geeksforgeeks,EASY,True
train,4724,codeforces,MEDIUM_HARD,True
train,4725,aizu,UNKNOWN_DIFFICULTY,False
train,4728,codeforces,HARD,True
train,4729,codechef,UNKNOWN_DIFFICULTY,True
train,4730,aizu,UNKNOWN_DIFFICULTY,False
train,4731,codechef,EASY,True
train,4736,codechef,EASY,True
train,4737,codewars,EASY,True
train,4738,atcoder,EASY,True
train,4740,codechef,MEDIUM_HARD,True
train,4741,codeforces,HARD,True
train,4744,codechef,MEDIUM,True
train,4745,codechef,VERY_HARD,True
train,4746,hackerearth,EASY,False
train,4748,codeforces,MEDIUM,True
train,4749,codechef,HARD,True
train,4751,aizu,UNKNOWN_DIFFICULTY,False
train,4752,codeforces,MEDIUM_HARD,True
train,4754,aizu,UNKNOWN_DIFFICULTY,False
train,4757,aizu,UNKNOWN_DIFFICULTY,False
train,4758,codeforces,HARD,True
train,4760,codechef,EASY,True
train,4762,codeforces,EASY,True
train,4763,leetcode,MEDIUM_HARD,True
train,4764,atcoder,UNKNOWN_DIFFICULTY,False
train,4765,codeforces,EASY,True
train,4767,hackerearth,EASY,False
train,4768,codeforces,MEDIUM,True
train,4769,codechef,EASY,True
train,4770,codechef,HARD,True
train,4771,aizu,UNKNOWN_DIFFICULTY,False
train,4773,aizu,UNKNOWN_DIFFICULTY,False
train,4775,geeksforgeeks,MEDIUM,True
train,4776,aizu,UNKNOWN_DIFFICULTY,False
train,4777,codeforces,HARD,True
train,4778,aizu,UNKNOWN_DIFFICULTY,False
train,4779,codewars,EASY,True
train,4780,codeforces,MEDIUM_HARD,True
train,4782,codechef,MEDIUM_HARD,True
train,4783,aizu,UNKNOWN_DIFFICULTY,False
train,4784,codeforces,EASY,True
train,4787,codechef,UNKNOWN_DIFFICULTY,True
train,4790,atcoder,EASY,True
train,4791,geeksforgeeks,EASY,True
train,4792,geeksforgeeks,MEDIUM,True
train,4793,aizu,UNKNOWN_DIFFICULTY,False
train,4795,leetcode,MEDIUM,True
train,4796,codewars,EASY,True
train,4798,hackerearth,EASY,False
train,4800,codewars,EASY,True
train,4801,codewars,EASY,True
train,4802,atcoder,EASY,True
train,4803,aizu,UNKNOWN_DIFFICULTY,False
train,4804,codeforces,MEDIUM_HARD,True
train,4805,codeforces,EASY,True
train,4806,codechef,EASY,True
train,4811,hackerearth,EASY,False
train,4812,codeforces,HARD,True
train,4813,codechef,EASY,True
train,4814,atcoder,UNKNOWN_DIFFICULTY,False
train,4817,geeksforgeeks,EASY,True
train,4819,atcoder,EASY,True
train,4822,codechef,UNKNOWN_DIFFICULTY,True
train,4823,aizu,UNKNOWN_DIFFICULTY,False
train,4824,codechef,VERY_HARD,True
train,4825,codeforces,HARD,True
train,4826,codechef,MEDIUM_HARD,True
train,4827,geeksforgeeks,EASY,True
train,4828,codeforces,EASY,True
train,4829,hackerearth,EASY,False
train,4830,codechef,UNKNOWN_DIFFICULTY,True
train,4831,codewars,EASY,True
train,4832,codewars,EASY,True
train,4833,codechef,UNKNOWN_DIFFICULTY,True
train,4835,codewars,MEDIUM_HARD,True
train,4836,codeforces,HARD,True
train,4839,codechef,VERY_HARD,True
train,4840,codeforces,VERY_HARD,True
train,4841,codechef,MEDIUM_HARD,True
train,4842,codewars,EASY,True
train,4845,codechef,EASY,True
train,4846,codeforces,HARD,True
train,4847,leetcode,EASY,True
train,4848,codeforces,VERY_HARD,True
train,4849,geeksforgeeks,MEDIUM,True
train,4850,codeforces,HARD,True
train,4851,codewars,EASY,True
train,4854,codewars,EASY,True
train,4855,codechef,UNKNOWN_DIFFICULTY,True
train,4856,atcoder,UNKNOWN_DIFFICULTY,False
train,4857,codeforces,HARD,True
train,4859,geeksforgeeks,EASY,True
train,4860,codeforces,HARD,True
train,4861,aizu,UNKNOWN_DIFFICULTY,False
train,4864,geeksforgeeks,MEDIUM,True
train,4865,codeforces,HARD,True
train,4867,codeforces,MEDIUM,True
train,4870,geeksforgeeks,EASY,True
train,4871,codeforces,HARD,True
train,4872,codeforces,HARD,True
train,4873,geeksforgeeks,EASY,True
train,4874,codeforces,EASY,True
train,4875,codeforces,EASY,True
train,4878,hackerearth,UNKNOWN_DIFFICULTY,False
train,4879,geeksforgeeks,EASY,True
train,4880,codechef,UNKNOWN_DIFFICULTY,True
train,4881,aizu,UNKNOWN_DIFFICULTY,False
train,4883,codeforces,EASY,True
train,4884,codeforces,MEDIUM,True
train,4885,codeforces,MEDIUM,True
train,4888,codewars,EASY,True
train,4889,codeforces,HARD,True
train,4890,geeksforgeeks,EASY,True
train,4893,hackerearth,MEDIUM,False
train,4894,codeforces,HARD,True
train,4897,geeksforgeeks,MEDIUM,True
train,4898,atcoder,MEDIUM,True
train,4900,hackerearth,UNKNOWN_DIFFICULTY,False
train,4902,codeforces,MEDIUM,True
train,4903,aizu,UNKNOWN_DIFFICULTY,False
train,4904,codechef,EASY,True
train,4905,codeforces,MEDIUM,True
train,4907,codewars,EASY,True
train,4908,codeforces,EASY,True
train,4910,atcoder,UNKNOWN_DIFFICULTY,False
train,4911,atcoder,MEDIUM,True
train,4913,codeforces,HARD,True
train,4915,hackerearth,UNKNOWN_DIFFICULTY,False
train,4916,aizu,UNKNOWN_DIFFICULTY,False
train,4917,geeksforgeeks,EASY,True
train,4918,codeforces,EASY,True
train,4919,leetcode,MEDIUM,True
train,4920,codewars,EASY,True
train,4922,geeksforgeeks,EASY,True
train,4923,codechef,UNKNOWN_DIFFICULTY,True
train,4925,geeksforgeeks,MEDIUM,True
train,4927,codeforces,EASY,True
train,4928,codeforces,MEDIUM,True
train,4932,codeforces,MEDIUM,True
train,4933,codechef,MEDIUM_HARD,True
train,4934,codeforces,EASY,True
train,4935,geeksforgeeks,EASY,True
train,4936,codeforces,EASY,True
train,4938,geeksforgeeks,EASY,True
train,4939,aizu,UNKNOWN_DIFFICULTY,False
train,4940,codechef,VERY_HARD,True
train,4942,atcoder,EASY,True
train,4944,aizu,UNKNOWN_DIFFICULTY,False
train,4945,codeforces,MEDIUM_HARD,True
train,4947,geeksforgeeks,EASY,True
train,4948,geeksforgeeks,EASY,True
train,4949,codewars,EASY,True
train,4950,atcoder,EASY,True
train,4953,aizu,UNKNOWN_DIFFICULTY,False
train,4954,codewars,EASY,True
train,4955,aizu,UNKNOWN_DIFFICULTY,False
train,4956,codeforces,EASY,True
train,4958,atcoder,UNKNOWN_DIFFICULTY,False
train,4961,leetcode,MEDIUM,True
train,4962,codeforces,EASY,True
train,4963,codewars,EASY,True
train,4964,codechef,EASY,True
train,4965,codechef,VERY_HARD,True
train,4966,atcoder,UNKNOWN_DIFFICULTY,False
train,4967,codeforces,EASY,True
train,4969,codeforces,MEDIUM,True
train,4970,geeksforgeeks,EASY,True
train,4973,codeforces,EASY,True
train,4974,geeksforgeeks,EASY,True
train,4975,codeforces,MEDIUM_HARD,True
train,4976,hackerearth,UNKNOWN_DIFFICULTY,False
train,4977,leetcode,MEDIUM_HARD,True
train,4978,geeksforgeeks,MEDIUM,True
train,4979,codeforces,EASY,True
train,4980,codeforces,MEDIUM_HARD,True
train,4982,geeksforgeeks,EASY,True
train,4983,geeksforgeeks,MEDIUM,True
train,4986,codeforces,EASY,True
train,4988,hackerearth,EASY,False
train,4989,aizu,UNKNOWN_DIFFICULTY,False
train,4990,codechef,HARD,True
train,4991,codewars,EASY,True
train,4992,geeksforgeeks,MEDIUM,True
train,4994,atcoder,HARD,True
train,4996,geeksforgeeks,EASY,True
train,4998,codechef,VERY_HARD,True
train,5000,aizu,UNKNOWN_DIFFICULTY,False
train,5001,codeforces,EASY,True
train,5002,codeforces,MEDIUM_HARD,True
train,5004,aizu,UNKNOWN_DIFFICULTY,False
train,5005,geeksforgeeks,MEDIUM_HARD,True
train,5008,codeforces,MEDIUM,True
train,5009,codechef,UNKNOWN_DIFFICULTY,True
train,5010,codeforces,MEDIUM_HARD,True
train,5011,aizu,UNKNOWN_DIFFICULTY,False
train,5012,atcoder,MEDIUM_HARD,True
train,5013,codeforces,MEDIUM_HARD,True
train,5014,codeforces,EASY,True
train,5016,codeforces,MEDIUM_HARD,True
train,5017,geeksforgeeks,MEDIUM,True
train,5019,codewars,EASY,True
train,5020,geeksforgeeks,EASY,True
train,5025,codeforces,MEDIUM_HARD,True
train,5026,codewars,EASY,True
train,5027,geeksforgeeks,MEDIUM,True
train,5029,codewars,EASY,True
train,5032,codeforces,VERY_HARD,True
train,5033,atcoder,UNKNOWN_DIFFICULTY,False
train,5035,codeforces,VERY_HARD,True
train,5037,codechef,EASY,True
train,5038,codewars,EASY,True
train,5039,codeforces,EASY,True
train,5041,codeforces,EASY,True
train,5042,codeforces,EASY,True
train,5043,codeforces,HARD,True
train,5044,geeksforgeeks,MEDIUM_HARD,True
train,5045,codewars,MEDIUM_HARD,True
train,5046,geeksforgeeks,MEDIUM,True
train,5047,geeksforgeeks,MEDIUM,True
train,5049,codeforces,MEDIUM,True
train,5050,codechef,UNKNOWN_DIFFICULTY,True
train,5052,aizu,UNKNOWN_DIFFICULTY,False
train,5053,codechef,UNKNOWN_DIFFICULTY,True
train,5055,atcoder,UNKNOWN_DIFFICULTY,False
train,5056,aizu,UNKNOWN_DIFFICULTY,False
train,5058,hackerearth,UNKNOWN_DIFFICULTY,False
train,5060,codechef,MEDIUM_HARD,True
train,5061,atcoder,UNKNOWN_DIFFICULTY,False
train,5063,geeksforgeeks,EASY,True
train,5064,codechef,EASY,True
train,5065,codewars,EASY,True
train,5066,codechef,UNKNOWN_DIFFICULTY,True
train,5067,codechef,MEDIUM_HARD,True
train,5068,codeforces,MEDIUM_HARD,True
train,5069,atcoder,UNKNOWN_DIFFICULTY,False
train,5070,aizu,UNKNOWN_DIFFICULTY,False
train,5073,codechef,EASY,True
train,5074,codeforces,EASY,True
train,5076,codewars,EASY,True
train,5077,codeforces,HARD,True
train,5078,atcoder,EASY,True
train,5079,codechef,UNKNOWN_DIFFICULTY,True
train,5080,geeksforgeeks,MEDIUM,True
train,5081,codeforces,MEDIUM_HARD,True
train,5085,codeforces,MEDIUM,True
train,5086,codewars,EASY,True
train,5087,codewars,EASY,True
train,5088,codeforces,EASY,True
train,5092,codewars,EASY,True
train,5095,codeforces,VERY_HARD,True
train,5096,codechef,VERY_HARD,True
train,5097,hackerearth,EASY,False
train,5098,codeforces,HARD,True
train,5099,atcoder,VERY_HARD,True
train,5100,atcoder,EASY,True
train,5101,codechef,UNKNOWN_DIFFICULTY,True
train,5102,geeksforgeeks,EASY,True
train,5103,codeforces,EASY,True
train,5106,codewars,EASY,True
train,5107,aizu,UNKNOWN_DIFFICULTY,False
train,5109,geeksforgeeks,EASY,True
train,5110,geeksforgeeks,MEDIUM,True
train,5111,codeforces,HARD,True
train,5112,codeforces,EASY,True
train,5113,codeforces,MEDIUM_HARD,True
train,5117,codewars,EASY,True
train,5119,codechef,MEDIUM_HARD,True
train,5120,codewars,EASY,True
train,5121,codechef,MEDIUM_HARD,True
train,5123,codeforces,HARD,True
train,5124,aizu,UNKNOWN_DIFFICULTY,False
train,5125,aizu,UNKNOWN_DIFFICULTY,False
train,5127,leetcode,MEDIUM,True
train,5128,codeforces,EASY,True
train,5129,geeksforgeeks,EASY,True
train,5130,atcoder,UNKNOWN_DIFFICULTY,False
train,5131,geeksforgeeks,MEDIUM,True
train,5132,codechef,UNKNOWN_DIFFICULTY,True
train,5133,atcoder,EASY,True
train,5137,codeforces,HARD,True
train,5138,codeforces,MEDIUM_HARD,True
train,5139,codeforces,HARD,True
train,5140,geeksforgeeks,EASY,True
train,5141,geeksforgeeks,EASY,True
train,5142,leetcode,MEDIUM_HARD,True
train,5144,geeksforgeeks,EASY,True
train,5146,geeksforgeeks,EASY,True
train,5148,leetcode,EASY,True
train,5149,aizu,UNKNOWN_DIFFICULTY,False
train,5150,aizu,UNKNOWN_DIFFICULTY,False
train,5154,codeforces,MEDIUM_HARD,True
train,5155,codechef,UNKNOWN_DIFFICULTY,True
train,5156,codeforces,EASY,True
train,5157,codeforces,HARD,True
train,5158,codewars,EASY,True
train,5161,aizu,UNKNOWN_DIFFICULTY,False
train,5162,codeforces,HARD,True
train,5163,codeforces,VERY_HARD,True
train,5165,codeforces,HARD,True
train,5166,codeforces,MEDIUM,True
train,5167,codeforces,MEDIUM_HARD,True
train,5170,codeforces,MEDIUM,True
train,5171,aizu,UNKNOWN_DIFFICULTY,False
train,5172,geeksforgeeks,MEDIUM_HARD,True
train,5174,codewars,EASY,True
train,5176,atcoder,UNKNOWN_DIFFICULTY,False
train,5177,codeforces,EASY,True
train,5178,codewars,EASY,True
train,5180,codeforces,EASY,True
train,5181,geeksforgeeks,MEDIUM,True
train,5183,codechef,HARD,True
train,5184,codechef,MEDIUM_HARD,True
train,5185,codeforces,EASY,True
train,5186,codeforces,EASY,True
train,5188,hackerearth,EASY,False
train,5189,geeksforgeeks,MEDIUM,True
train,5190,atcoder,EASY,True
train,5191,geeksforgeeks,EASY,True
train,5192,atcoder,HARD,True
train,5193,codechef,EASY,True
train,5195,codechef,EASY,True
train,5196,geeksforgeeks,EASY,True
train,5197,codechef,UNKNOWN_DIFFICULTY,True
train,5198,codechef,UNKNOWN_DIFFICULTY,True
train,5200,hackerearth,UNKNOWN_DIFFICULTY,False
train,5201,codeforces,HARD,True
train,5202,codewars,EASY,True
train,5203,atcoder,MEDIUM,True
train,5205,codewars,EASY,True
train,5206,geeksforgeeks,MEDIUM,True
train,5207,aizu,UNKNOWN_DIFFICULTY,False
train,5209,codeforces,HARD,True
train,5210,codeforces,MEDIUM_HARD,True
train,5211,codechef,UNKNOWN_DIFFICULTY,True
train,5212,codechef,UNKNOWN_DIFFICULTY,True
train,5213,codeforces,MEDIUM,True
train,5214,codewars,EASY,True
train,5215,leetcode,MEDIUM,True
train,5216,atcoder,EASY,True
train,5217,codeforces,MEDIUM_HARD,True
train,5218,codechef,UNKNOWN_DIFFICULTY,True
train,5221,codeforces,HARD,True
train,5225,leetcode,MEDIUM,True
train,5228,codeforces,VERY_HARD,True
train,5229,aizu,UNKNOWN_DIFFICULTY,False
train,5230,codewars,EASY,True
train,5231,aizu,UNKNOWN_DIFFICULTY,False
train,5233,geeksforgeeks,EASY,True
train,5235,codeforces,MEDIUM,True
train,5236,hackerearth,UNKNOWN_DIFFICULTY,False
train,5237,geeksforgeeks,MEDIUM,True
train,5239,codeforces,MEDIUM_HARD,True
train,5240,geeksforgeeks,MEDIUM,True
train,5241,codeforces,MEDIUM_HARD,True
train,5244,codeforces,MEDIUM,True
train,5245,codechef,EASY,True
train,5247,codechef,VERY_HARD,True
train,5248,atcoder,EASY,True
train,5249,codeforces,HARD,True
train,5251,codeforces,MEDIUM_HARD,True
train,5252,codechef,HARD,True
train,5253,codeforces,HARD,True
train,5254,codeforces,MEDIUM,True
train,5255,leetcode,MEDIUM,True
train,5256,codeforces,MEDIUM_HARD,True
train,5257,codechef,MEDIUM,True
train,5260,codeforces,HARD,True
train,5261,aizu,UNKNOWN_DIFFICULTY,False
train,5262,codechef,UNKNOWN_DIFFICULTY,True
train,5263,codewars,EASY,True
train,5264,codeforces,HARD,True
train,5265,geeksforgeeks,EASY,True
train,5266,codeforces,MEDIUM_HARD,True
train,5268,geeksforgeeks,EASY,True
train,5269,codechef,EASY,True
train,5270,aizu,UNKNOWN_DIFFICULTY,False
train,5271,codechef,MEDIUM_HARD,True
train,5272,geeksforgeeks,MEDIUM,True
train,5273,geeksforgeeks,MEDIUM,True
train,5277,codeforces,HARD,True
train,5278,hackerearth,MEDIUM,False
train,5279,codewars,EASY,True
train,5281,codeforces,MEDIUM,True
train,5282,geeksforgeeks,EASY,True
train,5283,codeforces,EASY,True
train,5284,codewars,EASY,True
train,5286,geeksforgeeks,EASY,True
train,5288,codeforces,MEDIUM_HARD,True
train,5289,codewars,EASY,True
train,5291,aizu,UNKNOWN_DIFFICULTY,False
train,5292,codewars,EASY,True
train,5293,codeforces,EASY,True
train,5295,aizu,UNKNOWN_DIFFICULTY,False
train,5296,atcoder,UNKNOWN_DIFFICULTY,False
train,5298,hackerearth,EASY,False
train,5300,geeksforgeeks,EASY,True
train,5305,codeforces,EASY,True
train,5308,leetcode,MEDIUM,True
train,5309,codeforces,EASY,True
train,5310,codechef,MEDIUM,True
train,5312,hackerearth,EASY,False
train,5315,aizu,UNKNOWN_DIFFICULTY,False
train,5316,leetcode,EASY,True
train,5318,codechef,MEDIUM_HARD,True
train,5319,codeforces,EASY,True
train,5323,geeksforgeeks,EASY,True
train,5324,codechef,UNKNOWN_DIFFICULTY,True
train,5326,codeforces,HARD,True
train,5327,geeksforgeeks,EASY,True
train,5330,codechef,VERY_HARD,True
train,5331,codeforces,EASY,True
train,5334,geeksforgeeks,EASY,True
train,5336,atcoder,EASY,True
train,5337,codeforces,HARD,True
train,5342,atcoder,MEDIUM,True
train,5344,hackerearth,UNKNOWN_DIFFICULTY,False
train,5345,codechef,EASY,True
train,5347,aizu,UNKNOWN_DIFFICULTY,False
train,5349,codeforces,EASY,True
train,5350,geeksforgeeks,MEDIUM,True
train,5351,codeforces,EASY,True
train,5352,codeforces,MEDIUM,True
train,5353,codeforces,MEDIUM_HARD,True
train,5354,hackerearth,UNKNOWN_DIFFICULTY,False
train,5355,codechef,EASY,True
train,5357,codeforces,EASY,True
train,5358,codechef,UNKNOWN_DIFFICULTY,True
train,5360,geeksforgeeks,EASY,True
train,5361,codeforces,EASY,True
train,5362,hackerearth,EASY,False
train,5364,hackerearth,UNKNOWN_DIFFICULTY,False
train,5365,codeforces,EASY,True
train,5366,codeforces,MEDIUM_HARD,True
train,5368,hackerearth,UNKNOWN_DIFFICULTY,False
train,5369,codechef,VERY_HARD,True
train,5373,codeforces,EASY,True
train,5375,codeforces,HARD,True
train,5377,hackerearth,EASY,False
train,5378,codechef,MEDIUM_HARD,True
train,5379,codewars,EASY,True
train,5380,codewars,EASY,True
train,5382,hackerearth,EASY,False
train,5383,codechef,EASY,True
train,5384,codechef,EASY,True
train,5385,codeforces,MEDIUM,True
train,5387,codeforces,MEDIUM,True
train,5389,codechef,UNKNOWN_DIFFICULTY,True
train,5391,codeforces,MEDIUM_HARD,True
train,5392,codechef,EASY,True
train,5394,codewars,EASY,True
train,5395,codechef,MEDIUM,True
train,5396,codeforces,VERY_HARD,True
train,5397,codechef,HARD,True
train,5398,codeforces,EASY,True
train,5400,aizu,UNKNOWN_DIFFICULTY,False
train,5402,codeforces,HARD,True
train,5403,codeforces,EASY,True
train,5404,hackerearth,MEDIUM,False
train,5405,codechef,VERY_HARD,True
train,5406,codeforces,EASY,True
train,5407,atcoder,EASY,True
train,5408,codeforces,HARD,True
train,5409,codechef,MEDIUM,True
train,5410,codeforces,EASY,True
train,5411,codeforces,MEDIUM_HARD,True
train,5412,codechef,UNKNOWN_DIFFICULTY,True
train,5413,codechef,EASY,True
train,5414,aizu,UNKNOWN_DIFFICULTY,False
train,5415,codechef,UNKNOWN_DIFFICULTY,True
train,5417,geeksforgeeks,MEDIUM,True
train,5418,codeforces,MEDIUM,True
train,5420,codeforces,EASY,True
train,5421,codechef,MEDIUM,True
train,5422,codeforces,HARD,True
train,5423,atcoder,VERY_HARD,True
train,5424,geeksforgeeks,EASY,True
train,5426,hackerearth,UNKNOWN_DIFFICULTY,False
train,5429,geeksforgeeks,MEDIUM,True
train,5431,leetcode,MEDIUM_HARD,True
train,5433,codeforces,EASY,True
train,5434,codewars,EASY,True
train,5435,atcoder,UNKNOWN_DIFFICULTY,False
train,5436,codeforces,MEDIUM_HARD,True
train,5438,codeforces,MEDIUM_HARD,True
train,5439,codeforces,EASY,True
train,5440,codechef,VERY_HARD,True
train,5441,geeksforgeeks,MEDIUM_HARD,True
train,5442,codeforces,MEDIUM,True
train,5443,aizu,UNKNOWN_DIFFICULTY,False
train,5444,aizu,UNKNOWN_DIFFICULTY,False
train,5446,codeforces,MEDIUM_HARD,True
train,5447,aizu,UNKNOWN_DIFFICULTY,False
train,5448,geeksforgeeks,EASY,True
train,5450,codechef,MEDIUM,True
train,5451,codeforces,HARD,True
train,5452,codewars,EASY,True
train,5453,codeforces,EASY,True
train,5454,codechef,HARD,True
train,5457,geeksforgeeks,EASY,True
train,5458,hackerearth,MEDIUM,False
train,5459,aizu,UNKNOWN_DIFFICULTY,False
train,5460,codewars,EASY,True
train,5461,codeforces,MEDIUM_HARD,True
train,5463,geeksforgeeks,MEDIUM,True
train,5467,codechef,VERY_HARD,True
train,5468,codechef,EASY,True
train,5470,codeforces,VERY_HARD,True
train,5472,codeforces,EASY,True
train,5473,codeforces,HARD,True
train,5474,codeforces,HARD,True
train,5476,codeforces,EASY,True
train,5477,geeksforgeeks,MEDIUM,True
train,5479,codeforces,MEDIUM_HARD,True
train,5480,atcoder,EASY,True
train,5481,geeksforgeeks,EASY,True
train,5482,geeksforgeeks,EASY,True
train,5483,atcoder,EASY,True
train,5484,aizu,UNKNOWN_DIFFICULTY,False
train,5487,codewars,EASY,True
train,5488,codewars,MEDIUM_HARD,True
train,5489,codeforces,HARD,True
train,5490,codeforces,EASY,True
train,5491,geeksforgeeks,EASY,True
train,5492,codewars,EASY,True
train,5493,codeforces,HARD,True
train,5494,geeksforgeeks,MEDIUM,True
train,5495,hackerearth,UNKNOWN_DIFFICULTY,False
train,5496,codechef,MEDIUM_HARD,True
train,5497,aizu,UNKNOWN_DIFFICULTY,False
train,5498,codeforces,MEDIUM_HARD,True
train,5499,hackerearth,EASY,False
train,5500,codechef,EASY,True
train,5501,codeforces,MEDIUM,True
train,5503,codeforces,MEDIUM,True
train,5504,codeforces,MEDIUM,True
train,5506,aizu,UNKNOWN_DIFFICULTY,False
train,5511,codewars,EASY,True
train,5512,aizu,UNKNOWN_DIFFICULTY,False
train,5516,hackerearth,UNKNOWN_DIFFICULTY,False
train,5519,atcoder,EASY,True
train,5521,codewars,EASY,True
train,5522,aizu,UNKNOWN_DIFFICULTY,False
train,5523,codeforces,MEDIUM_HARD,True
train,5529,codewars,EASY,True
train,5530,geeksforgeeks,EASY,True
train,5531,codeforces,MEDIUM_HARD,True
train,5532,hackerearth,UNKNOWN_DIFFICULTY,False
train,5533,codeforces,MEDIUM_HARD,True
train,5534,hackerearth,EASY,False
train,5535,geeksforgeeks,MEDIUM,True
train,5536,codechef,VERY_HARD,True
train,5538,hackerearth,UNKNOWN_DIFFICULTY,False
train,5539,codeforces,EASY,True
train,5540,leetcode,EASY,True
train,5542,codeforces,MEDIUM,True
train,5544,leetcode,MEDIUM_HARD,True
train,5545,codeforces,HARD,True
train,5546,codeforces,MEDIUM,True
train,5547,codeforces,HARD,True
train,5548,codeforces,MEDIUM_HARD,True
train,5549,codeforces,MEDIUM,True
train,5550,codewars,EASY,True
train,5551,codeforces,HARD,True
train,5552,aizu,UNKNOWN_DIFFICULTY,False
train,5553,codewars,EASY,True
train,5554,codeforces,EASY,True
train,5555,geeksforgeeks,EASY,True
train,5556,geeksforgeeks,EASY,True
train,5557,geeksforgeeks,MEDIUM,True
train,5558,codeforces,MEDIUM_HARD,True
train,5559,geeksforgeeks,MEDIUM,True
train,5562,codechef,EASY,True
train,5563,geeksforgeeks,EASY,True
train,5564,geeksforgeeks,EASY,True
train,5568,codewars,EASY,True
train,5569,codewars,EASY,True
train,5570,geeksforgeeks,MEDIUM,True
train,5572,codeforces,HARD,True
train,5574,atcoder,UNKNOWN_DIFFICULTY,False
train,5575,geeksforgeeks,MEDIUM,True
train,5577,codeforces,VERY_HARD,True
train,5578,codeforces,VERY_HARD,True
train,5580,atcoder,EASY,True
train,5583,codewars,EASY,True
train,5585,atcoder,MEDIUM_HARD,True
train,5586,aizu,UNKNOWN_DIFFICULTY,False
train,5587,hackerearth,MEDIUM,False
train,5588,aizu,UNKNOWN_DIFFICULTY,False
train,5589,codechef,UNKNOWN_DIFFICULTY,True
train,5590,codechef,MEDIUM_HARD,True
train,5591,codechef,EASY,True
train,5593,geeksforgeeks,EASY,True
train,5594,codeforces,MEDIUM_HARD,True
train,5596,atcoder,EASY,True
train,5597,codeforces,HARD,True
train,5598,atcoder,UNKNOWN_DIFFICULTY,False
train,5599,codechef,MEDIUM_HARD,True
train,5600,codeforces,EASY,True
train,5601,geeksforgeeks,MEDIUM_HARD,True
train,5602,codeforces,MEDIUM_HARD,True
train,5604,codechef,MEDIUM,True
train,5605,aizu,UNKNOWN_DIFFICULTY,False
train,5606,codechef,EASY,True
train,5607,codechef,UNKNOWN_DIFFICULTY,True
train,5608,codechef,VERY_HARD,True
train,5609,codechef,VERY_HARD,True
train,5610,codeforces,MEDIUM_HARD,True
train,5611,aizu,UNKNOWN_DIFFICULTY,False
train,5612,codewars,EASY,True
train,5613,geeksforgeeks,EASY,True
train,5614,aizu,UNKNOWN_DIFFICULTY,False
train,5615,atcoder,MEDIUM,True
train,5616,geeksforgeeks,EASY,True
train,5617,codewars,EASY,True
train,5618,codechef,EASY,True
train,5619,codeforces,EASY,True
train,5620,codeforces,VERY_HARD,True
train,5621,codeforces,MEDIUM_HARD,True
train,5622,codechef,MEDIUM,True
train,5623,codewars,MEDIUM,True
train,5624,codeforces,HARD,True
train,5625,codechef,EASY,True
train,5626,codeforces,MEDIUM_HARD,True
train,5627,atcoder,EASY,True
train,5628,leetcode,MEDIUM_HARD,True
train,5629,atcoder,UNKNOWN_DIFFICULTY,False
train,5631,codechef,MEDIUM_HARD,True
train,5632,codeforces,HARD,True
train,5633,atcoder,EASY,True
train,5634,codechef,UNKNOWN_DIFFICULTY,True
train,5636,codeforces,HARD,True
train,5637,codeforces,EASY,True
train,5638,codeforces,VERY_HARD,True
train,5639,geeksforgeeks,MEDIUM,True
train,5640,codeforces,EASY,True
train,5641,geeksforgeeks,MEDIUM,True
train,5642,codeforces,HARD,True
train,5646,codechef,MEDIUM_HARD,True
train,5647,codeforces,EASY,True
train,5648,geeksforgeeks,EASY,True
train,5649,geeksforgeeks,EASY,True
train,5651,codeforces,HARD,True
train,5652,codeforces,EASY,True
train,5654,codechef,MEDIUM_HARD,True
train,5655,codeforces,MEDIUM_HARD,True
train,5656,hackerearth,EASY,False
train,5658,codeforces,HARD,True
train,5661,codeforces,EASY,True
train,5662,codechef,UNKNOWN_DIFFICULTY,True
train,5663,codechef,EASY,True
train,5664,codeforces,MEDIUM_HARD,True
train,5665,codeforces,EASY,True
train,5667,aizu,UNKNOWN_DIFFICULTY,False
train,5668,geeksforgeeks,EASY,True
train,5670,aizu,UNKNOWN_DIFFICULTY,False
train,5671,hackerearth,MEDIUM_HARD,False
train,5672,atcoder,UNKNOWN_DIFFICULTY,False
train,5673,codechef,MEDIUM_HARD,True
train,5674,codeforces,HARD,True
train,5675,geeksforgeeks,EASY,True
train,5676,hackerearth,EASY,False
train,5677,codeforces,MEDIUM,True
train,5678,codewars,EASY,True
train,5679,hackerearth,UNKNOWN_DIFFICULTY,False
train,5681,codechef,EASY,True
train,5682,codechef,HARD,True
train,5684,atcoder,UNKNOWN_DIFFICULTY,False
train,5686,codewars,EASY,True
train,5687,codeforces,EASY,True
train,5688,codeforces,EASY,True
train,5690,codechef,MEDIUM_HARD,True
train,5692,hackerearth,MEDIUM,False
train,5693,codeforces,MEDIUM,True
train,5694,codewars,EASY,True
train,5695,codewars,EASY,True
train,5696,codechef,UNKNOWN_DIFFICULTY,True
train,5697,codeforces,MEDIUM_HARD,True
train,5698,codeforces,HARD,True
train,5699,geeksforgeeks,EASY,True
train,5701,codewars,EASY,True
train,5702,codechef,MEDIUM_HARD,True
train,5703,codechef,UNKNOWN_DIFFICULTY,True
train,5705,codechef,EASY,True
train,5707,geeksforgeeks,EASY,True
train,5708,codechef,EASY,True
train,5709,geeksforgeeks,EASY,True
train,5710,codechef,MEDIUM,True
train,5712,leetcode,MEDIUM,True
train,5713,codechef,MEDIUM_HARD,True
train,5716,aizu,UNKNOWN_DIFFICULTY,False
train,5717,codeforces,VERY_HARD,True
train,5718,hackerearth,EASY,False
train,5719,atcoder,UNKNOWN_DIFFICULTY,False
train,5720,codechef,HARD,True
train,5721,codechef,VERY_HARD,True
train,5722,codeforces,EASY,True
train,5726,codechef,UNKNOWN_DIFFICULTY,True
train,5727,codeforces,EASY,True
train,5730,codeforces,MEDIUM_HARD,True
train,5731,codechef,UNKNOWN_DIFFICULTY,True
train,5732,hackerearth,UNKNOWN_DIFFICULTY,False
train,5733,geeksforgeeks,MEDIUM,True
train,5734,codeforces,HARD,True
train,5736,atcoder,UNKNOWN_DIFFICULTY,False
train,5740,atcoder,UNKNOWN_DIFFICULTY,False
train,5742,codewars,EASY,True
train,5743,codechef,EASY,True
train,5744,geeksforgeeks,EASY,True
train,5745,codeforces,MEDIUM_HARD,True
train,5747,geeksforgeeks,EASY,True
train,5749,codechef,MEDIUM,True
train,5751,codechef,UNKNOWN_DIFFICULTY,True
train,5752,aizu,UNKNOWN_DIFFICULTY,False
train,5753,geeksforgeeks,MEDIUM,True
train,5754,codeforces,MEDIUM_HARD,True
train,5762,codewars,EASY,True
train,5763,geeksforgeeks,EASY,True
train,5766,geeksforgeeks,EASY,True
train,5769,codewars,EASY,True
train,5770,codeforces,MEDIUM,True
train,5772,atcoder,EASY,True
train,5774,codewars,EASY,True
train,5775,aizu,UNKNOWN_DIFFICULTY,False
train,5778,codeforces,EASY,True
train,5779,codeforces,EASY,True
train,5780,codechef,EASY,True
train,5781,codeforces,EASY,True
train,5782,codeforces,HARD,True
train,5785,codewars,EASY,True
train,5786,codeforces,MEDIUM_HARD,True
train,5790,atcoder,EASY,True
train,5791,codeforces,EASY,True
train,5794,codechef,EASY,True
train,5795,codewars,EASY,True
train,5797,atcoder,MEDIUM,True
train,5799,aizu,UNKNOWN_DIFFICULTY,False
train,5800,codewars,EASY,True
train,5802,codechef,MEDIUM_HARD,True
train,5803,codewars,EASY,True
train,5804,geeksforgeeks,EASY,True
train,5806,aizu,UNKNOWN_DIFFICULTY,False
train,5807,codechef,UNKNOWN_DIFFICULTY,True
train,5808,codeforces,HARD,True
train,5809,hackerearth,MEDIUM,False
train,5810,aizu,UNKNOWN_DIFFICULTY,False
train,5811,atcoder,MEDIUM,True
train,5813,geeksforgeeks,EASY,True
train,5815,codeforces,HARD,True
train,5816,codewars,EASY,True
train,5818,geeksforgeeks,MEDIUM,True
train,5819,codeforces,HARD,True
train,5820,geeksforgeeks,EASY,True
train,5823,atcoder,UNKNOWN_DIFFICULTY,False
train,5824,geeksforgeeks,EASY,True
train,5825,codeforces,EASY,True
train,5826,hackerearth,UNKNOWN_DIFFICULTY,False
train,5827,codeforces,HARD,True
train,5828,codewars,EASY,True
train,5829,codewars,EASY,True
train,5830,geeksforgeeks,MEDIUM,True
train,5831,codeforces,EASY,True
train,5832,codeforces,MEDIUM,True
train,5833,atcoder,UNKNOWN_DIFFICULTY,False
train,5834,geeksforgeeks,MEDIUM,True
train,5835,codechef,MEDIUM_HARD,True
train,5836,atcoder,EASY,True
train,5839,codeforces,EASY,True
train,5840,codeforces,EASY,True
train,5841,codechef,UNKNOWN_DIFFICULTY,True
train,5842,codeforces,HARD,True
train,5843,codeforces,HARD,True
train,5844,codewars,EASY,True
train,5845,codeforces,HARD,True
train,5846,aizu,UNKNOWN_DIFFICULTY,False
train,5848,codewars,EASY,True
train,5850,atcoder,EASY,True
train,5853,geeksforgeeks,MEDIUM,True
train,5854,codeforces,EASY,True
train,5855,codechef,MEDIUM_HARD,True
train,5856,codeforces,EASY,True
train,5860,codeforces,HARD,True
train,5861,codechef,MEDIUM,True
train,5862,codewars,EASY,True
train,5863,codeforces,MEDIUM_HARD,True
train,5864,codewars,EASY,True
train,5865,aizu,UNKNOWN_DIFFICULTY,False
train,5867,geeksforgeeks,EASY,True
train,5868,geeksforgeeks,MEDIUM,True
train,5869,codechef,EASY,True
train,5870,geeksforgeeks,MEDIUM,True
train,5871,codeforces,MEDIUM_HARD,True
train,5872,codechef,HARD,True
train,5873,leetcode,EASY,True
train,5874,codeforces,MEDIUM_HARD,True
train,5875,aizu,UNKNOWN_DIFFICULTY,False
train,5876,atcoder,UNKNOWN_DIFFICULTY,False
train,5877,geeksforgeeks,MEDIUM_HARD,True
train,5878,codechef,UNKNOWN_DIFFICULTY,True
train,5880,hackerearth,UNKNOWN_DIFFICULTY,False
train,5881,codechef,EASY,True
train,5882,codewars,EASY,True
train,5883,aizu,UNKNOWN_DIFFICULTY,False
train,5884,codechef,MEDIUM_HARD,True
train,5886,codechef,MEDIUM,True
train,5887,codechef,EASY,True
train,5888,codeforces,MEDIUM,True
train,5889,leetcode,MEDIUM,True
train,5890,geeksforgeeks,MEDIUM,True
train,5891,codeforces,EASY,True
train,5893,geeksforgeeks,EASY,True
train,5895,codeforces,MEDIUM_HARD,True
train,5896,atcoder,MEDIUM_HARD,True
train,5897,codechef,UNKNOWN_DIFFICULTY,True
train,5899,leetcode,EASY,True
train,5900,aizu,UNKNOWN_DIFFICULTY,False
train,5901,leetcode,MEDIUM_HARD,True
train,5902,hackerearth,UNKNOWN_DIFFICULTY,False
train,5903,codeforces,EASY,True
train,5904,codeforces,MEDIUM_HARD,True
train,5905,geeksforgeeks,EASY,True
train,5906,codechef,EASY,True
train,5908,codewars,EASY,True
train,5909,atcoder,UNKNOWN_DIFFICULTY,False
train,5910,aizu,UNKNOWN_DIFFICULTY,False
train,5911,aizu,UNKNOWN_DIFFICULTY,False
train,5912,atcoder,UNKNOWN_DIFFICULTY,False
train,5913,hackerearth,UNKNOWN_DIFFICULTY,False
train,5914,codewars,EASY,True
train,5915,codeforces,EASY,True
train,5916,atcoder,EASY,True
train,5919,codeforces,VERY_HARD,True
train,5920,geeksforgeeks,MEDIUM,True
train,5922,leetcode,MEDIUM,True
train,5923,geeksforgeeks,MEDIUM,True
train,5924,aizu,UNKNOWN_DIFFICULTY,False
train,5925,codeforces,VERY_HARD,True
train,5926,codewars,EASY,True
train,5927,aizu,UNKNOWN_DIFFICULTY,False
train,5928,hackerearth,MEDIUM,False
train,5929,codeforces,EASY,True
train,5930,codechef,UNKNOWN_DIFFICULTY,True
train,5931,aizu,UNKNOWN_DIFFICULTY,False
train,5932,aizu,UNKNOWN_DIFFICULTY,False
train,5933,geeksforgeeks,EASY,True
train,5934,codechef,MEDIUM,True
train,5935,hackerearth,EASY,False
train,5936,codewars,EASY,True
train,5937,atcoder,UNKNOWN_DIFFICULTY,False
train,5938,atcoder,HARD,True
train,5939,codeforces,EASY,True
train,5940,codeforces,MEDIUM,True
train,5941,codeforces,EASY,True
train,5944,hackerearth,EASY,False
train,5946,geeksforgeeks,EASY,True
train,5947,codechef,EASY,True
train,5948,hackerearth,EASY,False
train,5950,codeforces,MEDIUM_HARD,True
train,5952,codechef,MEDIUM_HARD,True
train,5953,aizu,UNKNOWN_DIFFICULTY,False
train,5955,codeforces,EASY,True
train,5958,codeforces,EASY,True
train,5959,geeksforgeeks,MEDIUM,True
train,5960,hackerearth,UNKNOWN_DIFFICULTY,False
train,5966,codewars,EASY,True
train,5967,aizu,UNKNOWN_DIFFICULTY,False
train,5971,atcoder,EASY,True
train,5973,hackerearth,EASY,False
train,5974,atcoder,EASY,True
train,5976,codechef,EASY,True
train,5977,aizu,UNKNOWN_DIFFICULTY,False
train,5978,codechef,EASY,True
train,5979,codeforces,VERY_HARD,True
train,5982,codewars,EASY,True
train,5983,hackerearth,UNKNOWN_DIFFICULTY,False
train,5984,geeksforgeeks,EASY,True
train,5985,codeforces,EASY,True
train,5986,codechef,VERY_HARD,True
train,5988,codeforces,HARD,True
train,5989,codechef,EASY,True
train,5990,aizu,UNKNOWN_DIFFICULTY,False
train,5991,geeksforgeeks,EASY,True
train,5992,atcoder,UNKNOWN_DIFFICULTY,False
train,5993,codeforces,HARD,True
train,5994,codechef,UNKNOWN_DIFFICULTY,True
train,5995,atcoder,UNKNOWN_DIFFICULTY,False
train,5996,codeforces,MEDIUM_HARD,True
train,5997,codeforces,MEDIUM_HARD,True
train,5999,hackerearth,UNKNOWN_DIFFICULTY,False
train,6000,hackerearth,EASY,False
train,6001,codeforces,HARD,True
train,6002,atcoder,EASY,True
train,6004,hackerearth,EASY,False
train,6007,codeforces,HARD,True
train,6009,codeforces,HARD,True
train,6010,aizu,UNKNOWN_DIFFICULTY,False
train,6012,hackerearth,UNKNOWN_DIFFICULTY,False
train,6013,codeforces,MEDIUM_HARD,True
train,6017,hackerearth,EASY,False
train,6019,codechef,MEDIUM_HARD,True
train,6021,aizu,UNKNOWN_DIFFICULTY,False
train,6022,hackerearth,UNKNOWN_DIFFICULTY,False
train,6023,codeforces,EASY,True
train,6028,geeksforgeeks,MEDIUM,True
train,6029,atcoder,UNKNOWN_DIFFICULTY,False
train,6030,geeksforgeeks,EASY,True
train,6031,codeforces,MEDIUM_HARD,True
train,6033,codeforces,MEDIUM_HARD,True
train,6034,codeforces,EASY,True
train,6035,codechef,EASY,True
train,6036,codewars,EASY,True
train,6037,geeksforgeeks,EASY,True
train,6038,aizu,UNKNOWN_DIFFICULTY,False
train,6045,aizu,UNKNOWN_DIFFICULTY,False
train,6046,hackerearth,EASY,False
train,6047,hackerearth,EASY,False
train,6048,atcoder,MEDIUM,True
train,6049,codewars,EASY,True
train,6052,hackerearth,UNKNOWN_DIFFICULTY,False
train,6058,codechef,EASY,True
train,6059,geeksforgeeks,EASY,True
train,6061,codewars,EASY,True
train,6062,hackerearth,EASY,False
train,6064,aizu,UNKNOWN_DIFFICULTY,False
train,6065,hackerearth,MEDIUM,False
train,6067,codeforces,EASY,True
train,6068,leetcode,MEDIUM_HARD,True
train,6069,codeforces,VERY_HARD,True
train,6070,atcoder,UNKNOWN_DIFFICULTY,False
train,6073,codewars,EASY,True
train,6074,codeforces,EASY,True
train,6075,geeksforgeeks,EASY,True
train,6076,codechef,UNKNOWN_DIFFICULTY,True
train,6077,leetcode,EASY,True
train,6079,codeforces,EASY,True
train,6080,codeforces,MEDIUM_HARD,True
train,6081,aizu,UNKNOWN_DIFFICULTY,False
train,6083,codechef,UNKNOWN_DIFFICULTY,True
train,6085,codechef,VERY_HARD,True
train,6086,codeforces,MEDIUM_HARD,True
train,6087,codeforces,EASY,True
train,6089,codewars,EASY,True
train,6092,codewars,EASY,True
train,6093,hackerearth,UNKNOWN_DIFFICULTY,False
train,6094,aizu,UNKNOWN_DIFFICULTY,False
train,6095,codeforces,MEDIUM,True
train,6096,geeksforgeeks,EASY,True
train,6097,codeforces,EASY,True
train,6099,codewars,EASY,True
train,6100,hackerearth,EASY,False
train,6103,codeforces,VERY_HARD,True
train,6105,aizu,UNKNOWN_DIFFICULTY,False
train,6107,codeforces,VERY_HARD,True
train,6108,aizu,UNKNOWN_DIFFICULTY,False
train,6109,codechef,UNKNOWN_DIFFICULTY,True
train,6112,aizu,UNKNOWN_DIFFICULTY,False
train,6113,codechef,UNKNOWN_DIFFICULTY,True
train,6116,geeksforgeeks,EASY,True
train,6117,geeksforgeeks,EASY,True
train,6118,codeforces,EASY,True
train,6119,codechef,EASY,True
train,6121,codeforces,HARD,True
train,6124,codeforces,EASY,True
train,6125,codewars,EASY,True
train,6127,codeforces,MEDIUM_HARD,True
train,6128,codewars,EASY,True
train,6130,atcoder,EASY,True
train,6131,hackerearth,UNKNOWN_DIFFICULTY,False
train,6132,codewars,EASY,True
train,6135,codeforces,EASY,True
train,6137,hackerearth,UNKNOWN_DIFFICULTY,False
train,6138,codechef,UNKNOWN_DIFFICULTY,True
train,6141,hackerearth,UNKNOWN_DIFFICULTY,False
train,6142,codeforces,MEDIUM,True
train,6143,codechef,VERY_HARD,True
train,6144,codeforces,MEDIUM_HARD,True
train,6148,geeksforgeeks,EASY,True
train,6150,codechef,MEDIUM_HARD,True
train,6151,codewars,EASY,True
train,6152,codewars,EASY,True
train,6154,codechef,VERY_HARD,True
train,6155,codewars,EASY,True
train,6159,geeksforgeeks,MEDIUM,True
train,6160,codechef,MEDIUM,True
train,6161,hackerearth,UNKNOWN_DIFFICULTY,False
train,6162,codechef,VERY_HARD,True
train,6163,codewars,EASY,True
train,6164,leetcode,MEDIUM_HARD,True
train,6165,leetcode,EASY,True
train,6167,codechef,UNKNOWN_DIFFICULTY,True
train,6168,codewars,EASY,True
train,6169,aizu,UNKNOWN_DIFFICULTY,False
train,6170,aizu,UNKNOWN_DIFFICULTY,False
train,6171,codeforces,HARD,True
train,6172,hackerearth,UNKNOWN_DIFFICULTY,False
train,6173,aizu,UNKNOWN_DIFFICULTY,False
train,6174,geeksforgeeks,EASY,True
train,6175,codeforces,HARD,True
train,6177,codeforces,HARD,True
train,6178,atcoder,MEDIUM_HARD,True
train,6179,codechef,UNKNOWN_DIFFICULTY,True
train,6180,leetcode,MEDIUM,True
train,6181,codewars,EASY,True
train,6182,codeforces,EASY,True
train,6184,codewars,EASY,True
train,6185,codechef,UNKNOWN_DIFFICULTY,True
train,6186,geeksforgeeks,EASY,True
train,6187,codeforces,EASY,True
train,6188,codeforces,MEDIUM_HARD,True
train,6189,codeforces,EASY,True
train,6191,leetcode,MEDIUM_HARD,True
train,6192,codeforces,EASY,True
train,6196,codeforces,EASY,True
train,6197,codeforces,EASY,True
train,6199,codeforces,HARD,True
train,6200,codeforces,MEDIUM_HARD,True
train,6201,leetcode,MEDIUM,True
train,6202,geeksforgeeks,EASY,True
train,6205,codechef,VERY_HARD,True
train,6206,codechef,MEDIUM_HARD,True
train,6209,codechef,VERY_HARD,True
train,6211,atcoder,MEDIUM,True
train,6212,codeforces,HARD,True
train,6213,codechef,MEDIUM,True
train,6214,codeforces,HARD,True
train,6216,codechef,EASY,True
train,6217,aizu,UNKNOWN_DIFFICULTY,False
train,6218,codechef,UNKNOWN_DIFFICULTY,True
train,6219,codechef,MEDIUM,True
train,6220,codechef,EASY,True
train,6221,codewars,EASY,True
train,6222,codeforces,HARD,True
train,6223,codeforces,MEDIUM_HARD,True
train,6224,codeforces,MEDIUM_HARD,True
train,6225,codewars,EASY,True
train,6226,geeksforgeeks,EASY,True
train,6227,codeforces,HARD,True
train,6228,codeforces,MEDIUM_HARD,True
train,6229,codeforces,EASY,True
train,6231,codewars,EASY,True
train,6232,codewars,EASY,True
train,6233,codechef,UNKNOWN_DIFFICULTY,True
train,6234,codeforces,EASY,True
train,6236,aizu,UNKNOWN_DIFFICULTY,False
train,6237,codechef,UNKNOWN_DIFFICULTY,True
train,6238,codewars,EASY,True
train,6239,geeksforgeeks,EASY,True
train,6240,hackerearth,EASY,False
train,6241,codeforces,HARD,True
train,6242,codeforces,EASY,True
train,6243,codechef,UNKNOWN_DIFFICULTY,True
train,6244,codeforces,EASY,True
train,6246,hackerearth,EASY,False
train,6249,codeforces,EASY,True
train,6250,codechef,EASY,True
train,6251,codewars,EASY,True
train,6252,atcoder,UNKNOWN_DIFFICULTY,False
train,6253,codeforces,EASY,True
train,6254,codeforces,VERY_HARD,True
train,6256,geeksforgeeks,MEDIUM,True
train,6257,aizu,UNKNOWN_DIFFICULTY,False
train,6259,codeforces,EASY,True
train,6260,codeforces,MEDIUM_HARD,True
train,6261,aizu,UNKNOWN_DIFFICULTY,False
train,6262,codeforces,EASY,True
train,6263,leetcode,MEDIUM,True
train,6264,geeksforgeeks,MEDIUM,True
train,6266,geeksforgeeks,EASY,True
train,6268,codeforces,MEDIUM,True
train,6269,geeksforgeeks,EASY,True
train,6270,codeforces,EASY,True
train,6271,codeforces,MEDIUM_HARD,True
train,6272,codeforces,MEDIUM,True
train,6274,aizu,UNKNOWN_DIFFICULTY,False
train,6275,codechef,UNKNOWN_DIFFICULTY,True
train,6277,codeforces,HARD,True
train,6278,codewars,EASY,True
train,6279,codeforces,HARD,True
train,6284,codewars,EASY,True
train,6285,geeksforgeeks,EASY,True
train,6286,geeksforgeeks,MEDIUM,True
train,6287,atcoder,EASY,True
train,6288,hackerearth,EASY,False
train,6289,codeforces,HARD,True
train,6290,hackerearth,UNKNOWN_DIFFICULTY,False
train,6292,codeforces,EASY,True
train,6293,aizu,UNKNOWN_DIFFICULTY,False
train,6294,atcoder,UNKNOWN_DIFFICULTY,False
train,6297,geeksforgeeks,MEDIUM,True
train,6298,codeforces,MEDIUM,True
train,6299,codeforces,HARD,True
train,6300,codeforces,HARD,True
train,6301,codechef,UNKNOWN_DIFFICULTY,True
train,6302,codewars,EASY,True
train,6303,codeforces,MEDIUM_HARD,True
train,6306,codechef,UNKNOWN_DIFFICULTY,True
train,6307,codechef,MEDIUM_HARD,True
train,6308,codechef,VERY_HARD,True
train,6309,aizu,UNKNOWN_DIFFICULTY,False
train,6310,geeksforgeeks,MEDIUM_HARD,True
train,6311,codeforces,MEDIUM_HARD,True
train,6314,aizu,UNKNOWN_DIFFICULTY,False
train,6315,geeksforgeeks,EASY,True
train,6317,geeksforgeeks,MEDIUM,True
train,6318,geeksforgeeks,EASY,True
train,6319,codeforces,EASY,True
train,6320,aizu,UNKNOWN_DIFFICULTY,False
train,6321,geeksforgeeks,EASY,True
train,6322,codeforces,EASY,True
train,6323,geeksforgeeks,EASY,True
train,6324,codewars,EASY,True
train,6327,aizu,UNKNOWN_DIFFICULTY,False
train,6328,codewars,EASY,True
train,6329,codechef,UNKNOWN_DIFFICULTY,True
train,6331,aizu,UNKNOWN_DIFFICULTY,False
train,6332,codeforces,EASY,True
train,6333,codeforces,EASY,True
train,6336,aizu,UNKNOWN_DIFFICULTY,False
train,6337,geeksforgeeks,MEDIUM,True
train,6339,hackerearth,MEDIUM,False
train,6340,codeforces,HARD,True
train,6341,hackerearth,UNKNOWN_DIFFICULTY,False
train,6342,codechef,VERY_HARD,True
train,6343,codewars,EASY,True
train,6344,codechef,MEDIUM_HARD,True
train,6347,codeforces,EASY,True
train,6348,codewars,EASY,True
train,6349,codeforces,HARD,True
train,6351,codeforces,MEDIUM_HARD,True
train,6352,codechef,UNKNOWN_DIFFICULTY,True
train,6353,leetcode,MEDIUM,True
train,6354,codeforces,MEDIUM,True
train,6356,codewars,EASY,True
train,6357,geeksforgeeks,EASY,True
train,6358,atcoder,MEDIUM_HARD,True
train,6360,aizu,UNKNOWN_DIFFICULTY,False
train,6363,aizu,UNKNOWN_DIFFICULTY,False
train,6364,geeksforgeeks,EASY,True
train,6365,geeksforgeeks,EASY,True
train,6367,codeforces,EASY,True
train,6368,codeforces,EASY,True
train,6369,codewars,EASY,True
train,6370,codewars,EASY,True
train,6372,codechef,VERY_HARD,True
train,6374,leetcode,MEDIUM_HARD,True
train,6376,geeksforgeeks,EASY,True
train,6377,codeforces,EASY,True
train,6378,geeksforgeeks,EASY,True
train,6379,geeksforgeeks,MEDIUM,True
train,6380,atcoder,EASY,True
train,6382,aizu,UNKNOWN_DIFFICULTY,False
train,6383,codechef,MEDIUM,True
train,6384,codeforces,MEDIUM_HARD,True
train,6385,geeksforgeeks,EASY,True
train,6386,geeksforgeeks,MEDIUM,True
train,6387,codechef,UNKNOWN_DIFFICULTY,True
train,6388,codeforces,EASY,True
train,6389,codeforces,HARD,True
train,6390,codeforces,EASY,True
train,6391,geeksforgeeks,EASY,True
train,6395,codewars,EASY,True
train,6396,geeksforgeeks,EASY,True
train,6397,codeforces,MEDIUM_HARD,True
train,6399,codewars,EASY,True
train,6400,codewars,EASY,True
train,6401,aizu,UNKNOWN_DIFFICULTY,False
train,6402,codeforces,EASY,True
train,6405,geeksforgeeks,MEDIUM,True
train,6406,codewars,EASY,True
train,6407,codeforces,HARD,True
train,6408,codeforces,MEDIUM_HARD,True
train,6410,atcoder,MEDIUM,True
train,6413,atcoder,UNKNOWN_DIFFICULTY,False
train,6415,codeforces,MEDIUM_HARD,True
train,6418,codeforces,EASY,True
train,6419,aizu,UNKNOWN_DIFFICULTY,False
train,6421,codeforces,MEDIUM,True
train,6423,geeksforgeeks,EASY,True
train,6425,codeforces,EASY,True
train,6427,codeforces,MEDIUM,True
train,6428,codeforces,HARD,True
train,6429,codechef,MEDIUM,True
train,6430,codeforces,EASY,True
train,6431,aizu,UNKNOWN_DIFFICULTY,False
train,6433,codewars,EASY,True
train,6434,codeforces,EASY,True
train,6435,codechef,VERY_HARD,True
train,6436,aizu,UNKNOWN_DIFFICULTY,False
train,6438,codewars,EASY,True
train,6439,atcoder,EASY,True
train,6441,aizu,UNKNOWN_DIFFICULTY,False
train,6442,codewars,EASY,True
train,6443,codechef,UNKNOWN_DIFFICULTY,True
train,6444,codeforces,EASY,True
train,6445,aizu,UNKNOWN_DIFFICULTY,False
train,6446,codeforces,EASY,True
train,6447,codechef,MEDIUM_HARD,True
train,6450,codewars,EASY,True
train,6451,atcoder,EASY,True
train,6453,atcoder,UNKNOWN_DIFFICULTY,False
train,6454,codeforces,MEDIUM_HARD,True
train,6455,codechef,EASY,True
train,6456,codewars,MEDIUM_HARD,True
train,6457,geeksforgeeks,EASY,True
train,6458,codeforces,MEDIUM,True
train,6459,codeforces,MEDIUM_HARD,True
train,6460,geeksforgeeks,EASY,True
train,6461,aizu,UNKNOWN_DIFFICULTY,False
train,6463,geeksforgeeks,MEDIUM_HARD,True
train,6464,geeksforgeeks,MEDIUM,True
train,6466,geeksforgeeks,EASY,True
train,6468,codeforces,HARD,True
train,6469,atcoder,UNKNOWN_DIFFICULTY,False
train,6472,codeforces,EASY,True
train,6475,codechef,MEDIUM_HARD,True
train,6476,codewars,EASY,True
train,6477,codeforces,HARD,True
train,6478,codechef,UNKNOWN_DIFFICULTY,True
train,6479,leetcode,MEDIUM,True
train,6483,codeforces,HARD,True
train,6484,aizu,UNKNOWN_DIFFICULTY,False
train,6485,codeforces,MEDIUM_HARD,True
train,6486,codeforces,EASY,True
train,6487,codechef,VERY_HARD,True
train,6488,codeforces,MEDIUM,True
train,6490,codewars,EASY,True
train,6492,codeforces,HARD,True
train,6494,codewars,EASY,True
train,6495,codeforces,MEDIUM_HARD,True
train,6497,codeforces,EASY,True
train,6499,leetcode,EASY,True
train,6500,leetcode,EASY,True
train,6501,codewars,EASY,True
train,6502,atcoder,UNKNOWN_DIFFICULTY,False
train,6504,codechef,UNKNOWN_DIFFICULTY,True
train,6505,codewars,EASY,True
train,6506,hackerearth,UNKNOWN_DIFFICULTY,False
train,6507,geeksforgeeks,EASY,True
train,6508,codeforces,MEDIUM,True
train,6509,codechef,EASY,True
train,6510,geeksforgeeks,EASY,True
train,6512,codeforces,EASY,True
train,6513,geeksforgeeks,MEDIUM,True
train,6514,geeksforgeeks,EASY,True
train,6518,hackerearth,HARD,False
train,6521,geeksforgeeks,MEDIUM,True
train,6523,geeksforgeeks,EASY,True
train,6524,geeksforgeeks,EASY,True
train,6525,codeforces,EASY,True
train,6526,codeforces,MEDIUM,True
train,6527,geeksforgeeks,MEDIUM,True
train,6528,codeforces,MEDIUM_HARD,True
train,6530,codeforces,HARD,True
train,6533,codeforces,EASY,True
train,6535,codeforces,EASY,True
train,6537,codeforces,VERY_HARD,True
train,6541,codechef,MEDIUM,True
train,6544,atcoder,EASY,True
train,6546,geeksforgeeks,EASY,True
train,6547,atcoder,UNKNOWN_DIFFICULTY,False
train,6548,hackerearth,EASY,False
train,6549,codechef,UNKNOWN_DIFFICULTY,True
train,6550,codeforces,MEDIUM_HARD,True
train,6551,codeforces,EASY,True
train,6553,codewars,EASY,True
train,6554,geeksforgeeks,EASY,True
train,6555,codeforces,MEDIUM_HARD,True
train,6556,codeforces,EASY,True
train,6558,codeforces,HARD,True
train,6559,codechef,HARD,True
train,6560,leetcode,MEDIUM_HARD,True
train,6561,codewars,EASY,True
train,6562,codechef,MEDIUM_HARD,True
train,6563,codeforces,EASY,True
train,6564,codeforces,EASY,True
train,6565,codewars,EASY,True
train,6566,geeksforgeeks,EASY,True
train,6569,codeforces,MEDIUM_HARD,True
train,6570,codeforces,MEDIUM,True
train,6571,codewars,EASY,True
train,6572,atcoder,UNKNOWN_DIFFICULTY,False
train,6573,codechef,EASY,True
train,6574,geeksforgeeks,EASY,True
train,6575,codechef,EASY,True
train,6576,codewars,EASY,True
train,6577,codewars,EASY,True
train,6579,codechef,MEDIUM,True
train,6580,geeksforgeeks,MEDIUM,True
train,6581,codechef,EASY,True
train,6582,hackerearth,EASY,False
train,6583,codeforces,EASY,True
train,6584,codechef,VERY_HARD,True
train,6585,codechef,UNKNOWN_DIFFICULTY,True
train,6586,aizu,UNKNOWN_DIFFICULTY,False
train,6587,geeksforgeeks,EASY,True
train,6590,hackerearth,MEDIUM,False
train,6591,codechef,UNKNOWN_DIFFICULTY,True
train,6598,codewars,EASY,True
train,6599,codeforces,HARD,True
train,6600,geeksforgeeks,EASY,True
train,6601,codewars,EASY,True
train,6602,leetcode,MEDIUM_HARD,True
train,6603,hackerearth,MEDIUM,False
train,6605,codeforces,EASY,True
train,6606,codechef,UNKNOWN_DIFFICULTY,True
train,6608,hackerearth,EASY,False
train,6609,codeforces,MEDIUM,True
train,6610,codeforces,EASY,True
train,6611,codechef,UNKNOWN_DIFFICULTY,True
train,6612,aizu,UNKNOWN_DIFFICULTY,False
train,6613,geeksforgeeks,MEDIUM,True
train,6614,aizu,UNKNOWN_DIFFICULTY,False
train,6615,geeksforgeeks,EASY,True
train,6616,codechef,VERY_HARD,True
train,6618,codewars,EASY,True
train,6619,codeforces,EASY,True
train,6620,codeforces,EASY,True
train,6621,codechef,UNKNOWN_DIFFICULTY,True
train,6622,geeksforgeeks,EASY,True
train,6623,aizu,UNKNOWN_DIFFICULTY,False
train,6625,aizu,UNKNOWN_DIFFICULTY,False
train,6626,codeforces,EASY,True
train,6628,codechef,UNKNOWN_DIFFICULTY,True
train,6630,atcoder,VERY_HARD,True
train,6631,leetcode,MEDIUM_HARD,True
train,6634,codechef,MEDIUM_HARD,True
train,6637,aizu,UNKNOWN_DIFFICULTY,False
train,6639,codeforces,HARD,True
train,6640,codeforces,EASY,True
train,6641,codeforces,MEDIUM_HARD,True
train,6643,leetcode,MEDIUM,True
train,6644,codeforces,EASY,True
train,6646,codeforces,EASY,True
train,6648,aizu,UNKNOWN_DIFFICULTY,False
train,6649,atcoder,UNKNOWN_DIFFICULTY,False
train,6650,codeforces,EASY,True
train,6651,codeforces,EASY,True
train,6653,codeforces,HARD,True
train,6654,geeksforgeeks,EASY,True
train,6657,codechef,UNKNOWN_DIFFICULTY,True
train,6658,codeforces,EASY,True
train,6659,geeksforgeeks,EASY,True
train,6660,aizu,UNKNOWN_DIFFICULTY,False
train,6662,aizu,UNKNOWN_DIFFICULTY,False
train,6663,codeforces,MEDIUM,True
train,6666,codeforces,EASY,True
train,6669,geeksforgeeks,MEDIUM,True
train,6670,codeforces,EASY,True
train,6671,codewars,EASY,True
train,6672,codewars,EASY,True
train,6673,atcoder,UNKNOWN_DIFFICULTY,False
train,6675,codeforces,EASY,True
train,6677,codeforces,EASY,True
train,6678,codewars,EASY,True
train,6679,codeforces,HARD,True
train,6680,codeforces,MEDIUM_HARD,True
train,6685,geeksforgeeks,EASY,True
train,6686,geeksforgeeks,MEDIUM,True
train,6688,atcoder,UNKNOWN_DIFFICULTY,False
train,6690,geeksforgeeks,EASY,True
train,6691,codewars,EASY,True
train,6692,codeforces,MEDIUM_HARD,True
train,6694,atcoder,UNKNOWN_DIFFICULTY,False
train,6695,codeforces,MEDIUM,True
train,6696,codechef,EASY,True
train,6699,geeksforgeeks,EASY,True
train,6700,codechef,UNKNOWN_DIFFICULTY,True
train,6701,geeksforgeeks,MEDIUM,True
train,6702,geeksforgeeks,EASY,True
train,6703,codechef,MEDIUM_HARD,True
train,6704,geeksforgeeks,EASY,True
train,6708,leetcode,EASY,True
train,6710,codeforces,MEDIUM_HARD,True
train,6712,codewars,EASY,True
train,6714,codechef,EASY,True
train,6715,geeksforgeeks,EASY,True
train,6716,geeksforgeeks,EASY,True
train,6717,codechef,UNKNOWN_DIFFICULTY,True
train,6719,codechef,MEDIUM_HARD,True
train,6720,aizu,UNKNOWN_DIFFICULTY,False
train,6721,codechef,EASY,True
train,6722,codeforces,EASY,True
train,6723,codechef,UNKNOWN_DIFFICULTY,True
train,6724,codeforces,MEDIUM_HARD,True
train,6726,geeksforgeeks,EASY,True
train,6729,codeforces,VERY_HARD,True
train,6730,codewars,EASY,True
train,6731,aizu,UNKNOWN_DIFFICULTY,False
train,6733,codechef,EASY,True
train,6735,codeforces,EASY,True
train,6736,codeforces,HARD,True
train,6737,atcoder,UNKNOWN_DIFFICULTY,False
train,6738,geeksforgeeks,EASY,True
train,6739,codewars,EASY,True
train,6740,atcoder,MEDIUM,True
train,6741,codeforces,HARD,True
train,6744,codechef,EASY,True
train,6745,codechef,VERY_HARD,True
train,6746,codechef,EASY,True
train,6748,codeforces,EASY,True
train,6749,codechef,EASY,True
train,6750,hackerearth,EASY,False
train,6751,codechef,VERY_HARD,True
train,6752,codeforces,EASY,True
train,6753,hackerearth,UNKNOWN_DIFFICULTY,False
train,6754,geeksforgeeks,MEDIUM,True
train,6757,codeforces,MEDIUM_HARD,True
train,6758,codeforces,EASY,True
train,6762,geeksforgeeks,MEDIUM,True
train,6763,codeforces,MEDIUM_HARD,True
train,6764,codeforces,MEDIUM,True
train,6766,codewars,EASY,True
train,6767,atcoder,MEDIUM,True
train,6768,codeforces,EASY,True
train,6769,codewars,EASY,True
train,6770,aizu,UNKNOWN_DIFFICULTY,False
train,6771,leetcode,EASY,True
train,6775,leetcode,MEDIUM,True
train,6776,atcoder,UNKNOWN_DIFFICULTY,False
train,6777,codeforces,EASY,True
train,6778,codewars,EASY,True
train,6779,aizu,UNKNOWN_DIFFICULTY,False
train,6781,codewars,EASY,True
train,6782,codechef,EASY,True
train,6783,codeforces,HARD,True
train,6785,aizu,UNKNOWN_DIFFICULTY,False
train,6786,geeksforgeeks,MEDIUM,True
train,6787,codewars,EASY,True
train,6791,geeksforgeeks,MEDIUM,True
train,6792,aizu,UNKNOWN_DIFFICULTY,False
train,6793,geeksforgeeks,EASY,True
train,6794,hackerearth,EASY,False
train,6795,hackerearth,EASY,False
train,6796,atcoder,UNKNOWN_DIFFICULTY,False
train,6798,codeforces,HARD,True
train,6799,hackerearth,UNKNOWN_DIFFICULTY,False
train,6801,codeforces,EASY,True
train,6802,geeksforgeeks,EASY,True
train,6803,aizu,UNKNOWN_DIFFICULTY,False
train,6804,leetcode,MEDIUM,True
train,6806,codeforces,EASY,True
train,6807,codeforces,EASY,True
train,6809,atcoder,UNKNOWN_DIFFICULTY,False
train,6811,codeforces,EASY,True
train,6813,codechef,EASY,True
train,6814,codechef,EASY,True
train,6815,codewars,EASY,True
train,6817,aizu,UNKNOWN_DIFFICULTY,False
train,6818,codeforces,HARD,True
train,6819,codeforces,EASY,True
train,6820,codewars,EASY,True
train,6821,codewars,EASY,True
train,6822,atcoder,MEDIUM_HARD,True
train,6823,codechef,EASY,True
train,6824,codechef,MEDIUM_HARD,True
train,6826,geeksforgeeks,EASY,True
train,6827,codeforces,EASY,True
train,6828,geeksforgeeks,EASY,True
train,6830,codechef,MEDIUM_HARD,True
train,6832,codeforces,EASY,True
train,6834,geeksforgeeks,EASY,True
train,6838,codewars,EASY,True
train,6839,hackerearth,UNKNOWN_DIFFICULTY,False
train,6840,codechef,EASY,True
train,6842,hackerearth,EASY,False
train,6844,atcoder,UNKNOWN_DIFFICULTY,False
train,6846,codeforces,VERY_HARD,True
train,6847,codeforces,EASY,True
train,6848,aizu,UNKNOWN_DIFFICULTY,False
train,6849,codechef,MEDIUM,True
train,6850,hackerearth,EASY,False
train,6851,codeforces,EASY,True
train,6852,codechef,VERY_HARD,True
train,6853,hackerearth,MEDIUM,False
train,6854,hackerearth,EASY,False
train,6855,aizu,UNKNOWN_DIFFICULTY,False
train,6856,codewars,EASY,True
train,6858,codeforces,MEDIUM_HARD,True
train,6859,codeforces,EASY,True
train,6860,atcoder,UNKNOWN_DIFFICULTY,False
train,6862,atcoder,MEDIUM_HARD,True
train,6863,codeforces,EASY,True
train,6867,aizu,UNKNOWN_DIFFICULTY,False
train,6869,codeforces,MEDIUM,True
train,6871,codeforces,HARD,True
train,6872,codeforces,EASY,True
train,6873,geeksforgeeks,MEDIUM_HARD,True
train,6874,codewars,EASY,True
train,6876,hackerearth,EASY,False
train,6877,geeksforgeeks,EASY,True
train,6879,codeforces,MEDIUM,True
train,6882,codeforces,EASY,True
train,6884,leetcode,MEDIUM_HARD,True
train,6886,codeforces,MEDIUM_HARD,True
train,6888,codeforces,EASY,True
train,6889,geeksforgeeks,MEDIUM,True
train,6890,codeforces,HARD,True
train,6891,codechef,EASY,True
train,6892,codewars,EASY,True
train,6893,codeforces,EASY,True
train,6895,codechef,EASY,True
train,6896,geeksforgeeks,EASY,True
train,6897,geeksforgeeks,MEDIUM,True
train,6898,codeforces,HARD,True
train,6899,aizu,UNKNOWN_DIFFICULTY,False
train,6900,codechef,EASY,True
train,6901,aizu,UNKNOWN_DIFFICULTY,False
train,6902,codechef,VERY_HARD,True
train,6903,codechef,MEDIUM_HARD,True
train,6904,codechef,EASY,True
train,6906,leetcode,MEDIUM,True
train,6907,codeforces,MEDIUM_HARD,True
train,6909,leetcode,MEDIUM,True
train,6910,codewars,EASY,True
train,6912,leetcode,MEDIUM_HARD,True
train,6913,atcoder,UNKNOWN_DIFFICULTY,False
train,6914,atcoder,UNKNOWN_DIFFICULTY,False
train,6915,geeksforgeeks,MEDIUM,True
train,6918,geeksforgeeks,EASY,True
train,6919,leetcode,MEDIUM_HARD,True
train,6920,geeksforgeeks,EASY,True
train,6921,leetcode,MEDIUM_HARD,True
train,6922,codeforces,MEDIUM_HARD,True
train,6923,codechef,UNKNOWN_DIFFICULTY,True
train,6924,hackerearth,HARD,False
train,6925,codeforces,MEDIUM_HARD,True
train,6926,hackerearth,EASY,False
train,6927,codewars,EASY,True
train,6928,codewars,EASY,True
train,6929,codeforces,VERY_HARD,True
train,6930,codeforces,EASY,True
train,6931,codeforces,MEDIUM_HARD,True
train,6932,codechef,MEDIUM_HARD,True
train,6934,codechef,MEDIUM_HARD,True
train,6935,geeksforgeeks,MEDIUM_HARD,True
train,6937,codechef,UNKNOWN_DIFFICULTY,True
train,6939,aizu,UNKNOWN_DIFFICULTY,False
train,6940,codewars,EASY,True
train,6942,atcoder,UNKNOWN_DIFFICULTY,False
train,6943,aizu,UNKNOWN_DIFFICULTY,False
train,6945,codeforces,EASY,True
train,6946,codechef,VERY_HARD,True
train,6947,codeforces,EASY,True
train,6949,codechef,MEDIUM_HARD,True
train,6952,codechef,MEDIUM_HARD,True
train,6953,atcoder,UNKNOWN_DIFFICULTY,False
train,6954,codeforces,VERY_HARD,True
train,6956,geeksforgeeks,EASY,True
train,6957,codeforces,EASY,True
train,6958,codeforces,EASY,True
train,6960,codeforces,HARD,True
train,6961,codeforces,MEDIUM_HARD,True
train,6962,atcoder,UNKNOWN_DIFFICULTY,False
train,6963,codechef,UNKNOWN_DIFFICULTY,True
train,6964,geeksforgeeks,EASY,True
train,6965,codeforces,HARD,True
train,6967,geeksforgeeks,MEDIUM,True
train,6968,codechef,MEDIUM_HARD,True
train,6969,codeforces,EASY,True
train,6970,codechef,UNKNOWN_DIFFICULTY,True
train,6971,codeforces,VERY_HARD,True
train,6972,codeforces,VERY_HARD,True
train,6973,aizu,UNKNOWN_DIFFICULTY,False
train,6975,codeforces,VERY_HARD,True
train,6976,geeksforgeeks,MEDIUM,True
train,6979,codeforces,EASY,True
train,6980,codechef,VERY_HARD,True
train,6981,codechef,MEDIUM_HARD,True
train,6982,codeforces,EASY,True
train,6984,codechef,UNKNOWN_DIFFICULTY,True
train,6985,codewars,EASY,True
train,6989,codewars,EASY,True
train,6990,codeforces,MEDIUM_HARD,True
train,6991,hackerearth,UNKNOWN_DIFFICULTY,False
train,6992,hackerearth,EASY,False
train,6994,aizu,UNKNOWN_DIFFICULTY,False
train,6995,codechef,UNKNOWN_DIFFICULTY,True
train,6996,codeforces,MEDIUM_HARD,True
train,6997,codeforces,HARD,True
train,6998,leetcode,MEDIUM_HARD,True
train,6999,codewars,EASY,True
train,7001,codeforces,HARD,True
train,7002,codechef,UNKNOWN_DIFFICULTY,True
train,7003,codeforces,MEDIUM_HARD,True
train,7004,codewars,EASY,True
train,7006,codechef,VERY_HARD,True
train,7007,codeforces,EASY,True
train,7009,codechef,MEDIUM_HARD,True
train,7010,geeksforgeeks,EASY,True
train,7011,codeforces,EASY,True
train,7013,codechef,EASY,True
train,7015,codechef,UNKNOWN_DIFFICULTY,True
train,7017,geeksforgeeks,EASY,True
train,7019,codeforces,HARD,True
train,7020,codewars,EASY,True
train,7021,aizu,UNKNOWN_DIFFICULTY,False
train,7022,geeksforgeeks,MEDIUM,True
train,7023,codeforces,MEDIUM_HARD,True
train,7024,codeforces,MEDIUM_HARD,True
train,7025,codeforces,MEDIUM_HARD,True
train,7026,codewars,EASY,True
train,7029,aizu,UNKNOWN_DIFFICULTY,False
train,7030,codechef,UNKNOWN_DIFFICULTY,True
train,7031,codewars,EASY,True
train,7032,geeksforgeeks,EASY,True
train,7033,codechef,UNKNOWN_DIFFICULTY,True
train,7034,codechef,UNKNOWN_DIFFICULTY,True
train,7035,geeksforgeeks,MEDIUM,True
train,7036,geeksforgeeks,MEDIUM,True
train,7037,codeforces,HARD,True
train,7038,codeforces,VERY_HARD,True
train,7039,codechef,EASY,True
train,7040,aizu,UNKNOWN_DIFFICULTY,False
train,7042,geeksforgeeks,MEDIUM,True
train,7044,geeksforgeeks,EASY,True
train,7046,hackerearth,UNKNOWN_DIFFICULTY,False
train,7047,geeksforgeeks,EASY,True
train,7048,leetcode,EASY,True
train,7049,codechef,HARD,True
train,7051,codewars,EASY,True
train,7052,atcoder,UNKNOWN_DIFFICULTY,False
train,7053,geeksforgeeks,EASY,True
train,7055,codechef,MEDIUM_HARD,True
train,7056,aizu,UNKNOWN_DIFFICULTY,False
train,7058,codeforces,EASY,True
train,7059,atcoder,UNKNOWN_DIFFICULTY,False
train,7060,atcoder,UNKNOWN_DIFFICULTY,False
train,7061,atcoder,UNKNOWN_DIFFICULTY,False
train,7062,codeforces,EASY,True
train,7064,codeforces,EASY,True
train,7065,codechef,EASY,True
train,7067,codeforces,EASY,True
train,7070,codewars,EASY,True
train,7071,codeforces,MEDIUM,True
train,7072,codeforces,VERY_HARD,True
train,7074,codeforces,MEDIUM_HARD,True
train,7076,codeforces,MEDIUM_HARD,True
train,7077,codewars,EASY,True
train,7078,codeforces,HARD,True
train,7082,codechef,MEDIUM_HARD,True
train,7083,geeksforgeeks,MEDIUM,True
train,7084,hackerearth,UNKNOWN_DIFFICULTY,False
train,7085,codeforces,EASY,True
train,7087,codechef,UNKNOWN_DIFFICULTY,True
train,7089,atcoder,UNKNOWN_DIFFICULTY,False
train,7091,leetcode,EASY,True
train,7092,codechef,UNKNOWN_DIFFICULTY,True
train,7093,geeksforgeeks,EASY,True
train,7094,codeforces,VERY_HARD,True
train,7095,atcoder,UNKNOWN_DIFFICULTY,False
train,7097,codeforces,EASY,True
train,7102,aizu,UNKNOWN_DIFFICULTY,False
train,7103,codeforces,HARD,True
train,7105,codechef,UNKNOWN_DIFFICULTY,True
train,7106,aizu,UNKNOWN_DIFFICULTY,False
train,7108,codechef,VERY_HARD,True
train,7112,codeforces,EASY,True
train,7113,codeforces,HARD,True
train,7115,codewars,EASY,True
train,7118,codewars,EASY,True
train,7119,codechef,EASY,True
train,7120,aizu,UNKNOWN_DIFFICULTY,False
train,7121,codeforces,EASY,True
train,7122,aizu,UNKNOWN_DIFFICULTY,False
train,7124,codeforces,EASY,True
train,7125,codeforces,EASY,True
train,7126,codeforces,MEDIUM_HARD,True
train,7127,hackerearth,EASY,False
train,7129,aizu,UNKNOWN_DIFFICULTY,False
train,7130,codechef,UNKNOWN_DIFFICULTY,True
train,7140,codeforces,HARD,True
train,7141,hackerearth,EASY,False
train,7142,codeforces,EASY,True
train,7143,geeksforgeeks,MEDIUM,True
train,7144,codeforces,VERY_HARD,True
train,7145,hackerearth,EASY,False
train,7147,codechef,VERY_HARD,True
train,7149,codeforces,HARD,True
train,7150,codeforces,EASY,True
train,7151,leetcode,MEDIUM_HARD,True
train,7152,atcoder,UNKNOWN_DIFFICULTY,False
train,7153,aizu,UNKNOWN_DIFFICULTY,False
train,7154,leetcode,MEDIUM,True
train,7155,codewars,EASY,True
train,7158,codechef,EASY,True
train,7159,codeforces,EASY,True
train,7161,codeforces,EASY,True
train,7162,codeforces,MEDIUM_HARD,True
train,7164,geeksforgeeks,EASY,True
train,7165,hackerearth,UNKNOWN_DIFFICULTY,False
train,7166,leetcode,MEDIUM,True
train,7170,aizu,UNKNOWN_DIFFICULTY,False
train,7171,codechef,MEDIUM,True
train,7172,geeksforgeeks,MEDIUM,True
train,7173,codechef,UNKNOWN_DIFFICULTY,True
train,7174,codeforces,EASY,True
train,7175,codeforces,EASY,True
train,7176,codeforces,MEDIUM,True
train,7177,leetcode,MEDIUM_HARD,True
train,7178,codeforces,EASY,True
train,7180,codeforces,MEDIUM_HARD,True
train,7181,codewars,EASY,True
train,7182,codeforces,MEDIUM_HARD,True
train,7183,codechef,EASY,True
train,7184,hackerearth,MEDIUM_HARD,False
train,7185,codewars,EASY,True
train,7187,atcoder,UNKNOWN_DIFFICULTY,False
train,7188,codeforces,HARD,True
train,7189,codechef,HARD,True
train,7191,hackerearth,EASY,False
train,7192,codewars,EASY,True
train,7193,geeksforgeeks,MEDIUM,True
train,7194,geeksforgeeks,MEDIUM_HARD,True
train,7195,hackerearth,UNKNOWN_DIFFICULTY,False
train,7196,codechef,VERY_HARD,True
train,7198,geeksforgeeks,EASY,True
train,7200,codeforces,MEDIUM_HARD,True
train,7202,geeksforgeeks,EASY,True
train,7203,codeforces,EASY,True
train,7204,codeforces,HARD,True
train,7205,codeforces,MEDIUM_HARD,True
train,7206,codeforces,EASY,True
train,7207,geeksforgeeks,EASY,True
train,7208,codeforces,EASY,True
train,7209,hackerearth,UNKNOWN_DIFFICULTY,False
train,7210,codechef,UNKNOWN_DIFFICULTY,True
train,7211,codewars,EASY,True
train,7212,codeforces,EASY,True
train,7214,aizu,UNKNOWN_DIFFICULTY,False
train,7215,codeforces,HARD,True
train,7216,aizu,UNKNOWN_DIFFICULTY,False
train,7217,hackerearth,EASY,False
train,7218,aizu,UNKNOWN_DIFFICULTY,False
train,7222,codechef,VERY_HARD,True
train,7224,hackerearth,MEDIUM,False
train,7226,codeforces,MEDIUM,True
train,7227,hackerearth,EASY,False
train,7230,codewars,EASY,True
train,7231,codeforces,HARD,True
train,7232,codechef,MEDIUM,True
train,7233,codechef,UNKNOWN_DIFFICULTY,True
train,7234,codewars,EASY,True
train,7236,codechef,HARD,True
train,7237,codechef,UNKNOWN_DIFFICULTY,True
train,7238,codewars,EASY,True
train,7239,codeforces,EASY,True
train,7240,codewars,EASY,True
train,7243,geeksforgeeks,EASY,True
train,7244,codeforces,HARD,True
train,7245,codeforces,MEDIUM_HARD,True
train,7246,atcoder,EASY,True
train,7247,atcoder,UNKNOWN_DIFFICULTY,False
train,7249,codeforces,MEDIUM_HARD,True
train,7250,codechef,EASY,True
train,7251,codechef,MEDIUM_HARD,True
train,7253,leetcode,EASY,True
train,7255,codechef,MEDIUM_HARD,True
train,7256,codeforces,MEDIUM,True
train,7257,codewars,EASY,True
train,7258,codeforces,EASY,True
train,7259,atcoder,MEDIUM_HARD,True
train,7260,codewars,EASY,True
train,7261,atcoder,MEDIUM,True
train,7262,codechef,MEDIUM_HARD,True
train,7263,codewars,EASY,True
train,7265,geeksforgeeks,EASY,True
train,7266,hackerearth,EASY,False
train,7267,codeforces,EASY,True
train,7268,geeksforgeeks,EASY,True
train,7269,codeforces,EASY,True
train,7272,codeforces,HARD,True
train,7273,codechef,VERY_HARD,True
train,7276,codeforces,MEDIUM_HARD,True
train,7277,geeksforgeeks,EASY,True
train,7278,codechef,VERY_HARD,True
train,7280,codewars,EASY,True
train,7282,codewars,EASY,True
train,7283,hackerearth,EASY,False
train,7284,atcoder,UNKNOWN_DIFFICULTY,False
train,7285,geeksforgeeks,EASY,True
train,7287,aizu,UNKNOWN_DIFFICULTY,False
train,7288,codeforces,EASY,True
train,7290,aizu,UNKNOWN_DIFFICULTY,False
train,7291,codechef,UNKNOWN_DIFFICULTY,True
train,7292,codeforces,HARD,True
train,7293,codechef,UNKNOWN_DIFFICULTY,True
train,7294,codeforces,MEDIUM,True
train,7295,codewars,EASY,True
train,7297,atcoder,MEDIUM,True
train,7298,codewars,EASY,True
train,7299,atcoder,MEDIUM_HARD,True
train,7300,hackerearth,EASY,False
train,7301,geeksforgeeks,EASY,True
train,7302,codewars,EASY,True
train,7303,codewars,EASY,True
train,7307,geeksforgeeks,EASY,True
train,7308,hackerearth,EASY,False
train,7310,hackerearth,UNKNOWN_DIFFICULTY,False
train,7312,geeksforgeeks,EASY,True
train,7313,atcoder,UNKNOWN_DIFFICULTY,False
train,7315,codechef,EASY,True
train,7316,codeforces,HARD,True
train,7317,codechef,UNKNOWN_DIFFICULTY,True
train,7319,aizu,UNKNOWN_DIFFICULTY,False
train,7320,codeforces,EASY,True
train,7321,geeksforgeeks,EASY,True
train,7322,atcoder,MEDIUM,True
train,7324,aizu,UNKNOWN_DIFFICULTY,False
train,7325,geeksforgeeks,EASY,True
train,7326,codeforces,MEDIUM_HARD,True
train,7328,codewars,EASY,True
train,7329,codechef,EASY,True
train,7330,codechef,MEDIUM_HARD,True
train,7331,atcoder,EASY,True
train,7333,codewars,EASY,True
train,7335,codeforces,EASY,True
train,7336,codechef,UNKNOWN_DIFFICULTY,True
train,7337,codeforces,HARD,True
train,7338,geeksforgeeks,EASY,True
train,7339,codewars,EASY,True
train,7340,atcoder,UNKNOWN_DIFFICULTY,False
train,7341,geeksforgeeks,MEDIUM,True
train,7343,codeforces,HARD,True
train,7345,codeforces,MEDIUM,True
train,7346,codewars,EASY,True
train,7347,codechef,UNKNOWN_DIFFICULTY,True
train,7348,hackerearth,UNKNOWN_DIFFICULTY,False
train,7350,atcoder,UNKNOWN_DIFFICULTY,False
train,7351,codewars,EASY,True
train,7352,atcoder,MEDIUM_HARD,True
train,7353,geeksforgeeks,MEDIUM,True
train,7354,codeforces,HARD,True
train,7355,codeforces,HARD,True
train,7356,aizu,UNKNOWN_DIFFICULTY,False
train,7357,aizu,UNKNOWN_DIFFICULTY,False
train,7358,codechef,EASY,True
train,7359,codewars,EASY,True
train,7360,codewars,EASY,True
train,7361,codeforces,EASY,True
train,7362,leetcode,EASY,True
train,7363,codeforces,HARD,True
train,7364,codechef,EASY,True
train,7366,codewars,EASY,True
train,7367,codeforces,HARD,True
train,7369,aizu,UNKNOWN_DIFFICULTY,False
train,7370,geeksforgeeks,EASY,True
train,7373,codechef,MEDIUM_HARD,True
train,7374,codeforces,HARD,True
train,7376,codeforces,HARD,True
train,7377,geeksforgeeks,EASY,True
train,7378,codeforces,MEDIUM_HARD,True
train,7379,codewars,EASY,True
train,7380,hackerearth,UNKNOWN_DIFFICULTY,False
train,7381,codeforces,MEDIUM,True
train,7385,hackerearth,UNKNOWN_DIFFICULTY,False
train,7386,hackerearth,EASY,False
train,7387,codeforces,HARD,True
train,7389,codeforces,HARD,True
train,7390,codewars,EASY,True
train,7391,hackerearth,MEDIUM,False
train,7393,hackerearth,EASY,False
train,7394,geeksforgeeks,EASY,True
train,7395,codeforces,VERY_HARD,True
train,7398,codechef,HARD,True
train,7399,geeksforgeeks,MEDIUM,True
train,7400,codeforces,HARD,True
train,7401,geeksforgeeks,EASY,True
train,7402,codechef,MEDIUM_HARD,True
train,7403,hackerearth,UNKNOWN_DIFFICULTY,False
train,7405,codewars,EASY,True
train,7406,atcoder,MEDIUM_HARD,True
train,7407,codechef,MEDIUM_HARD,True
train,7408,hackerearth,EASY,False
train,7409,hackerearth,EASY,False
train,7413,atcoder,MEDIUM,True
train,7414,codewars,EASY,True
train,7416,codeforces,EASY,True
train,7417,codechef,EASY,True
train,7418,geeksforgeeks,EASY,True
train,7419,codewars,EASY,True
train,7420,codewars,EASY,True
train,7423,codechef,MEDIUM_HARD,True
train,7424,codechef,EASY,True
train,7425,codechef,MEDIUM_HARD,True
train,7426,codechef,VERY_HARD,True
train,7427,codeforces,MEDIUM_HARD,True
train,7429,geeksforgeeks,EASY,True
train,7431,codeforces,MEDIUM_HARD,True
train,7432,aizu,UNKNOWN_DIFFICULTY,False
train,7433,codeforces,VERY_HARD,True
train,7435,codeforces,EASY,True
train,7436,geeksforgeeks,MEDIUM_HARD,True
train,7437,codewars,EASY,True
train,7438,hackerearth,EASY,False
train,7439,codechef,UNKNOWN_DIFFICULTY,True
train,7441,codeforces,VERY_HARD,True
train,7442,geeksforgeeks,MEDIUM_HARD,True
train,7443,codeforces,MEDIUM_HARD,True
train,7444,codeforces,EASY,True
train,7445,aizu,UNKNOWN_DIFFICULTY,False
train,7446,codeforces,HARD,True
train,7448,geeksforgeeks,EASY,True
train,7449,codeforces,VERY_HARD,True
train,7452,codechef,VERY_HARD,True
train,7453,codechef,HARD,True
train,7454,codechef,EASY,True
train,7455,codeforces,MEDIUM_HARD,True
train,7456,codeforces,EASY,True
train,7457,geeksforgeeks,MEDIUM,True
train,7458,codechef,MEDIUM_HARD,True
train,7459,codeforces,MEDIUM,True
train,7461,codeforces,EASY,True
train,7462,hackerearth,EASY,False
train,7466,codewars,EASY,True
train,7467,codeforces,EASY,True
train,7469,codeforces,HARD,True
train,7470,codechef,VERY_HARD,True
train,7471,codechef,EASY,True
train,7472,codeforces,EASY,True
train,7474,codeforces,HARD,True
train,7475,geeksforgeeks,EASY,True
train,7476,codechef,EASY,True
train,7477,codeforces,MEDIUM_HARD,True
train,7478,aizu,UNKNOWN_DIFFICULTY,False
train,7479,codeforces,HARD,True
train,7480,codewars,EASY,True
train,7481,codeforces,HARD,True
train,7484,aizu,UNKNOWN_DIFFICULTY,False
train,7486,codewars,EASY,True
train,7487,codeforces,HARD,True
train,7488,codeforces,MEDIUM_HARD,True
train,7489,codeforces,EASY,True
train,7492,codechef,UNKNOWN_DIFFICULTY,True
train,7493,geeksforgeeks,MEDIUM,True
train,7496,codeforces,MEDIUM_HARD,True
train,7497,geeksforgeeks,EASY,True
train,7498,codeforces,MEDIUM,True
train,7499,codeforces,EASY,True
train,7501,codeforces,EASY,True
train,7502,geeksforgeeks,EASY,True
train,7503,codewars,EASY,True
train,7504,codechef,EASY,True
train,7505,codeforces,MEDIUM,True
train,7507,aizu,UNKNOWN_DIFFICULTY,False
train,7508,geeksforgeeks,EASY,True
train,7509,hackerearth,MEDIUM,False
train,7510,codeforces,MEDIUM_HARD,True
train,7511,codeforces,HARD,True
train,7512,codeforces,MEDIUM_HARD,True
train,7514,codeforces,HARD,True
train,7515,hackerearth,UNKNOWN_DIFFICULTY,False
train,7517,geeksforgeeks,EASY,True
train,7518,codeforces,MEDIUM,True
train,7519,codechef,MEDIUM,True
train,7520,codeforces,EASY,True
train,7521,codechef,EASY,True
train,7524,codeforces,EASY,True
train,7525,geeksforgeeks,EASY,True
train,7526,leetcode,MEDIUM_HARD,True
train,7527,aizu,UNKNOWN_DIFFICULTY,False
train,7528,codewars,EASY,True
train,7529,atcoder,EASY,True
train,7530,hackerearth,MEDIUM_HARD,False
train,7532,codeforces,HARD,True
train,7534,codeforces,EASY,True
train,7536,aizu,UNKNOWN_DIFFICULTY,False
train,7537,hackerearth,EASY,False
train,7538,codeforces,EASY,True
train,7539,codeforces,EASY,True
train,7541,geeksforgeeks,EASY,True
train,7542,codeforces,MEDIUM_HARD,True
train,7543,hackerearth,EASY,False
train,7544,geeksforgeeks,MEDIUM,True
train,7545,aizu,UNKNOWN_DIFFICULTY,False
train,7546,codeforces,MEDIUM,True
train,7547,atcoder,EASY,True
train,7548,atcoder,UNKNOWN_DIFFICULTY,False
train,7549,codeforces,MEDIUM_HARD,True
train,7550,codechef,HARD,True
train,7551,codechef,MEDIUM,True
train,7553,codechef,MEDIUM_HARD,True
train,7554,codewars,EASY,True
train,7555,codeforces,MEDIUM_HARD,True
train,7556,codewars,EASY,True
train,7557,aizu,UNKNOWN_DIFFICULTY,False
train,7558,geeksforgeeks,MEDIUM,True
train,7560,codeforces,EASY,True
train,7562,codechef,MEDIUM_HARD,True
train,7563,geeksforgeeks,EASY,True
train,7565,atcoder,EASY,True
train,7566,geeksforgeeks,EASY,True
train,7567,codechef,MEDIUM_HARD,True
train,7568,codeforces,EASY,True
train,7569,codeforces,EASY,True
train,7574,aizu,UNKNOWN_DIFFICULTY,False
train,7575,leetcode,MEDIUM,True
train,7576,codeforces,MEDIUM_HARD,True
train,7579,aizu,UNKNOWN_DIFFICULTY,False
train,7581,codeforces,MEDIUM_HARD,True
train,7582,aizu,UNKNOWN_DIFFICULTY,False
train,7583,codeforces,HARD,True
train,7584,codechef,VERY_HARD,True
train,7586,codewars,EASY,True
train,7587,codechef,MEDIUM_HARD,True
train,7588,codewars,EASY,True
train,7590,codechef,UNKNOWN_DIFFICULTY,True
train,7591,atcoder,EASY,True
train,7594,geeksforgeeks,EASY,True
train,7596,aizu,UNKNOWN_DIFFICULTY,False
train,7597,aizu,UNKNOWN_DIFFICULTY,False
train,7598,geeksforgeeks,EASY,True
train,7601,codeforces,MEDIUM_HARD,True
train,7602,codeforces,HARD,True
train,7603,codeforces,EASY,True
train,7604,aizu,UNKNOWN_DIFFICULTY,False
train,7605,codeforces,HARD,True
train,7606,aizu,UNKNOWN_DIFFICULTY,False
train,7607,hackerearth,MEDIUM_HARD,False
train,7608,leetcode,MEDIUM_HARD,True
train,7609,codeforces,HARD,True
train,7612,codechef,UNKNOWN_DIFFICULTY,True
train,7616,codechef,UNKNOWN_DIFFICULTY,True
train,7617,codeforces,EASY,True
train,7618,codechef,UNKNOWN_DIFFICULTY,True
train,7619,codeforces,HARD,True
train,7620,codeforces,EASY,True
train,7623,codeforces,HARD,True
train,7624,atcoder,MEDIUM,True
train,7625,codewars,EASY,True
train,7626,codeforces,MEDIUM,True
train,7627,codechef,EASY,True
train,7628,codechef,EASY,True
train,7629,codewars,MEDIUM_HARD,True
train,7632,codeforces,MEDIUM,True
train,7633,codechef,HARD,True
train,7634,codeforces,VERY_HARD,True
train,7636,codeforces,VERY_HARD,True
train,7639,codeforces,HARD,True
train,7640,atcoder,EASY,True
train,7641,codeforces,EASY,True
train,7643,codeforces,MEDIUM,True
train,7645,codechef,UNKNOWN_DIFFICULTY,True
train,7646,geeksforgeeks,MEDIUM,True
train,7647,codechef,UNKNOWN_DIFFICULTY,True
train,7652,geeksforgeeks,EASY,True
train,7653,aizu,UNKNOWN_DIFFICULTY,False
train,7655,codeforces,EASY,True
train,7656,geeksforgeeks,EASY,True
train,7659,codeforces,HARD,True
train,7660,codeforces,MEDIUM,True
train,7662,aizu,UNKNOWN_DIFFICULTY,False
train,7664,codeforces,HARD,True
train,7665,codeforces,EASY,True
train,7667,codechef,UNKNOWN_DIFFICULTY,True
train,7668,codewars,EASY,True
train,7669,codechef,UNKNOWN_DIFFICULTY,True
train,7672,codeforces,MEDIUM_HARD,True
train,7673,codechef,UNKNOWN_DIFFICULTY,True
train,7674,codeforces,MEDIUM_HARD,True
train,7676,codechef,UNKNOWN_DIFFICULTY,True
train,7677,geeksforgeeks,EASY,True
train,7678,codechef,EASY,True
train,7679,codewars,EASY,True
train,7680,codechef,MEDIUM_HARD,True
train,7682,codeforces,HARD,True
train,7683,atcoder,VERY_HARD,True
train,7684,geeksforgeeks,EASY,True
train,7685,hackerearth,EASY,False
train,7686,leetcode,MEDIUM,True
train,7687,codechef,UNKNOWN_DIFFICULTY,True
train,7689,aizu,UNKNOWN_DIFFICULTY,False
train,7693,codewars,EASY,True
train,7694,codeforces,VERY_HARD,True
train,7695,codeforces,MEDIUM_HARD,True
train,7696,atcoder,UNKNOWN_DIFFICULTY,False
train,7698,atcoder,UNKNOWN_DIFFICULTY,False
train,7699,codeforces,HARD,True
train,7700,geeksforgeeks,EASY,True
train,7701,codeforces,EASY,True
train,7702,codechef,UNKNOWN_DIFFICULTY,True
train,7703,aizu,UNKNOWN_DIFFICULTY,False
train,7707,codeforces,EASY,True
train,7708,hackerearth,MEDIUM,False
train,7710,atcoder,UNKNOWN_DIFFICULTY,False
train,7712,codewars,EASY,True
train,7714,geeksforgeeks,MEDIUM_HARD,True
train,7715,geeksforgeeks,EASY,True
train,7718,aizu,UNKNOWN_DIFFICULTY,False
train,7719,aizu,UNKNOWN_DIFFICULTY,False
train,7720,aizu,UNKNOWN_DIFFICULTY,False
train,7721,geeksforgeeks,EASY,True
train,7723,atcoder,HARD,True
train,7724,codeforces,MEDIUM,True
train,7727,codechef,MEDIUM_HARD,True
train,7733,geeksforgeeks,EASY,True
train,7734,codeforces,HARD,True
train,7735,codechef,EASY,True
train,7736,codeforces,VERY_HARD,True
train,7737,geeksforgeeks,EASY,True
train,7738,codeforces,HARD,True
train,7739,codeforces,MEDIUM_HARD,True
train,7740,codewars,EASY,True
train,7741,atcoder,MEDIUM_HARD,True
train,7744,aizu,UNKNOWN_DIFFICULTY,False
train,7746,codeforces,EASY,True
train,7747,codeforces,MEDIUM,True
train,7748,geeksforgeeks,EASY,True
train,7750,codeforces,VERY_HARD,True
train,7751,codeforces,EASY,True
train,7752,geeksforgeeks,EASY,True
train,7753,codeforces,HARD,True
train,7754,codeforces,EASY,True
train,7755,atcoder,UNKNOWN_DIFFICULTY,False
train,7756,codeforces,EASY,True
train,7757,codechef,UNKNOWN_DIFFICULTY,True
train,7758,codeforces,MEDIUM_HARD,True
train,7759,hackerearth,UNKNOWN_DIFFICULTY,False
train,7760,codewars,EASY,True
train,7761,atcoder,UNKNOWN_DIFFICULTY,False
train,7763,codeforces,EASY,True
train,7764,codewars,EASY,True
train,7767,geeksforgeeks,MEDIUM,True
train,7768,codechef,MEDIUM,True
train,7769,codeforces,HARD,True
train,7770,codeforces,MEDIUM,True
train,7771,codewars,EASY,True
train,7772,codewars,EASY,True
train,7774,leetcode,MEDIUM_HARD,True
train,7775,geeksforgeeks,EASY,True
train,7776,hackerearth,UNKNOWN_DIFFICULTY,False
train,7779,atcoder,VERY_HARD,True
train,7781,codeforces,EASY,True
train,7783,hackerearth,UNKNOWN_DIFFICULTY,False
train,7784,aizu,UNKNOWN_DIFFICULTY,False
train,7785,codeforces,MEDIUM,True
train,7789,geeksforgeeks,MEDIUM,True
train,7790,codewars,EASY,True
train,7792,codewars,EASY,True
train,7793,leetcode,MEDIUM,True
train,7794,codeforces,EASY,True
train,7795,codewars,EASY,True
train,7796,aizu,UNKNOWN_DIFFICULTY,False
train,7800,codewars,EASY,True
train,7801,codeforces,VERY_HARD,True
train,7802,codeforces,EASY,True
train,7803,geeksforgeeks,EASY,True
train,7804,geeksforgeeks,EASY,True
train,7805,geeksforgeeks,MEDIUM,True
train,7806,hackerearth,EASY,False
train,7808,codewars,EASY,True
train,7809,codewars,EASY,True
train,7810,hackerearth,EASY,False
train,7811,aizu,UNKNOWN_DIFFICULTY,False
train,7812,codeforces,EASY,True
train,7813,hackerearth,EASY,False
train,7816,codeforces,HARD,True
train,7817,codewars,EASY,True
train,7818,codeforces,HARD,True
train,7819,atcoder,MEDIUM_HARD,True
train,7821,codeforces,EASY,True
train,7822,geeksforgeeks,MEDIUM,True
train,7824,aizu,UNKNOWN_DIFFICULTY,False
train,7825,codeforces,MEDIUM_HARD,True
train,7827,codeforces,VERY_HARD,True
train,7829,codeforces,MEDIUM_HARD,True
train,7830,hackerearth,UNKNOWN_DIFFICULTY,False
train,7831,codeforces,MEDIUM_HARD,True
train,7833,codechef,MEDIUM,True
train,7834,codeforces,EASY,True
train,7835,atcoder,VERY_HARD,True
train,7836,geeksforgeeks,EASY,True
train,7837,codeforces,EASY,True
train,7840,codechef,MEDIUM_HARD,True
train,7841,codewars,EASY,True
train,7844,codechef,VERY_HARD,True
train,7845,geeksforgeeks,EASY,True
train,7848,atcoder,VERY_HARD,True
train,7849,codechef,MEDIUM_HARD,True
train,7850,atcoder,MEDIUM,True
train,7851,codeforces,MEDIUM_HARD,True
train,7852,leetcode,MEDIUM,True
train,7853,aizu,UNKNOWN_DIFFICULTY,False
train,7854,codeforces,HARD,True
train,7855,geeksforgeeks,EASY,True
train,7857,codeforces,HARD,True
train,7858,codeforces,EASY,True
train,7860,codeforces,HARD,True
train,7861,codeforces,VERY_HARD,True
train,7862,codeforces,HARD,True
train,7865,codewars,EASY,True
train,7866,hackerearth,MEDIUM,False
train,7867,codeforces,MEDIUM_HARD,True
train,7868,codeforces,EASY,True
train,7870,codewars,EASY,True
train,7871,codeforces,VERY_HARD,True
train,7872,hackerearth,MEDIUM,False
train,7873,codeforces,HARD,True
train,7874,codeforces,EASY,True
train,7880,codewars,EASY,True
train,7881,codeforces,MEDIUM_HARD,True
train,7882,codeforces,MEDIUM_HARD,True
train,7883,codechef,EASY,True
train,7885,codeforces,EASY,True
train,7886,codeforces,MEDIUM_HARD,True
train,7887,geeksforgeeks,EASY,True
train,7888,codeforces,HARD,True
train,7891,geeksforgeeks,MEDIUM,True
train,7892,codechef,UNKNOWN_DIFFICULTY,True
train,7893,codechef,MEDIUM,True
train,7894,geeksforgeeks,MEDIUM_HARD,True
train,7895,leetcode,MEDIUM,True
train,7897,codeforces,MEDIUM_HARD,True
train,7899,geeksforgeeks,MEDIUM,True
train,7900,codeforces,EASY,True
train,7901,codeforces,HARD,True
train,7903,codechef,HARD,True
train,7906,codechef,EASY,True
train,7907,codeforces,MEDIUM_HARD,True
train,7908,hackerearth,UNKNOWN_DIFFICULTY,False
train,7909,geeksforgeeks,EASY,True
train,7910,codeforces,HARD,True
train,7912,codeforces,HARD,True
train,7914,aizu,UNKNOWN_DIFFICULTY,False
train,7915,codechef,EASY,True
train,7916,codechef,EASY,True
train,7917,codewars,EASY,True
train,7918,codeforces,EASY,True
train,7919,geeksforgeeks,MEDIUM,True
train,7920,hackerearth,EASY,False
train,7921,codechef,UNKNOWN_DIFFICULTY,True
train,7924,aizu,UNKNOWN_DIFFICULTY,False
train,7927,hackerearth,UNKNOWN_DIFFICULTY,False
train,7928,codeforces,MEDIUM_HARD,True
train,7929,codeforces,MEDIUM_HARD,True
train,7930,codeforces,EASY,True
train,7931,codewars,EASY,True
train,7932,codeforces,HARD,True
train,7933,codeforces,EASY,True
train,7934,codeforces,EASY,True
train,7935,codechef,EASY,True
train,7936,codeforces,HARD,True
train,7937,codeforces,MEDIUM,True
train,7938,codechef,UNKNOWN_DIFFICULTY,True
train,7940,codeforces,EASY,True
train,7941,aizu,UNKNOWN_DIFFICULTY,False
train,7942,codeforces,MEDIUM,True
train,7943,codewars,EASY,True
train,7945,atcoder,EASY,True
train,7947,hackerearth,EASY,False
train,7948,geeksforgeeks,EASY,True
train,7949,codeforces,EASY,True
train,7952,aizu,UNKNOWN_DIFFICULTY,False
train,7954,codeforces,HARD,True
train,7955,codechef,VERY_HARD,True
train,7956,codewars,EASY,True
train,7957,atcoder,UNKNOWN_DIFFICULTY,False
train,7958,codechef,EASY,True
train,7960,geeksforgeeks,EASY,True
train,7961,hackerearth,MEDIUM,False
train,7963,codechef,MEDIUM_HARD,True
train,7964,codechef,UNKNOWN_DIFFICULTY,True
train,7967,geeksforgeeks,EASY,True
train,7968,geeksforgeeks,MEDIUM,True
train,7971,codechef,EASY,True
train,7973,geeksforgeeks,EASY,True
train,7974,codeforces,MEDIUM,True
train,7975,hackerearth,EASY,False
train,7977,codeforces,HARD,True
train,7978,codeforces,MEDIUM,True
train,7979,codeforces,VERY_HARD,True
train,7980,codeforces,MEDIUM_HARD,True
train,7981,geeksforgeeks,EASY,True
train,7983,aizu,UNKNOWN_DIFFICULTY,False
train,7984,aizu,UNKNOWN_DIFFICULTY,False
train,7985,codewars,EASY,True
train,7988,codewars,EASY,True
train,7989,geeksforgeeks,MEDIUM_HARD,True
train,7991,hackerearth,EASY,False
train,7992,codechef,EASY,True
train,7993,codeforces,EASY,True
train,7994,codechef,MEDIUM,True
train,7995,codewars,EASY,True
train,7996,codeforces,EASY,True
train,7997,geeksforgeeks,EASY,True
train,7998,hackerearth,MEDIUM,False
train,8000,aizu,UNKNOWN_DIFFICULTY,False
train,8001,atcoder,VERY_HARD,True
train,8002,codechef,EASY,True
train,8004,codechef,UNKNOWN_DIFFICULTY,True
train,8005,codeforces,MEDIUM_HARD,True
train,8006,codechef,UNKNOWN_DIFFICULTY,True
train,8007,codeforces,EASY,True
train,8009,codeforces,MEDIUM,True
train,8012,codechef,EASY,True
train,8014,leetcode,MEDIUM_HARD,True
train,8015,atcoder,HARD,True
train,8016,codewars,MEDIUM_HARD,True
train,8017,atcoder,EASY,True
train,8019,hackerearth,EASY,False
train,8020,codewars,EASY,True
train,8021,codeforces,HARD,True
train,8022,codechef,EASY,True
train,8023,codeforces,MEDIUM_HARD,True
train,8024,leetcode,MEDIUM,True
train,8025,codechef,MEDIUM_HARD,True
train,8027,codeforces,EASY,True
train,8028,geeksforgeeks,EASY,True
train,8031,codewars,MEDIUM,True
train,8032,aizu,UNKNOWN_DIFFICULTY,False
train,8033,codechef,HARD,True
train,8036,atcoder,EASY,True
train,8039,geeksforgeeks,EASY,True
train,8040,codewars,EASY,True
train,8041,aizu,UNKNOWN_DIFFICULTY,False
train,8043,codeforces,MEDIUM_HARD,True
train,8044,codewars,EASY,True
train,8045,leetcode,EASY,True
train,8047,codechef,EASY,True
train,8049,codeforces,MEDIUM_HARD,True
train,8050,codeforces,VERY_HARD,True
train,8051,codechef,UNKNOWN_DIFFICULTY,True
train,8052,codeforces,HARD,True
train,8056,codeforces,EASY,True
train,8058,aizu,UNKNOWN_DIFFICULTY,False
train,8061,codewars,EASY,True
train,8063,codewars,EASY,True
train,8064,codeforces,EASY,True
train,8065,codechef,EASY,True
train,8066,hackerearth,EASY,False
train,8067,codeforces,VERY_HARD,True
train,8069,atcoder,UNKNOWN_DIFFICULTY,False
train,8070,codechef,VERY_HARD,True
train,8071,codewars,EASY,True
train,8072,aizu,UNKNOWN_DIFFICULTY,False
train,8074,codeforces,EASY,True
train,8075,codeforces,MEDIUM,True
train,8077,codewars,EASY,True
train,8078,hackerearth,EASY,False
train,8079,geeksforgeeks,MEDIUM_HARD,True
train,8080,hackerearth,UNKNOWN_DIFFICULTY,False
train,8081,codechef,EASY,True
train,8082,codeforces,MEDIUM,True
train,8084,atcoder,UNKNOWN_DIFFICULTY,False
train,8087,codewars,EASY,True
train,8088,codeforces,MEDIUM,True
train,8090,codeforces,HARD,True
train,8091,codechef,VERY_HARD,True
train,8092,codeforces,EASY,True
train,8093,codeforces,HARD,True
train,8095,codeforces,HARD,True
train,8097,aizu,UNKNOWN_DIFFICULTY,False
train,8098,codechef,UNKNOWN_DIFFICULTY,True
train,8099,codeforces,EASY,True
train,8100,atcoder,EASY,True
train,8101,codeforces,MEDIUM_HARD,True
train,8102,geeksforgeeks,MEDIUM,True
train,8104,leetcode,MEDIUM_HARD,True
train,8105,codeforces,MEDIUM,True
train,8108,geeksforgeeks,EASY,True
train,8109,codeforces,EASY,True
train,8110,codewars,EASY,True
train,8111,atcoder,UNKNOWN_DIFFICULTY,False
train,8112,geeksforgeeks,MEDIUM,True
train,8113,geeksforgeeks,EASY,True
train,8114,geeksforgeeks,EASY,True
train,8115,codechef,MEDIUM_HARD,True
train,8116,codechef,HARD,True
train,8119,codechef,EASY,True
train,8120,codechef,UNKNOWN_DIFFICULTY,True
train,8122,codewars,EASY,True
train,8124,geeksforgeeks,EASY,True
train,8125,atcoder,EASY,True
train,8126,aizu,UNKNOWN_DIFFICULTY,False
train,8127,codeforces,MEDIUM_HARD,True
train,8128,codeforces,EASY,True
train,8129,codeforces,MEDIUM_HARD,True
train,8131,codeforces,HARD,True
train,8133,codechef,EASY,True
train,8134,codewars,EASY,True
train,8135,codechef,HARD,True
train,8137,codewars,EASY,True
train,8138,codeforces,MEDIUM,True
train,8139,codeforces,HARD,True
train,8141,codewars,EASY,True
train,8143,hackerearth,EASY,False
train,8144,atcoder,EASY,True
train,8145,codeforces,MEDIUM_HARD,True
train,8146,aizu,UNKNOWN_DIFFICULTY,False
train,8147,geeksforgeeks,MEDIUM,True
train,8148,atcoder,UNKNOWN_DIFFICULTY,False
train,8150,codechef,EASY,True
train,8151,codechef,VERY_HARD,True
train,8152,geeksforgeeks,EASY,True
train,8153,geeksforgeeks,MEDIUM,True
train,8154,codeforces,HARD,True
train,8155,codewars,EASY,True
train,8156,codeforces,MEDIUM_HARD,True
train,8158,codeforces,EASY,True
train,8159,codechef,MEDIUM_HARD,True
train,8160,hackerearth,UNKNOWN_DIFFICULTY,False
train,8162,codechef,EASY,True
train,8164,codewars,EASY,True
train,8165,codechef,MEDIUM_HARD,True
train,8166,atcoder,EASY,True
train,8167,codeforces,MEDIUM,True
train,8169,codewars,EASY,True
train,8173,geeksforgeeks,EASY,True
train,8174,hackerearth,UNKNOWN_DIFFICULTY,False
train,8175,codeforces,MEDIUM_HARD,True
train,8176,codeforces,EASY,True
train,8178,atcoder,EASY,True
train,8179,hackerearth,EASY,False
train,8180,hackerearth,UNKNOWN_DIFFICULTY,False
train,8182,codechef,HARD,True
train,8183,geeksforgeeks,MEDIUM,True
train,8185,codeforces,MEDIUM_HARD,True
train,8186,codeforces,MEDIUM_HARD,True
train,8189,atcoder,EASY,True
train,8190,codeforces,EASY,True
train,8191,aizu,UNKNOWN_DIFFICULTY,False
train,8194,geeksforgeeks,EASY,True
train,8196,geeksforgeeks,EASY,True
train,8197,codeforces,HARD,True
train,8199,hackerearth,UNKNOWN_DIFFICULTY,False
train,8200,atcoder,UNKNOWN_DIFFICULTY,False
train,8202,atcoder,MEDIUM,True
train,8203,codechef,UNKNOWN_DIFFICULTY,True
train,8205,codeforces,EASY,True
train,8206,hackerearth,EASY,False
train,8207,geeksforgeeks,EASY,True
train,8209,geeksforgeeks,EASY,True
train,8211,codechef,EASY,True
train,8212,codeforces,EASY,True
train,8213,geeksforgeeks,EASY,True
train,8214,codewars,EASY,True
train,8215,leetcode,EASY,True
train,8216,codeforces,MEDIUM_HARD,True
train,8218,codechef,VERY_HARD,True
train,8219,codeforces,HARD,True
train,8220,codeforces,EASY,True
train,8221,geeksforgeeks,MEDIUM,True
train,8225,codeforces,VERY_HARD,True
train,8227,geeksforgeeks,MEDIUM,True
train,8228,geeksforgeeks,EASY,True
train,8229,hackerearth,MEDIUM,False
train,8231,codechef,HARD,True
train,8232,aizu,UNKNOWN_DIFFICULTY,False
train,8235,geeksforgeeks,MEDIUM,True
train,8236,leetcode,MEDIUM_HARD,True
train,8237,aizu,UNKNOWN_DIFFICULTY,False
train,8239,geeksforgeeks,MEDIUM,True
train,8240,codechef,MEDIUM_HARD,True
train,8241,codeforces,HARD,True
train,8242,codechef,EASY,True
train,8244,geeksforgeeks,EASY,True
train,8245,hackerearth,EASY,False
train,8247,codeforces,MEDIUM,True
train,8248,codeforces,HARD,True
train,8249,leetcode,MEDIUM_HARD,True
train,8250,codeforces,EASY,True
train,8251,codeforces,MEDIUM_HARD,True
train,8253,geeksforgeeks,EASY,True
train,8256,codewars,EASY,True
train,8257,codewars,EASY,True
train,8258,atcoder,EASY,True
train,8259,codechef,MEDIUM_HARD,True
train,8260,codewars,EASY,True
train,8261,codechef,MEDIUM,True
train,8262,codechef,HARD,True
train,8263,codechef,UNKNOWN_DIFFICULTY,True
train,8266,codeforces,HARD,True
train,8267,codechef,EASY,True
train,8270,codeforces,EASY,True
train,8272,codeforces,MEDIUM_HARD,True
train,8273,hackerearth,HARD,False
train,8274,codeforces,HARD,True
train,8275,codeforces,EASY,True
train,8276,atcoder,UNKNOWN_DIFFICULTY,False
train,8277,codeforces,HARD,True
train,8280,codewars,EASY,True
train,8281,codeforces,EASY,True
train,8282,codeforces,EASY,True
train,8283,codeforces,HARD,True
train,8284,leetcode,EASY,True
train,8285,codechef,MEDIUM,True
train,8286,codeforces,EASY,True
train,8287,codechef,UNKNOWN_DIFFICULTY,True
train,8288,hackerearth,EASY,False
train,8289,geeksforgeeks,EASY,True
train,8290,codechef,MEDIUM,True
train,8291,codewars,EASY,True
train,8292,geeksforgeeks,EASY,True
train,8294,codeforces,EASY,True
train,8295,geeksforgeeks,EASY,True
train,8297,hackerearth,UNKNOWN_DIFFICULTY,False
train,8298,codeforces,MEDIUM_HARD,True
train,8299,codeforces,MEDIUM_HARD,True
train,8300,atcoder,EASY,True
train,8301,atcoder,EASY,True
train,8304,geeksforgeeks,EASY,True
train,8305,codechef,UNKNOWN_DIFFICULTY,True
train,8308,aizu,UNKNOWN_DIFFICULTY,False
train,8309,hackerearth,UNKNOWN_DIFFICULTY,False
train,8311,codewars,EASY,True
train,8312,aizu,UNKNOWN_DIFFICULTY,False
train,8314,geeksforgeeks,EASY,True
train,8315,codeforces,MEDIUM_HARD,True
train,8318,atcoder,UNKNOWN_DIFFICULTY,False
train,8320,geeksforgeeks,EASY,True
train,8321,codechef,MEDIUM_HARD,True
train,8323,leetcode,MEDIUM,True
train,8324,codeforces,MEDIUM,True
train,8326,codewars,EASY,True
train,8331,codeforces,EASY,True
train,8332,codeforces,EASY,True
train,8333,codechef,VERY_HARD,True
train,8335,hackerearth,MEDIUM,False
train,8336,codechef,MEDIUM,True
train,8337,codeforces,EASY,True
train,8339,codewars,EASY,True
train,8340,codeforces,VERY_HARD,True
train,8341,geeksforgeeks,EASY,True
train,8342,leetcode,MEDIUM,True
train,8343,codeforces,EASY,True
train,8344,codechef,UNKNOWN_DIFFICULTY,True
train,8346,codewars,EASY,True
train,8348,codeforces,MEDIUM_HARD,True
train,8350,hackerearth,UNKNOWN_DIFFICULTY,False
train,8352,geeksforgeeks,EASY,True
train,8353,codeforces,HARD,True
train,8356,codeforces,HARD,True
train,8357,codeforces,MEDIUM_HARD,True
train,8358,hackerearth,EASY,False
train,8359,codeforces,MEDIUM_HARD,True
train,8360,codechef,VERY_HARD,True
train,8361,codeforces,MEDIUM_HARD,True
train,8365,codeforces,EASY,True
train,8367,geeksforgeeks,EASY,True
train,8368,codewars,EASY,True
train,8370,hackerearth,UNKNOWN_DIFFICULTY,False
train,8371,codeforces,MEDIUM_HARD,True
train,8374,codechef,HARD,True
train,8375,codechef,MEDIUM_HARD,True
train,8377,codewars,EASY,True
train,8378,geeksforgeeks,EASY,True
train,8379,codechef,EASY,True
train,8381,leetcode,MEDIUM_HARD,True
train,8382,codechef,EASY,True
train,8383,codeforces,MEDIUM,True
train,8387,codeforces,EASY,True
train,8388,codeforces,MEDIUM,True
train,8389,atcoder,MEDIUM,True
train,8390,codeforces,MEDIUM,True
train,8391,codeforces,MEDIUM_HARD,True
train,8392,codechef,UNKNOWN_DIFFICULTY,True
train,8395,hackerearth,EASY,False
train,8396,codeforces,VERY_HARD,True
train,8398,geeksforgeeks,EASY,True
train,8401,codeforces,VERY_HARD,True
train,8403,codechef,MEDIUM,True
train,8405,leetcode,EASY,True
train,8406,codeforces,VERY_HARD,True
train,8410,atcoder,UNKNOWN_DIFFICULTY,False
train,8411,atcoder,EASY,True
train,8413,codechef,UNKNOWN_DIFFICULTY,True
train,8414,codewars,EASY,True
train,8416,hackerearth,EASY,False
train,8417,codeforces,MEDIUM_HARD,True
train,8418,codechef,MEDIUM_HARD,True
train,8419,codechef,EASY,True
train,8422,atcoder,UNKNOWN_DIFFICULTY,False
train,8426,codechef,EASY,True
train,8427,geeksforgeeks,MEDIUM,True
train,8428,atcoder,UNKNOWN_DIFFICULTY,False
train,8429,atcoder,EASY,True
train,8430,codeforces,MEDIUM_HARD,True
train,8431,geeksforgeeks,MEDIUM,True
train,8434,geeksforgeeks,MEDIUM,True
train,8435,codechef,UNKNOWN_DIFFICULTY,True
train,8436,codewars,EASY,True
train,8439,codeforces,HARD,True
train,8440,hackerearth,UNKNOWN_DIFFICULTY,False
train,8441,codeforces,HARD,True
train,8442,codeforces,MEDIUM,True
train,8443,codeforces,HARD,True
train,8444,codechef,UNKNOWN_DIFFICULTY,True
train,8446,aizu,UNKNOWN_DIFFICULTY,False
train,8447,geeksforgeeks,EASY,True
train,8448,codechef,VERY_HARD,True
train,8449,aizu,UNKNOWN_DIFFICULTY,False
train,8450,codewars,EASY,True
train,8451,codechef,EASY,True
train,8452,codewars,MEDIUM_HARD,True
train,8453,aizu,UNKNOWN_DIFFICULTY,False
train,8456,codeforces,HARD,True
train,8457,geeksforgeeks,EASY,True
train,8459,codeforces,HARD,True
train,8460,codeforces,MEDIUM_HARD,True
train,8461,codeforces,MEDIUM_HARD,True
train,8463,hackerearth,UNKNOWN_DIFFICULTY,False
train,8464,geeksforgeeks,EASY,True
train,8465,codeforces,HARD,True
train,8466,codeforces,MEDIUM_HARD,True
train,8467,geeksforgeeks,EASY,True
train,8469,codechef,UNKNOWN_DIFFICULTY,True
train,8471,codeforces,EASY,True
train,8472,codeforces,EASY,True
train,8473,codeforces,EASY,True
train,8477,codechef,UNKNOWN_DIFFICULTY,True
train,8478,codewars,EASY,True
train,8479,codewars,EASY,True
train,8480,aizu,UNKNOWN_DIFFICULTY,False
train,8482,codechef,HARD,True
train,8486,codeforces,EASY,True
train,8488,hackerearth,UNKNOWN_DIFFICULTY,False
train,8489,atcoder,MEDIUM,True
train,8490,codewars,EASY,True
train,8494,codeforces,HARD,True
train,8495,geeksforgeeks,MEDIUM,True
train,8496,codechef,UNKNOWN_DIFFICULTY,True
train,8497,aizu,UNKNOWN_DIFFICULTY,False
train,8498,codewars,EASY,True
train,8499,codewars,EASY,True
train,8500,atcoder,UNKNOWN_DIFFICULTY,False
train,8501,codeforces,EASY,True
train,8503,codewars,EASY,True
train,8504,codeforces,MEDIUM_HARD,True
train,8506,codeforces,EASY,True
train,8507,aizu,UNKNOWN_DIFFICULTY,False
train,8510,codeforces,VERY_HARD,True
train,8511,leetcode,MEDIUM,True
train,8512,aizu,UNKNOWN_DIFFICULTY,False
train,8513,geeksforgeeks,MEDIUM,True
train,8514,codechef,EASY,True
train,8515,codeforces,MEDIUM_HARD,True
train,8516,codewars,EASY,True
train,8517,atcoder,MEDIUM,True
train,8521,hackerearth,EASY,False
train,8522,aizu,UNKNOWN_DIFFICULTY,False
train,8526,hackerearth,EASY,False
train,8527,leetcode,MEDIUM_HARD,True
train,8528,geeksforgeeks,EASY,True
train,8529,codechef,MEDIUM_HARD,True
train,8530,codewars,EASY,True
train,8531,codeforces,EASY,True
train,8532,geeksforgeeks,EASY,True
train,8534,codechef,VERY_HARD,True
train,8538,codeforces,EASY,True
train,8539,aizu,UNKNOWN_DIFFICULTY,False
train,8540,codeforces,HARD,True
train,8541,codeforces,MEDIUM_HARD,True
train,8542,leetcode,EASY,True
train,8543,codeforces,MEDIUM_HARD,True
train,8544,geeksforgeeks,EASY,True
train,8545,codewars,EASY,True
train,8546,codewars,EASY,True
train,8548,atcoder,MEDIUM_HARD,True
train,8549,codechef,VERY_HARD,True
train,8551,codeforces,VERY_HARD,True
train,8552,aizu,UNKNOWN_DIFFICULTY,False
train,8554,aizu,UNKNOWN_DIFFICULTY,False
train,8555,aizu,UNKNOWN_DIFFICULTY,False
train,8556,codewars,EASY,True
train,8557,codeforces,MEDIUM,True
train,8558,codeforces,VERY_HARD,True
train,8559,codeforces,EASY,True
train,8560,atcoder,UNKNOWN_DIFFICULTY,False
train,8561,aizu,UNKNOWN_DIFFICULTY,False
train,8563,atcoder,UNKNOWN_DIFFICULTY,False
train,8565,codewars,EASY,True
train,8566,codewars,EASY,True
train,8567,atcoder,UNKNOWN_DIFFICULTY,False
train,8570,codeforces,MEDIUM_HARD,True
train,8572,codeforces,MEDIUM_HARD,True
train,8573,codechef,UNKNOWN_DIFFICULTY,True
train,8574,codeforces,EASY,True
train,8575,hackerearth,EASY,False
train,8576,codewars,MEDIUM,True
train,8577,codeforces,HARD,True
train,8578,atcoder,UNKNOWN_DIFFICULTY,False
train,8579,geeksforgeeks,MEDIUM,True
train,8581,aizu,UNKNOWN_DIFFICULTY,False
train,8584,codechef,MEDIUM_HARD,True
train,8585,codechef,EASY,True
train,8586,geeksforgeeks,EASY,True
train,8587,codechef,EASY,True
train,8588,codechef,EASY,True
train,8590,codewars,EASY,True
train,8591,codeforces,EASY,True
train,8592,hackerearth,UNKNOWN_DIFFICULTY,False
train,8595,codeforces,HARD,True
train,8596,aizu,UNKNOWN_DIFFICULTY,False
train,8597,hackerearth,UNKNOWN_DIFFICULTY,False
train,8598,codeforces,MEDIUM_HARD,True
train,8599,codechef,EASY,True
train,8601,atcoder,EASY,True
train,8602,codeforces,HARD,True
train,8606,codewars,EASY,True
train,8608,atcoder,EASY,True
train,8610,codewars,EASY,True
train,8611,codewars,EASY,True
train,8612,hackerearth,EASY,False
train,8614,codechef,HARD,True
train,8615,codeforces,EASY,True
train,8616,codeforces,HARD,True
train,8617,codeforces,EASY,True
train,8618,geeksforgeeks,EASY,True
train,8619,geeksforgeeks,EASY,True
train,8621,codeforces,HARD,True
train,8622,codechef,VERY_HARD,True
train,8623,codewars,EASY,True
train,8624,codeforces,EASY,True
train,8625,leetcode,MEDIUM_HARD,True
train,8626,codewars,EASY,True
train,8627,codeforces,HARD,True
train,8628,codeforces,MEDIUM,True
train,8630,codechef,VERY_HARD,True
train,8631,atcoder,UNKNOWN_DIFFICULTY,False
train,8632,codewars,EASY,True
train,8634,geeksforgeeks,MEDIUM,True
train,8635,aizu,UNKNOWN_DIFFICULTY,False
train,8637,codewars,EASY,True
train,8639,codeforces,MEDIUM_HARD,True
train,8640,aizu,UNKNOWN_DIFFICULTY,False
train,8641,codeforces,MEDIUM,True
train,8643,aizu,UNKNOWN_DIFFICULTY,False
train,8644,codechef,HARD,True
train,8645,codeforces,EASY,True
train,8648,aizu,UNKNOWN_DIFFICULTY,False
train,8650,hackerearth,EASY,False
train,8651,codewars,EASY,True
train,8653,codeforces,EASY,True
train,8655,codeforces,EASY,True
train,8657,aizu,UNKNOWN_DIFFICULTY,False
train,8658,codewars,EASY,True
train,8660,codechef,MEDIUM_HARD,True
train,8661,codeforces,MEDIUM,True
train,8662,codechef,EASY,True
train,8663,atcoder,UNKNOWN_DIFFICULTY,False
train,8665,codechef,EASY,True
train,8666,codeforces,EASY,True
train,8667,codeforces,EASY,True
train,8669,geeksforgeeks,MEDIUM,True
train,8671,codeforces,MEDIUM_HARD,True
train,8672,hackerearth,UNKNOWN_DIFFICULTY,False
train,8674,aizu,UNKNOWN_DIFFICULTY,False
train,8675,hackerearth,MEDIUM,False
train,8677,codeforces,EASY,True
train,8678,codewars,EASY,True
train,8680,hackerearth,EASY,False
train,8681,codeforces,EASY,True
train,8684,codewars,EASY,True
train,8685,codewars,EASY,True
train,8687,geeksforgeeks,EASY,True
train,8690,geeksforgeeks,EASY,True
train,8691,codechef,UNKNOWN_DIFFICULTY,True
train,8692,codeforces,MEDIUM,True
train,8694,codechef,MEDIUM,True
train,8695,aizu,UNKNOWN_DIFFICULTY,False
train,8697,aizu,UNKNOWN_DIFFICULTY,False
train,8698,codechef,MEDIUM,True
train,8699,codeforces,VERY_HARD,True
train,8701,codewars,EASY,True
train,8703,codechef,UNKNOWN_DIFFICULTY,True
train,8705,codechef,UNKNOWN_DIFFICULTY,True
train,8707,codeforces,EASY,True
train,8708,leetcode,EASY,True
train,8710,codewars,EASY,True
train,8712,codechef,MEDIUM_HARD,True
train,8713,atcoder,UNKNOWN_DIFFICULTY,False
train,8714,codeforces,EASY,True
train,8715,codewars,EASY,True
train,8717,codewars,EASY,True
train,8718,aizu,UNKNOWN_DIFFICULTY,False
train,8720,codewars,EASY,True
train,8721,codeforces,EASY,True
train,8723,atcoder,UNKNOWN_DIFFICULTY,False
train,8725,codeforces,MEDIUM,True
train,8727,atcoder,VERY_HARD,True
train,8728,geeksforgeeks,MEDIUM,True
train,8729,codeforces,HARD,True
train,8730,codeforces,MEDIUM,True
train,8733,codeforces,EASY,True
train,8734,codeforces,MEDIUM_HARD,True
train,8735,hackerearth,EASY,False
train,8737,codewars,EASY,True
train,8738,codeforces,EASY,True
train,8740,atcoder,UNKNOWN_DIFFICULTY,False
train,8742,leetcode,MEDIUM_HARD,True
train,8743,leetcode,EASY,True
train,8747,codechef,UNKNOWN_DIFFICULTY,True
train,8749,atcoder,UNKNOWN_DIFFICULTY,False
train,8750,codewars,EASY,True
train,8752,codeforces,MEDIUM_HARD,True
train,8753,codechef,EASY,True
train,8754,leetcode,MEDIUM,True
train,8755,codeforces,EASY,True
train,8756,codeforces,HARD,True
train,8757,codeforces,HARD,True
train,8760,codeforces,EASY,True
train,8761,codeforces,EASY,True
train,8763,codewars,EASY,True
train,8764,geeksforgeeks,MEDIUM,True
train,8765,codechef,EASY,True
train,8766,codechef,MEDIUM_HARD,True
train,8767,codechef,EASY,True
train,8768,codeforces,EASY,True
train,8769,hackerearth,EASY,False
train,8772,geeksforgeeks,EASY,True
train,8774,codechef,UNKNOWN_DIFFICULTY,True
train,8776,codeforces,HARD,True
train,8778,hackerearth,EASY,False
train,8779,geeksforgeeks,EASY,True
train,8780,codewars,EASY,True
train,8781,hackerearth,UNKNOWN_DIFFICULTY,False
train,8782,codewars,EASY,True
train,8783,codeforces,VERY_HARD,True
train,8784,aizu,UNKNOWN_DIFFICULTY,False
train,8785,codeforces,EASY,True
train,8786,codechef,UNKNOWN_DIFFICULTY,True
train,8787,codeforces,EASY,True
train,8788,codeforces,EASY,True
train,8789,geeksforgeeks,EASY,True
train,8792,geeksforgeeks,MEDIUM,True
train,8793,atcoder,UNKNOWN_DIFFICULTY,False
train,8796,hackerearth,EASY,False
train,8797,hackerearth,EASY,False
train,8798,codeforces,HARD,True
train,8799,aizu,UNKNOWN_DIFFICULTY,False
train,8800,codeforces,EASY,True
train,8802,codeforces,HARD,True
train,8805,codeforces,HARD,True
train,8806,codeforces,VERY_HARD,True
train,8807,codeforces,MEDIUM,True
train,8808,codeforces,HARD,True
train,8809,codeforces,MEDIUM_HARD,True
train,8810,geeksforgeeks,EASY,True
train,8811,codewars,EASY,True
train,8812,codeforces,EASY,True
train,8813,codeforces,EASY,True
train,8814,codewars,EASY,True
train,8815,codewars,EASY,True
train,8816,codechef,EASY,True
train,8817,codechef,MEDIUM_HARD,True
train,8818,codeforces,EASY,True
train,8819,codeforces,MEDIUM_HARD,True
train,8822,aizu,UNKNOWN_DIFFICULTY,False
train,8824,codechef,MEDIUM_HARD,True
train,8825,leetcode,MEDIUM_HARD,True
train,8826,codechef,UNKNOWN_DIFFICULTY,True
train,8827,atcoder,EASY,True
train,8833,codeforces,EASY,True
train,8835,atcoder,HARD,True
train,8836,codewars,EASY,True
train,8837,codewars,EASY,True
train,8839,codeforces,HARD,True
train,8840,codeforces,MEDIUM_HARD,True
train,8842,codeforces,MEDIUM_HARD,True
train,8843,codechef,UNKNOWN_DIFFICULTY,True
train,8844,leetcode,MEDIUM,True
train,8845,atcoder,UNKNOWN_DIFFICULTY,False
train,8847,codeforces,EASY,True
train,8848,geeksforgeeks,MEDIUM,True
train,8849,codewars,EASY,True
train,8850,atcoder,MEDIUM_HARD,True
train,8851,codechef,VERY_HARD,True
train,8853,codeforces,HARD,True
train,8854,codechef,EASY,True
train,8856,atcoder,UNKNOWN_DIFFICULTY,False
train,8857,codechef,HARD,True
train,8858,geeksforgeeks,MEDIUM,True
train,8860,hackerearth,UNKNOWN_DIFFICULTY,False
train,8861,leetcode,MEDIUM,True
train,8862,codechef,EASY,True
train,8863,atcoder,UNKNOWN_DIFFICULTY,False
train,8864,codeforces,MEDIUM,True
train,8865,codechef,EASY,True
train,8866,codewars,EASY,True
train,8868,codeforces,MEDIUM_HARD,True
train,8869,codewars,EASY,True
train,8870,codeforces,MEDIUM_HARD,True
train,8871,aizu,UNKNOWN_DIFFICULTY,False
train,8872,aizu,UNKNOWN_DIFFICULTY,False
train,8873,atcoder,UNKNOWN_DIFFICULTY,False
train,8874,codeforces,EASY,True
train,8876,codechef,MEDIUM_HARD,True
train,8878,codewars,EASY,True
train,8879,aizu,UNKNOWN_DIFFICULTY,False
train,8880,aizu,UNKNOWN_DIFFICULTY,False
train,8883,codewars,EASY,True
train,8884,hackerearth,UNKNOWN_DIFFICULTY,False
train,8885,codechef,UNKNOWN_DIFFICULTY,True
train,8886,codechef,UNKNOWN_DIFFICULTY,True
train,8887,codeforces,EASY,True
train,8888,codeforces,EASY,True
train,8889,atcoder,MEDIUM,True
train,8890,geeksforgeeks,EASY,True
train,8892,codeforces,EASY,True
train,8895,codeforces,EASY,True
train,8897,codechef,VERY_HARD,True
train,8898,leetcode,MEDIUM,True
train,8899,codechef,HARD,True
train,8900,codewars,EASY,True
train,8901,codechef,EASY,True
train,8902,codechef,HARD,True
train,8903,codewars,EASY,True
train,8904,codeforces,EASY,True
train,8905,codewars,EASY,True
train,8906,leetcode,EASY,True
train,8908,codeforces,MEDIUM_HARD,True
train,8909,geeksforgeeks,MEDIUM,True
train,8910,geeksforgeeks,EASY,True
train,8912,geeksforgeeks,EASY,True
train,8913,atcoder,UNKNOWN_DIFFICULTY,False
train,8914,codeforces,EASY,True
train,8915,codechef,HARD,True
train,8916,leetcode,MEDIUM_HARD,True
train,8918,codeforces,MEDIUM_HARD,True
train,8920,codewars,EASY,True
train,8921,codeforces,EASY,True
train,8922,codeforces,EASY,True
train,8923,codechef,MEDIUM_HARD,True
train,8925,codeforces,EASY,True
train,8926,codeforces,MEDIUM_HARD,True
train,8927,geeksforgeeks,EASY,True
train,8928,codewars,EASY,True
train,8930,codechef,EASY,True
train,8932,geeksforgeeks,MEDIUM,True
train,8933,codeforces,HARD,True
train,8934,codewars,EASY,True
train,8935,aizu,UNKNOWN_DIFFICULTY,False
train,8937,codechef,EASY,True
train,8939,atcoder,UNKNOWN_DIFFICULTY,False
train,8941,codeforces,MEDIUM_HARD,True
train,8942,codeforces,EASY,True
train,8943,codechef,EASY,True
train,8944,atcoder,UNKNOWN_DIFFICULTY,False
train,8945,geeksforgeeks,EASY,True
train,8947,codeforces,HARD,True
train,8948,hackerearth,UNKNOWN_DIFFICULTY,False
train,8949,codeforces,MEDIUM,True
train,8953,geeksforgeeks,EASY,True
train,8954,aizu,UNKNOWN_DIFFICULTY,False
train,8956,codeforces,MEDIUM,True
train,8959,hackerearth,UNKNOWN_DIFFICULTY,False
train,8960,codewars,EASY,True
train,8961,codeforces,HARD,True
train,8962,codewars,EASY,True
train,8963,codechef,UNKNOWN_DIFFICULTY,True
train,8964,aizu,UNKNOWN_DIFFICULTY,False
train,8965,codewars,EASY,True
train,8970,leetcode,MEDIUM,True
train,8972,codechef,EASY,True
train,8974,codechef,VERY_HARD,True
train,8975,geeksforgeeks,EASY,True
train,8978,codewars,EASY,True
train,8979,codeforces,MEDIUM,True
train,8980,codeforces,EASY,True
train,8981,codeforces,MEDIUM_HARD,True
train,8982,codechef,VERY_HARD,True
train,8983,codechef,HARD,True
train,8984,leetcode,MEDIUM,True
train,8985,codewars,EASY,True
train,8987,codeforces,EASY,True
train,8988,codewars,EASY,True
train,8989,codeforces,HARD,True
train,8990,codechef,MEDIUM_HARD,True
train,8991,codewars,EASY,True
train,8992,codeforces,HARD,True
train,8993,aizu,UNKNOWN_DIFFICULTY,False
train,8996,atcoder,EASY,True
train,8997,hackerearth,UNKNOWN_DIFFICULTY,False
train,8998,aizu,UNKNOWN_DIFFICULTY,False
train,8999,atcoder,UNKNOWN_DIFFICULTY,False
train,9001,codeforces,MEDIUM_HARD,True
train,9002,atcoder,MEDIUM_HARD,True
train,9004,codechef,VERY_HARD,True
train,9005,atcoder,EASY,True
train,9007,codewars,EASY,True
train,9009,aizu,UNKNOWN_DIFFICULTY,False
train,9010,codechef,EASY,True
train,9011,geeksforgeeks,MEDIUM_HARD,True
train,9013,codechef,EASY,True
train,9014,atcoder,EASY,True
train,9015,codeforces,MEDIUM,True
train,9016,atcoder,EASY,True
train,9017,geeksforgeeks,MEDIUM,True
train,9018,hackerearth,EASY,False
train,9021,codeforces,EASY,True
train,9022,leetcode,MEDIUM,True
train,9023,codeforces,EASY,True
train,9025,codeforces,MEDIUM_HARD,True
train,9027,leetcode,EASY,True
train,9028,codechef,MEDIUM,True
train,9031,codewars,EASY,True
train,9032,hackerearth,UNKNOWN_DIFFICULTY,False
train,9033,atcoder,MEDIUM,True
train,9034,geeksforgeeks,MEDIUM,True
train,9035,codeforces,HARD,True
train,9036,aizu,UNKNOWN_DIFFICULTY,False
train,9037,codeforces,MEDIUM,True
train,9038,geeksforgeeks,MEDIUM,True
train,9039,atcoder,HARD,True
train,9041,codechef,VERY_HARD,True
train,9042,codechef,EASY,True
train,9043,codewars,EASY,True
train,9044,codechef,EASY,True
train,9046,codeforces,EASY,True
train,9048,codeforces,MEDIUM_HARD,True
train,9049,aizu,UNKNOWN_DIFFICULTY,False
train,9050,atcoder,UNKNOWN_DIFFICULTY,False
train,9052,leetcode,MEDIUM_HARD,True
train,9053,codewars,EASY,True
train,9055,geeksforgeeks,EASY,True
train,9056,geeksforgeeks,EASY,True
train,9059,atcoder,EASY,True
train,9061,geeksforgeeks,EASY,True
train,9062,codewars,EASY,True
train,9063,codeforces,MEDIUM_HARD,True
train,9064,codeforces,HARD,True
train,9065,codeforces,MEDIUM_HARD,True
train,9066,codeforces,EASY,True
train,9068,atcoder,HARD,True
train,9069,codeforces,EASY,True
train,9070,codechef,MEDIUM_HARD,True
train,9072,geeksforgeeks,EASY,True
train,9074,codeforces,HARD,True
train,9075,aizu,UNKNOWN_DIFFICULTY,False
train,9076,aizu,UNKNOWN_DIFFICULTY,False
train,9077,codeforces,EASY,True
train,9079,hackerearth,EASY,False
train,9081,atcoder,UNKNOWN_DIFFICULTY,False
train,9082,codewars,EASY,True
train,9083,codewars,EASY,True
train,9085,codechef,HARD,True
train,9087,codeforces,VERY_HARD,True
train,9088,aizu,UNKNOWN_DIFFICULTY,False
train,9089,geeksforgeeks,EASY,True
train,9090,codeforces,HARD,True
train,9091,codeforces,UNKNOWN_DIFFICULTY,True
train,9093,geeksforgeeks,EASY,True
train,9094,codewars,EASY,True
train,9095,codechef,HARD,True
train,9096,atcoder,VERY_HARD,True
train,9097,leetcode,EASY,True
train,9098,codeforces,MEDIUM_HARD,True
train,9100,hackerearth,EASY,False
train,9101,geeksforgeeks,EASY,True
train,9102,codeforces,HARD,True
train,9103,codechef,EASY,True
train,9104,geeksforgeeks,EASY,True
train,9106,geeksforgeeks,MEDIUM_HARD,True
train,9107,codewars,EASY,True
train,9108,aizu,UNKNOWN_DIFFICULTY,False
train,9109,codeforces,EASY,True
train,9113,leetcode,MEDIUM_HARD,True
train,9116,codechef,VERY_HARD,True
train,9122,codechef,VERY_HARD,True
train,9123,geeksforgeeks,MEDIUM,True
train,9124,codeforces,EASY,True
train,9125,codechef,MEDIUM_HARD,True
train,9126,codewars,EASY,True
train,9127,aizu,UNKNOWN_DIFFICULTY,False
train,9128,codeforces,MEDIUM_HARD,True
train,9129,codeforces,MEDIUM_HARD,True
train,9130,codeforces,HARD,True
train,9133,atcoder,MEDIUM_HARD,True
train,9134,codechef,EASY,True
train,9136,codechef,EASY,True
train,9137,codewars,EASY,True
train,9139,hackerearth,UNKNOWN_DIFFICULTY,False
train,9140,aizu,UNKNOWN_DIFFICULTY,False
train,9141,codeforces,MEDIUM_HARD,True
train,9142,codeforces,MEDIUM_HARD,True
train,9143,codeforces,VERY_HARD,True
train,9144,codechef,EASY,True
train,9145,aizu,UNKNOWN_DIFFICULTY,False
train,9147,leetcode,MEDIUM_HARD,True
train,9148,codeforces,MEDIUM,True
train,9149,codechef,UNKNOWN_DIFFICULTY,True
train,9150,codeforces,MEDIUM_HARD,True
train,9151,geeksforgeeks,MEDIUM,True
train,9152,codeforces,HARD,True
train,9153,codechef,VERY_HARD,True
train,9154,codeforces,EASY,True
train,9155,codechef,UNKNOWN_DIFFICULTY,True
train,9157,codewars,EASY,True
train,9158,aizu,UNKNOWN_DIFFICULTY,False
train,9160,geeksforgeeks,MEDIUM,True
train,9162,geeksforgeeks,MEDIUM_HARD,True
train,9163,codewars,EASY,True
train,9164,codeforces,MEDIUM_HARD,True
train,9166,atcoder,MEDIUM,True
train,9167,geeksforgeeks,MEDIUM,True
train,9168,hackerearth,UNKNOWN_DIFFICULTY,False
train,9169,codeforces,EASY,True
train,9171,codewars,EASY,True
train,9172,atcoder,EASY,True
train,9173,codewars,EASY,True
train,9174,codechef,EASY,True
train,9175,geeksforgeeks,EASY,True
train,9176,codeforces,HARD,True
train,9179,codeforces,MEDIUM_HARD,True
train,9180,codeforces,EASY,True
train,9182,hackerearth,MEDIUM,False
train,9183,aizu,UNKNOWN_DIFFICULTY,False
train,9187,codeforces,EASY,True
train,9188,codeforces,MEDIUM_HARD,True
train,9189,codewars,EASY,True
train,9190,codeforces,MEDIUM_HARD,True
train,9191,atcoder,HARD,True
train,9192,geeksforgeeks,EASY,True
train,9193,codechef,MEDIUM_HARD,True
train,9194,aizu,UNKNOWN_DIFFICULTY,False
train,9195,codeforces,EASY,True
train,9196,hackerearth,EASY,False
train,9197,codechef,EASY,True
train,9198,codechef,UNKNOWN_DIFFICULTY,True
train,9199,codeforces,EASY,True
train,9200,hackerearth,UNKNOWN_DIFFICULTY,False
train,9201,geeksforgeeks,EASY,True
train,9204,codeforces,MEDIUM_HARD,True
train,9205,codewars,EASY,True
train,9206,geeksforgeeks,EASY,True
train,9207,codeforces,MEDIUM,True
train,9208,codechef,HARD,True
train,9209,aizu,UNKNOWN_DIFFICULTY,False
train,9211,leetcode,EASY,True
train,9212,codeforces,MEDIUM,True
train,9213,codechef,EASY,True
train,9214,codeforces,EASY,True
train,9215,hackerearth,MEDIUM_HARD,False
train,9216,codeforces,EASY,True
train,9217,aizu,UNKNOWN_DIFFICULTY,False
train,9218,codewars,EASY,True
train,9224,geeksforgeeks,MEDIUM_HARD,True
train,9225,atcoder,UNKNOWN_DIFFICULTY,False
train,9227,codewars,EASY,True
train,9229,codeforces,VERY_HARD,True
train,9230,atcoder,MEDIUM,True
train,9232,hackerearth,UNKNOWN_DIFFICULTY,False
train,9233,codechef,VERY_HARD,True
train,9234,atcoder,UNKNOWN_DIFFICULTY,False
train,9235,codeforces,VERY_HARD,True
train,9236,codechef,UNKNOWN_DIFFICULTY,True
train,9238,hackerearth,EASY,False
train,9239,hackerearth,UNKNOWN_DIFFICULTY,False
train,9240,codechef,VERY_HARD,True
train,9242,codeforces,VERY_HARD,True
train,9243,codeforces,EASY,True
train,9244,codeforces,HARD,True
train,9245,codeforces,HARD,True
train,9246,geeksforgeeks,EASY,True
train,9247,codechef,UNKNOWN_DIFFICULTY,True
train,9248,codeforces,EASY,True
train,9250,codewars,EASY,True
train,9251,leetcode,MEDIUM_HARD,True
train,9252,codewars,EASY,True
train,9254,atcoder,EASY,True
train,9256,codewars,EASY,True
train,9257,codechef,VERY_HARD,True
train,9258,codeforces,EASY,True
train,9260,codeforces,HARD,True
train,9261,codechef,MEDIUM_HARD,True
train,9262,atcoder,UNKNOWN_DIFFICULTY,False
train,9264,geeksforgeeks,MEDIUM,True
train,9266,hackerearth,UNKNOWN_DIFFICULTY,False
train,9267,codechef,MEDIUM_HARD,True
train,9268,geeksforgeeks,MEDIUM_HARD,True
train,9270,atcoder,EASY,True
train,9273,leetcode,MEDIUM_HARD,True
train,9274,codeforces,VERY_HARD,True
train,9275,codewars,EASY,True
train,9276,codewars,EASY,True
train,9278,geeksforgeeks,EASY,True
train,9279,atcoder,EASY,True
train,9280,geeksforgeeks,EASY,True
train,9281,geeksforgeeks,EASY,True
train,9283,aizu,UNKNOWN_DIFFICULTY,False
train,9285,atcoder,EASY,True
train,9286,codeforces,MEDIUM_HARD,True
train,9288,codeforces,MEDIUM_HARD,True
train,9290,codechef,UNKNOWN_DIFFICULTY,True
train,9294,codewars,MEDIUM_HARD,True
train,9295,codechef,EASY,True
train,9297,codeforces,MEDIUM,True
train,9298,codeforces,EASY,True
train,9300,codeforces,MEDIUM_HARD,True
train,9301,hackerearth,UNKNOWN_DIFFICULTY,False
train,9303,codeforces,MEDIUM_HARD,True
train,9304,aizu,UNKNOWN_DIFFICULTY,False
train,9305,codeforces,MEDIUM_HARD,True
train,9306,atcoder,EASY,True
train,9308,aizu,UNKNOWN_DIFFICULTY,False
train,9310,geeksforgeeks,MEDIUM,True
train,9311,atcoder,UNKNOWN_DIFFICULTY,False
train,9312,codeforces,MEDIUM_HARD,True
train,9314,codechef,UNKNOWN_DIFFICULTY,True
train,9315,codechef,UNKNOWN_DIFFICULTY,True
train,9316,geeksforgeeks,MEDIUM,True
train,9317,codeforces,VERY_HARD,True
train,9318,aizu,UNKNOWN_DIFFICULTY,False
train,9319,aizu,UNKNOWN_DIFFICULTY,False
train,9321,hackerearth,UNKNOWN_DIFFICULTY,False
train,9322,codewars,EASY,True
train,9323,hackerearth,EASY,False
train,9324,atcoder,MEDIUM,True
train,9327,leetcode,EASY,True
train,9328,codeforces,EASY,True
train,9329,geeksforgeeks,EASY,True
train,9331,codechef,VERY_HARD,True
train,9333,codeforces,MEDIUM,True
train,9334,codechef,UNKNOWN_DIFFICULTY,True
train,9335,codeforces,MEDIUM,True
train,9336,codechef,UNKNOWN_DIFFICULTY,True
train,9337,codewars,EASY,True
train,9338,atcoder,UNKNOWN_DIFFICULTY,False
train,9339,hackerearth,EASY,False
train,9340,codeforces,EASY,True
train,9341,aizu,UNKNOWN_DIFFICULTY,False
train,9342,codeforces,VERY_HARD,True
train,9343,atcoder,UNKNOWN_DIFFICULTY,False
train,9344,hackerearth,UNKNOWN_DIFFICULTY,False
train,9346,codeforces,MEDIUM_HARD,True
train,9348,codeforces,MEDIUM,True
train,9349,codechef,HARD,True
train,9353,codeforces,HARD,True
train,9354,codewars,EASY,True
train,9357,codechef,MEDIUM_HARD,True
train,9358,atcoder,UNKNOWN_DIFFICULTY,False
train,9359,codeforces,EASY,True
train,9360,codechef,HARD,True
train,9361,codewars,EASY,True
train,9365,codeforces,EASY,True
train,9366,codechef,EASY,True
train,9367,aizu,UNKNOWN_DIFFICULTY,False
train,9369,codeforces,HARD,True
train,9370,codeforces,VERY_HARD,True
train,9372,hackerearth,EASY,False
train,9373,codewars,MEDIUM,True
train,9375,aizu,UNKNOWN_DIFFICULTY,False
train,9377,codeforces,MEDIUM,True
train,9378,geeksforgeeks,MEDIUM,True
train,9379,aizu,UNKNOWN_DIFFICULTY,False
train,9380,codeforces,EASY,True
train,9382,leetcode,MEDIUM,True
train,9383,hackerearth,UNKNOWN_DIFFICULTY,False
train,9386,codechef,EASY,True
train,9387,atcoder,UNKNOWN_DIFFICULTY,False
train,9389,codechef,EASY,True
train,9390,codeforces,HARD,True
train,9392,codeforces,HARD,True
train,9393,codeforces,EASY,True
train,9394,aizu,UNKNOWN_DIFFICULTY,False
train,9396,geeksforgeeks,EASY,True
train,9397,codewars,EASY,True
train,9400,codeforces,MEDIUM,True
train,9401,codeforces,EASY,True
train,9402,codewars,EASY,True
train,9403,geeksforgeeks,EASY,True
train,9404,codeforces,MEDIUM_HARD,True
train,9406,aizu,UNKNOWN_DIFFICULTY,False
train,9407,geeksforgeeks,EASY,True
train,9408,codechef,MEDIUM,True
train,9409,codechef,EASY,True
train,9411,geeksforgeeks,MEDIUM,True
train,9412,geeksforgeeks,MEDIUM,True
train,9414,geeksforgeeks,EASY,True
train,9415,atcoder,MEDIUM,True
train,9416,geeksforgeeks,EASY,True
train,9418,codechef,EASY,True
train,9421,leetcode,EASY,True
train,9423,codeforces,MEDIUM_HARD,True
train,9425,codeforces,MEDIUM_HARD,True
train,9426,hackerearth,EASY,False
train,9429,aizu,UNKNOWN_DIFFICULTY,False
train,9434,codewars,EASY,True
train,9435,codeforces,EASY,True
train,9436,aizu,UNKNOWN_DIFFICULTY,False
train,9439,codeforces,MEDIUM,True
train,9440,codechef,EASY,True
train,9441,atcoder,EASY,True
train,9443,codeforces,HARD,True
train,9444,codeforces,MEDIUM_HARD,True
train,9445,codechef,VERY_HARD,True
train,9446,codewars,EASY,True
train,9448,codeforces,EASY,True
train,9449,codeforces,MEDIUM_HARD,True
train,9450,codeforces,MEDIUM_HARD,True
train,9453,codeforces,HARD,True
train,9454,codeforces,EASY,True
train,9455,atcoder,EASY,True
train,9456,geeksforgeeks,EASY,True
train,9457,codewars,MEDIUM,True
train,9458,codechef,EASY,True
train,9459,leetcode,MEDIUM,True
train,9461,leetcode,MEDIUM_HARD,True
train,9462,codewars,EASY,True
train,9463,atcoder,MEDIUM_HARD,True
train,9464,codeforces,EASY,True
train,9465,codewars,EASY,True
train,9466,atcoder,EASY,True
train,9467,atcoder,UNKNOWN_DIFFICULTY,False
train,9469,geeksforgeeks,EASY,True
train,9470,geeksforgeeks,EASY,True
train,9471,aizu,UNKNOWN_DIFFICULTY,False
train,9473,codeforces,EASY,True
train,9475,codechef,EASY,True
train,9476,codeforces,EASY,True
train,9477,geeksforgeeks,EASY,True
train,9478,hackerearth,EASY,False
train,9479,codeforces,HARD,True
train,9480,aizu,UNKNOWN_DIFFICULTY,False
train,9481,codechef,UNKNOWN_DIFFICULTY,True
train,9482,hackerearth,HARD,False
train,9483,codeforces,EASY,True
train,9484,geeksforgeeks,EASY,True
train,9485,codeforces,MEDIUM_HARD,True
train,9486,codechef,EASY,True
train,9487,codewars,EASY,True
train,9489,codechef,UNKNOWN_DIFFICULTY,True
train,9492,geeksforgeeks,MEDIUM,True
train,9493,codeforces,MEDIUM,True
train,9494,codeforces,MEDIUM_HARD,True
train,9495,geeksforgeeks,MEDIUM,True
train,9497,codeforces,EASY,True
train,9500,codewars,EASY,True
train,9505,aizu,UNKNOWN_DIFFICULTY,False
train,9508,hackerearth,EASY,False
train,9510,atcoder,UNKNOWN_DIFFICULTY,False
train,9511,codechef,UNKNOWN_DIFFICULTY,True
train,9512,codechef,UNKNOWN_DIFFICULTY,True
train,9513,codechef,UNKNOWN_DIFFICULTY,True
train,9514,codechef,EASY,True
train,9515,atcoder,UNKNOWN_DIFFICULTY,False
train,9516,atcoder,HARD,True
train,9517,geeksforgeeks,MEDIUM,True
train,9518,codewars,EASY,True
train,9520,codeforces,HARD,True
train,9521,codechef,UNKNOWN_DIFFICULTY,True
train,9522,codewars,EASY,True
train,9523,codeforces,EASY,True
train,9524,geeksforgeeks,MEDIUM,True
train,9525,codechef,HARD,True
train,9529,codechef,EASY,True
train,9530,codeforces,EASY,True
train,9531,codeforces,HARD,True
train,9533,codechef,UNKNOWN_DIFFICULTY,True
train,9536,codechef,UNKNOWN_DIFFICULTY,True
train,9537,codeforces,EASY,True
train,9538,aizu,UNKNOWN_DIFFICULTY,False
train,9539,leetcode,EASY,True
train,9540,codeforces,MEDIUM_HARD,True
train,9542,codewars,EASY,True
train,9543,aizu,UNKNOWN_DIFFICULTY,False
train,9544,codeforces,MEDIUM,True
train,9545,codeforces,HARD,True
train,9547,codeforces,EASY,True
train,9548,geeksforgeeks,EASY,True
train,9549,codeforces,HARD,True
train,9550,codechef,VERY_HARD,True
train,9551,geeksforgeeks,EASY,True
train,9553,codechef,MEDIUM_HARD,True
train,9554,codechef,UNKNOWN_DIFFICULTY,True
train,9555,codeforces,MEDIUM_HARD,True
train,9558,hackerearth,EASY,False
train,9559,atcoder,UNKNOWN_DIFFICULTY,False
train,9564,codewars,EASY,True
train,9565,codeforces,EASY,True
train,9566,hackerearth,UNKNOWN_DIFFICULTY,False
train,9567,codewars,EASY,True
train,9569,codechef,VERY_HARD,True
train,9570,codechef,MEDIUM_HARD,True
train,9571,codeforces,HARD,True
train,9572,codeforces,MEDIUM_HARD,True
train,9573,leetcode,EASY,True
train,9575,geeksforgeeks,MEDIUM,True
train,9576,geeksforgeeks,EASY,True
train,9577,codeforces,HARD,True
train,9578,codeforces,EASY,True
train,9580,codewars,EASY,True
train,9581,codeforces,MEDIUM_HARD,True
train,9582,codeforces,EASY,True
train,9583,hackerearth,EASY,False
train,9584,codeforces,MEDIUM_HARD,True
train,9586,codechef,EASY,True
train,9587,codewars,EASY,True
train,9588,aizu,UNKNOWN_DIFFICULTY,False
train,9589,codeforces,HARD,True
train,9590,hackerearth,UNKNOWN_DIFFICULTY,False
train,9591,leetcode,MEDIUM_HARD,True
train,9594,codewars,EASY,True
train,9596,codechef,HARD,True
train,9600,codewars,EASY,True
train,9603,codewars,EASY,True
train,9604,geeksforgeeks,EASY,True
train,9605,codeforces,EASY,True
train,9607,codewars,EASY,True
train,9609,codeforces,EASY,True
train,9610,geeksforgeeks,MEDIUM,True
train,9612,codeforces,EASY,True
train,9614,codeforces,EASY,True
train,9615,codeforces,EASY,True
train,9616,codewars,EASY,True
train,9617,codeforces,EASY,True
train,9619,codeforces,MEDIUM_HARD,True
train,9621,codeforces,VERY_HARD,True
train,9622,codeforces,EASY,True
train,9623,geeksforgeeks,MEDIUM,True
train,9624,codewars,EASY,True
train,9625,codeforces,MEDIUM_HARD,True
train,9627,hackerearth,EASY,False
train,9628,codeforces,MEDIUM_HARD,True
train,9630,geeksforgeeks,EASY,True
train,9631,codeforces,HARD,True
train,9632,aizu,UNKNOWN_DIFFICULTY,False
train,9634,codewars,EASY,True
train,9635,geeksforgeeks,EASY,True
train,9636,codechef,UNKNOWN_DIFFICULTY,True
train,9637,codeforces,MEDIUM_HARD,True
train,9638,codechef,MEDIUM,True
train,9642,codeforces,EASY,True
train,9643,codechef,UNKNOWN_DIFFICULTY,True
train,9644,codeforces,EASY,True
train,9647,geeksforgeeks,EASY,True
train,9649,codeforces,EASY,True
train,9651,geeksforgeeks,EASY,True
train,9652,leetcode,MEDIUM_HARD,True
train,9653,codewars,EASY,True
train,9654,geeksforgeeks,MEDIUM,True
train,9656,codechef,VERY_HARD,True
train,9657,geeksforgeeks,MEDIUM,True
train,9659,codeforces,EASY,True
train,9661,codeforces,MEDIUM_HARD,True
train,9662,atcoder,HARD,True
train,9664,geeksforgeeks,EASY,True
train,9665,codeforces,HARD,True
train,9666,codechef,MEDIUM,True
train,9669,geeksforgeeks,MEDIUM,True
train,9672,codechef,MEDIUM_HARD,True
train,9673,codechef,MEDIUM_HARD,True
train,9674,geeksforgeeks,MEDIUM,True
train,9675,codeforces,MEDIUM_HARD,True
train,9678,codechef,EASY,True
train,9680,codeforces,MEDIUM_HARD,True
train,9681,atcoder,EASY,True
train,9682,codewars,EASY,True
train,9684,codeforces,MEDIUM_HARD,True
train,9686,atcoder,EASY,True
train,9687,codeforces,EASY,True
train,9688,codeforces,EASY,True
train,9690,codeforces,HARD,True
train,9691,aizu,UNKNOWN_DIFFICULTY,False
train,9692,codeforces,EASY,True
train,9693,leetcode,MEDIUM_HARD,True
train,9694,codewars,EASY,True
train,9695,leetcode,EASY,True
train,9696,codeforces,MEDIUM_HARD,True
train,9697,codeforces,MEDIUM_HARD,True
train,9698,codechef,UNKNOWN_DIFFICULTY,True
train,9700,codeforces,VERY_HARD,True
train,9701,codeforces,MEDIUM_HARD,True
train,9703,codeforces,MEDIUM_HARD,True
train,9704,geeksforgeeks,MEDIUM,True
train,9705,codeforces,MEDIUM,True
train,9706,hackerearth,MEDIUM,False
train,9707,geeksforgeeks,EASY,True
train,9709,codechef,UNKNOWN_DIFFICULTY,True
train,9710,hackerearth,EASY,False
train,9712,codechef,EASY,True
train,9713,codeforces,MEDIUM_HARD,True
train,9716,codeforces,EASY,True
train,9718,codechef,MEDIUM,True
train,9721,hackerearth,UNKNOWN_DIFFICULTY,False
train,9722,codeforces,MEDIUM_HARD,True
train,9723,codeforces,MEDIUM_HARD,True
train,9724,geeksforgeeks,EASY,True
train,9725,codeforces,EASY,True
train,9727,atcoder,UNKNOWN_DIFFICULTY,False
train,9728,codechef,EASY,True
train,9729,hackerearth,EASY,False
train,9730,codeforces,MEDIUM_HARD,True
train,9732,codewars,EASY,True
train,9734,codechef,EASY,True
train,9736,aizu,UNKNOWN_DIFFICULTY,False
train,9737,codewars,EASY,True
train,9738,codeforces,MEDIUM_HARD,True
train,9739,codewars,EASY,True
train,9740,atcoder,EASY,True
train,9742,codechef,HARD,True
train,9743,aizu,UNKNOWN_DIFFICULTY,False
train,9744,codeforces,MEDIUM_HARD,True
train,9745,aizu,UNKNOWN_DIFFICULTY,False
train,9746,aizu,UNKNOWN_DIFFICULTY,False
train,9748,geeksforgeeks,EASY,True
train,9749,codeforces,MEDIUM,True
train,9751,geeksforgeeks,MEDIUM_HARD,True
train,9753,codechef,UNKNOWN_DIFFICULTY,True
train,9754,aizu,UNKNOWN_DIFFICULTY,False
train,9756,codeforces,HARD,True
train,9757,geeksforgeeks,EASY,True
train,9758,codewars,EASY,True
train,9763,leetcode,EASY,True
train,9765,atcoder,HARD,True
train,9767,codeforces,MEDIUM_HARD,True
train,9768,geeksforgeeks,EASY,True
train,9769,codeforces,MEDIUM,True
train,9770,codeforces,MEDIUM,True
train,9771,codechef,VERY_HARD,True
train,9772,hackerearth,EASY,False
train,9775,codechef,EASY,True
train,9776,geeksforgeeks,MEDIUM,True
train,9777,codeforces,HARD,True
train,9778,codeforces,MEDIUM_HARD,True
train,9779,atcoder,UNKNOWN_DIFFICULTY,False
train,9780,geeksforgeeks,EASY,True
train,9783,codewars,EASY,True
train,9785,atcoder,UNKNOWN_DIFFICULTY,False
train,9786,codeforces,HARD,True
train,9787,codeforces,HARD,True
train,9788,leetcode,MEDIUM,True
train,9790,aizu,UNKNOWN_DIFFICULTY,False
train,9791,atcoder,UNKNOWN_DIFFICULTY,False
train,9797,codewars,EASY,True
train,9798,codeforces,HARD,True
train,9799,codewars,EASY,True
train,9800,hackerearth,UNKNOWN_DIFFICULTY,False
train,9801,codeforces,HARD,True
train,9804,codewars,EASY,True
train,9805,codechef,VERY_HARD,True
train,9807,codeforces,MEDIUM,True
train,9808,geeksforgeeks,MEDIUM,True
train,9809,aizu,UNKNOWN_DIFFICULTY,False
train,9810,codeforces,MEDIUM_HARD,True
train,9811,codeforces,MEDIUM_HARD,True
train,9812,aizu,UNKNOWN_DIFFICULTY,False
train,9813,codeforces,MEDIUM_HARD,True
train,9814,codeforces,EASY,True
train,9815,codeforces,HARD,True
train,9816,codewars,EASY,True
train,9817,geeksforgeeks,EASY,True
train,9818,codechef,EASY,True
train,9819,geeksforgeeks,EASY,True
train,9821,codechef,EASY,True
train,9822,aizu,UNKNOWN_DIFFICULTY,False
train,9824,codechef,EASY,True
train,9825,hackerearth,EASY,False
train,9826,hackerearth,UNKNOWN_DIFFICULTY,False
train,9827,geeksforgeeks,EASY,True
train,9828,codewars,EASY,True
train,9829,atcoder,MEDIUM,True
train,9830,aizu,UNKNOWN_DIFFICULTY,False
train,9834,codechef,VERY_HARD,True
train,9835,codeforces,VERY_HARD,True
train,9836,codeforces,EASY,True
train,9837,codeforces,EASY,True
train,9838,codeforces,MEDIUM_HARD,True
train,9840,codechef,UNKNOWN_DIFFICULTY,True
train,9841,geeksforgeeks,MEDIUM,True
train,9844,codeforces,MEDIUM_HARD,True
train,9846,codewars,EASY,True
train,9848,geeksforgeeks,EASY,True
train,9849,codeforces,EASY,True
train,9850,codeforces,EASY,True
train,9851,codewars,EASY,True
train,9852,codeforces,EASY,True
train,9854,aizu,UNKNOWN_DIFFICULTY,False
train,9857,geeksforgeeks,EASY,True
train,9859,codechef,MEDIUM_HARD,True
train,9861,geeksforgeeks,MEDIUM,True
train,9862,codechef,EASY,True
train,9863,atcoder,UNKNOWN_DIFFICULTY,False
train,9865,codechef,UNKNOWN_DIFFICULTY,True
train,9868,geeksforgeeks,EASY,True
train,9869,atcoder,VERY_HARD,True
train,9870,codechef,MEDIUM_HARD,True
train,9871,codeforces,EASY,True
train,9872,aizu,UNKNOWN_DIFFICULTY,False
train,9873,codeforces,MEDIUM,True
train,9875,codewars,EASY,True
train,9876,hackerearth,UNKNOWN_DIFFICULTY,False
train,9877,leetcode,MEDIUM_HARD,True
train,9878,codeforces,MEDIUM_HARD,True
train,9879,codeforces,MEDIUM_HARD,True
train,9880,codechef,EASY,True
train,9885,codechef,EASY,True
train,9886,codeforces,VERY_HARD,True
train,9887,codechef,MEDIUM_HARD,True
train,9890,codeforces,VERY_HARD,True
train,9891,hackerearth,EASY,False
train,9892,aizu,UNKNOWN_DIFFICULTY,False
train,9893,codeforces,MEDIUM,True
train,9894,hackerearth,UNKNOWN_DIFFICULTY,False
train,9898,codeforces,HARD,True
train,9900,codeforces,HARD,True
train,9901,geeksforgeeks,EASY,True
train,9902,aizu,UNKNOWN_DIFFICULTY,False
train,9903,codewars,EASY,True
train,9906,codeforces,EASY,True
train,9907,aizu,UNKNOWN_DIFFICULTY,False
train,9908,codeforces,MEDIUM_HARD,True
train,9909,codechef,MEDIUM_HARD,True
train,9910,geeksforgeeks,EASY,True
train,9911,geeksforgeeks,EASY,True
train,9912,geeksforgeeks,EASY,True
train,9913,codeforces,MEDIUM_HARD,True
train,9914,codechef,VERY_HARD,True
train,9916,codechef,UNKNOWN_DIFFICULTY,True
train,9917,codeforces,EASY,True
train,9918,codeforces,MEDIUM_HARD,True
train,9920,codechef,MEDIUM,True
train,9921,codewars,EASY,True
train,9923,codeforces,EASY,True
train,9924,atcoder,EASY,True
train,9925,codechef,VERY_HARD,True
train,9926,codechef,EASY,True
train,9927,atcoder,UNKNOWN_DIFFICULTY,False
train,9929,geeksforgeeks,EASY,True
train,9930,leetcode,EASY,True
train,9931,codeforces,MEDIUM_HARD,True
train,9933,codechef,MEDIUM_HARD,True
train,9934,leetcode,MEDIUM,True
train,9935,leetcode,MEDIUM_HARD,True
train,9936,geeksforgeeks,EASY,True
train,9937,codechef,UNKNOWN_DIFFICULTY,True
train,9938,codewars,EASY,True
train,9939,codewars,EASY,True
train,9941,geeksforgeeks,MEDIUM,True
train,9943,codechef,UNKNOWN_DIFFICULTY,True
train,9944,geeksforgeeks,MEDIUM,True
train,9946,aizu,UNKNOWN_DIFFICULTY,False
train,9947,codeforces,EASY,True
train,9948,hackerearth,UNKNOWN_DIFFICULTY,False
train,9949,codeforces,EASY,True
train,9950,geeksforgeeks,EASY,True
train,9951,codewars,EASY,True
train,9952,aizu,UNKNOWN_DIFFICULTY,False
train,9953,codechef,VERY_HARD,True
train,9954,codeforces,HARD,True
train,9955,hackerearth,EASY,False
train,9956,codeforces,HARD,True
train,9957,codeforces,HARD,True
train,9958,geeksforgeeks,EASY,True
train,9959,codeforces,EASY,True
train,9960,geeksforgeeks,EASY,True
train,9961,codeforces,VERY_HARD,True
train,9962,atcoder,UNKNOWN_DIFFICULTY,False
train,9963,leetcode,MEDIUM,True
train,9964,codeforces,HARD,True
train,9965,geeksforgeeks,MEDIUM_HARD,True
train,9966,codewars,EASY,True
train,9967,codewars,EASY,True
train,9968,codeforces,EASY,True
train,9971,leetcode,EASY,True
train,9973,codewars,EASY,True
train,9974,codewars,EASY,True
train,9975,codechef,MEDIUM,True
train,9977,codeforces,MEDIUM_HARD,True
train,9978,geeksforgeeks,EASY,True
train,9980,geeksforgeeks,EASY,True
train,9981,codeforces,MEDIUM,True
train,9982,geeksforgeeks,MEDIUM,True
train,9984,codeforces,MEDIUM_HARD,True
train,9985,codewars,EASY,True
train,9986,codeforces,EASY,True
train,9987,codeforces,EASY,True
train,9989,codeforces,HARD,True
train,9990,codechef,MEDIUM_HARD,True
train,9991,codeforces,MEDIUM,True
train,9992,codechef,MEDIUM,True
train,9995,codeforces,EASY,True
train,9996,codeforces,MEDIUM_HARD,True
train,9997,codechef,VERY_HARD,True
train,9999,atcoder,MEDIUM_HARD,True
train,10000,leetcode,MEDIUM_HARD,True
train,10001,codewars,EASY,True
train,10002,hackerearth,UNKNOWN_DIFFICULTY,False
train,10004,codeforces,VERY_HARD,True
train,10005,codeforces,MEDIUM_HARD,True
train,10006,codechef,HARD,True
train,10007,aizu,UNKNOWN_DIFFICULTY,False
train,10008,atcoder,UNKNOWN_DIFFICULTY,False
train,10009,aizu,UNKNOWN_DIFFICULTY,False
train,10010,aizu,UNKNOWN_DIFFICULTY,False
train,10012,codeforces,EASY,True
train,10013,codewars,EASY,True
train,10014,aizu,UNKNOWN_DIFFICULTY,False
train,10015,codewars,EASY,True
train,10016,codeforces,MEDIUM_HARD,True
train,10017,codeforces,MEDIUM_HARD,True
train,10018,codeforces,EASY,True
train,10019,codeforces,MEDIUM_HARD,True
train,10020,aizu,UNKNOWN_DIFFICULTY,False
train,10022,codeforces,EASY,True
train,10023,geeksforgeeks,EASY,True
train,10024,atcoder,UNKNOWN_DIFFICULTY,False
train,10025,aizu,UNKNOWN_DIFFICULTY,False
train,10026,codechef,VERY_HARD,True
train,10028,codeforces,MEDIUM_HARD,True
train,10029,codewars,EASY,True
train,10030,codeforces,HARD,True
train,10031,codechef,UNKNOWN_DIFFICULTY,True
train,10032,geeksforgeeks,EASY,True
train,10034,codechef,EASY,True
train,10036,codeforces,HARD,True
train,10037,codeforces,MEDIUM,True
train,10038,codeforces,EASY,True
train,10039,codechef,EASY,True
train,10040,codeforces,HARD,True
train,10041,codeforces,EASY,True
train,10042,atcoder,EASY,True
train,10043,codechef,HARD,True
train,10044,atcoder,EASY,True
train,10045,aizu,UNKNOWN_DIFFICULTY,False
train,10047,codechef,MEDIUM_HARD,True
train,10050,codewars,EASY,True
train,10051,hackerearth,MEDIUM,False
train,10053,codeforces,EASY,True
train,10054,leetcode,MEDIUM_HARD,True
train,10055,codeforces,MEDIUM_HARD,True
train,10056,codeforces,EASY,True
train,10057,geeksforgeeks,EASY,True
train,10058,atcoder,UNKNOWN_DIFFICULTY,False
train,10060,codeforces,EASY,True
train,10061,codechef,UNKNOWN_DIFFICULTY,True
train,10062,geeksforgeeks,EASY,True
train,10063,geeksforgeeks,MEDIUM,True
train,10064,codeforces,HARD,True
train,10065,geeksforgeeks,MEDIUM,True
train,10066,codeforces,MEDIUM,True
train,10068,codeforces,HARD,True
train,10070,geeksforgeeks,EASY,True
train,10071,codeforces,HARD,True
train,10072,codeforces,HARD,True
train,10073,codewars,MEDIUM_HARD,True
train,10074,atcoder,VERY_HARD,True
train,10075,codeforces,MEDIUM,True
train,10076,codeforces,EASY,True
train,10077,codeforces,HARD,True
train,10080,codeforces,VERY_HARD,True
train,10081,codeforces,MEDIUM_HARD,True
train,10083,geeksforgeeks,MEDIUM,True
train,10084,codeforces,EASY,True
train,10085,aizu,UNKNOWN_DIFFICULTY,False
train,10086,codewars,EASY,True
train,10087,codewars,EASY,True
train,10088,codeforces,MEDIUM_HARD,True
train,10089,aizu,UNKNOWN_DIFFICULTY,False
train,10090,aizu,UNKNOWN_DIFFICULTY,False
train,10092,hackerearth,EASY,False
train,10094,codeforces,MEDIUM_HARD,True
train,10095,codeforces,HARD,True
train,10096,codeforces,MEDIUM_HARD,True
train,10097,codeforces,EASY,True
train,10098,hackerearth,EASY,False
train,10100,codechef,EASY,True
train,10101,codechef,MEDIUM_HARD,True
train,10103,hackerearth,UNKNOWN_DIFFICULTY,False
train,10104,codechef,VERY_HARD,True
train,10108,geeksforgeeks,EASY,True
train,10111,atcoder,MEDIUM_HARD,True
train,10112,geeksforgeeks,MEDIUM,True
train,10113,geeksforgeeks,MEDIUM_HARD,True
train,10114,hackerearth,EASY,False
train,10115,geeksforgeeks,EASY,True
train,10116,codeforces,MEDIUM,True
train,10117,codewars,EASY,True
train,10119,codewars,EASY,True
train,10121,hackerearth,UNKNOWN_DIFFICULTY,False
train,10122,geeksforgeeks,MEDIUM,True
train,10124,codeforces,MEDIUM_HARD,True
train,10125,codeforces,EASY,True
train,10129,codeforces,EASY,True
train,10130,codeforces,HARD,True
train,10131,codeforces,EASY,True
train,10132,leetcode,MEDIUM,True
train,10135,geeksforgeeks,MEDIUM,True
train,10136,aizu,UNKNOWN_DIFFICULTY,False
train,10137,codeforces,MEDIUM_HARD,True
train,10138,geeksforgeeks,MEDIUM,True
train,10141,atcoder,EASY,True
train,10142,geeksforgeeks,MEDIUM,True
train,10143,codechef,UNKNOWN_DIFFICULTY,True
train,10144,atcoder,UNKNOWN_DIFFICULTY,False
train,10146,codeforces,EASY,True
train,10148,codechef,EASY,True
train,10151,codeforces,MEDIUM_HARD,True
train,10152,codeforces,MEDIUM,True
train,10153,codeforces,HARD,True
train,10154,codeforces,MEDIUM_HARD,True
train,10155,geeksforgeeks,MEDIUM,True
train,10158,codechef,UNKNOWN_DIFFICULTY,True
train,10162,codechef,EASY,True
train,10163,codewars,EASY,True
train,10164,hackerearth,EASY,False
train,10167,geeksforgeeks,EASY,True
train,10168,aizu,UNKNOWN_DIFFICULTY,False
train,10169,codewars,EASY,True
train,10170,codechef,EASY,True
train,10171,codechef,HARD,True
train,10172,codeforces,MEDIUM,True
train,10173,codechef,EASY,True
train,10174,codeforces,EASY,True
train,10176,codewars,EASY,True
train,10179,codeforces,HARD,True
train,10180,codewars,EASY,True
train,10182,codewars,EASY,True
train,10183,codewars,EASY,True
train,10184,geeksforgeeks,EASY,True
train,10186,geeksforgeeks,EASY,True
train,10190,codeforces,MEDIUM_HARD,True
train,10191,atcoder,MEDIUM_HARD,True
train,10192,atcoder,EASY,True
train,10193,codewars,EASY,True
train,10194,codeforces,EASY,True
train,10195,codeforces,MEDIUM_HARD,True
train,10196,aizu,UNKNOWN_DIFFICULTY,False
train,10197,aizu,UNKNOWN_DIFFICULTY,False
train,10198,codewars,EASY,True
train,10199,codeforces,EASY,True
train,10200,atcoder,UNKNOWN_DIFFICULTY,False
train,10202,codechef,MEDIUM_HARD,True
train,10205,geeksforgeeks,MEDIUM,True
train,10206,geeksforgeeks,MEDIUM_HARD,True
train,10207,atcoder,MEDIUM,True
train,10208,codewars,MEDIUM,True
train,10210,codewars,EASY,True
train,10211,codeforces,EASY,True
train,10212,geeksforgeeks,EASY,True
train,10213,codeforces,HARD,True
train,10215,codeforces,EASY,True
train,10216,aizu,UNKNOWN_DIFFICULTY,False
train,10217,codechef,MEDIUM_HARD,True
train,10218,codewars,EASY,True
train,10220,codeforces,EASY,True
train,10222,codeforces,EASY,True
train,10223,codechef,UNKNOWN_DIFFICULTY,True
train,10224,atcoder,UNKNOWN_DIFFICULTY,False
train,10226,codeforces,EASY,True
train,10227,codeforces,HARD,True
train,10229,codechef,MEDIUM,True
train,10230,codeforces,MEDIUM,True
train,10232,codeforces,EASY,True
train,10234,geeksforgeeks,MEDIUM,True
train,10237,geeksforgeeks,EASY,True
train,10239,aizu,UNKNOWN_DIFFICULTY,False
train,10240,atcoder,UNKNOWN_DIFFICULTY,False
train,10242,geeksforgeeks,EASY,True
train,10244,codeforces,EASY,True
train,10247,codewars,EASY,True
train,10248,leetcode,MEDIUM_HARD,True
train,10249,codewars,EASY,True
train,10251,codeforces,HARD,True
train,10252,aizu,UNKNOWN_DIFFICULTY,False
train,10253,codeforces,MEDIUM,True
train,10254,codechef,EASY,True
train,10255,codeforces,MEDIUM,True
train,10256,codewars,EASY,True
train,10257,codewars,EASY,True
train,10258,codewars,EASY,True
train,10259,codeforces,EASY,True
train,10261,codeforces,EASY,True
train,10263,aizu,UNKNOWN_DIFFICULTY,False
train,10264,leetcode,MEDIUM_HARD,True
train,10265,geeksforgeeks,MEDIUM,True
train,10266,codeforces,MEDIUM,True
train,10268,codeforces,EASY,True
train,10270,hackerearth,MEDIUM,False
train,10273,codechef,MEDIUM_HARD,True
train,10274,hackerearth,MEDIUM,False
train,10275,aizu,UNKNOWN_DIFFICULTY,False
train,10276,codeforces,MEDIUM,True
train,10277,codeforces,EASY,True
train,10278,atcoder,UNKNOWN_DIFFICULTY,False
train,10279,codechef,EASY,True
train,10280,codechef,EASY,True
train,10281,codewars,EASY,True
train,10282,aizu,UNKNOWN_DIFFICULTY,False
train,10284,geeksforgeeks,MEDIUM,True
train,10285,codeforces,EASY,True
train,10287,aizu,UNKNOWN_DIFFICULTY,False
train,10288,hackerearth,EASY,False
train,10290,geeksforgeeks,MEDIUM_HARD,True
train,10292,codechef,MEDIUM_HARD,True
train,10293,codewars,EASY,True
train,10294,hackerearth,EASY,False
train,10295,codewars,EASY,True
train,10297,aizu,UNKNOWN_DIFFICULTY,False
train,10298,codechef,EASY,True
train,10300,codeforces,EASY,True
train,10302,codeforces,HARD,True
train,10303,leetcode,MEDIUM_HARD,True
train,10304,leetcode,EASY,True
train,10305,codechef,EASY,True
train,10306,codeforces,MEDIUM_HARD,True
train,10307,codewars,EASY,True
train,10310,atcoder,MEDIUM_HARD,True
train,10314,codechef,MEDIUM_HARD,True
train,10315,codeforces,VERY_HARD,True
train,10316,codeforces,EASY,True
train,10317,atcoder,EASY,True
train,10318,codeforces,HARD,True
train,10320,geeksforgeeks,EASY,True
train,10321,codechef,VERY_HARD,True
train,10322,hackerearth,MEDIUM,False
train,10323,geeksforgeeks,EASY,True
train,10324,codechef,UNKNOWN_DIFFICULTY,True
train,10325,aizu,UNKNOWN_DIFFICULTY,False
train,10326,codeforces,MEDIUM,True
train,10327,codeforces,EASY,True
train,10328,codewars,EASY,True
train,10329,codeforces,EASY,True
train,10330,codeforces,EASY,True
train,10331,codeforces,MEDIUM,True
train,10334,aizu,UNKNOWN_DIFFICULTY,False
train,10337,codeforces,MEDIUM_HARD,True
train,10338,codeforces,MEDIUM,True
train,10339,atcoder,UNKNOWN_DIFFICULTY,False
train,10342,codewars,EASY,True
train,10343,geeksforgeeks,EASY,True
train,10344,geeksforgeeks,EASY,True
train,10346,codeforces,MEDIUM_HARD,True
train,10347,codechef,UNKNOWN_DIFFICULTY,True
train,10348,codeforces,EASY,True
train,10349,codeforces,VERY_HARD,True
train,10352,aizu,UNKNOWN_DIFFICULTY,False
train,10353,geeksforgeeks,MEDIUM,True
train,10354,geeksforgeeks,MEDIUM_HARD,True
train,10355,codeforces,HARD,True
train,10357,geeksforgeeks,MEDIUM,True
train,10359,codechef,EASY,True
train,10361,codewars,EASY,True
train,10362,aizu,UNKNOWN_DIFFICULTY,False
train,10364,codechef,VERY_HARD,True
train,10366,atcoder,UNKNOWN_DIFFICULTY,False
train,10368,leetcode,MEDIUM_HARD,True
train,10369,codeforces,MEDIUM,True
train,10371,aizu,UNKNOWN_DIFFICULTY,False
train,10373,codeforces,HARD,True
train,10374,codeforces,EASY,True
train,10375,codeforces,VERY_HARD,True
train,10376,hackerearth,UNKNOWN_DIFFICULTY,False
train,10377,codewars,EASY,True
train,10378,codechef,EASY,True
train,10379,codeforces,EASY,True
train,10380,leetcode,MEDIUM,True
train,10382,hackerearth,EASY,False
train,10385,codeforces,EASY,True
train,10389,codeforces,MEDIUM_HARD,True
train,10391,hackerearth,EASY,False
train,10392,codewars,EASY,True
train,10394,codeforces,HARD,True
train,10395,codeforces,EASY,True
train,10396,aizu,UNKNOWN_DIFFICULTY,False
train,10397,codeforces,MEDIUM_HARD,True
train,10398,codeforces,EASY,True
train,10401,geeksforgeeks,EASY,True
train,10402,atcoder,EASY,True
train,10404,codeforces,HARD,True
train,10405,codeforces,MEDIUM,True
train,10407,codewars,EASY,True
train,10408,codeforces,MEDIUM_HARD,True
train,10409,codeforces,MEDIUM,True
train,10410,aizu,UNKNOWN_DIFFICULTY,False
train,10413,geeksforgeeks,EASY,True
train,10414,leetcode,MEDIUM,True
train,10415,atcoder,UNKNOWN_DIFFICULTY,False
train,10416,codechef,MEDIUM_HARD,True
train,10417,hackerearth,EASY,False
train,10418,codeforces,EASY,True
train,10419,aizu,UNKNOWN_DIFFICULTY,False
train,10420,aizu,UNKNOWN_DIFFICULTY,False
train,10421,codeforces,EASY,True
train,10422,codeforces,EASY,True
train,10423,codechef,UNKNOWN_DIFFICULTY,True
train,10424,hackerearth,EASY,False
train,10425,codeforces,HARD,True
train,10426,geeksforgeeks,EASY,True
train,10427,geeksforgeeks,MEDIUM,True
train,10429,codeforces,HARD,True
train,10430,codeforces,HARD,True
train,10431,hackerearth,EASY,False
train,10432,hackerearth,UNKNOWN_DIFFICULTY,False
train,10433,aizu,UNKNOWN_DIFFICULTY,False
train,10434,codewars,EASY,True
train,10436,atcoder,UNKNOWN_DIFFICULTY,False
train,10437,codeforces,EASY,True
train,10438,aizu,UNKNOWN_DIFFICULTY,False
train,10439,codeforces,EASY,True
train,10440,geeksforgeeks,EASY,True
train,10442,codechef,UNKNOWN_DIFFICULTY,True
train,10444,codewars,EASY,True
train,10446,codeforces,EASY,True
train,10447,geeksforgeeks,MEDIUM,True
train,10449,codewars,EASY,True
train,10451,atcoder,EASY,True
train,10452,codeforces,EASY,True
train,10453,geeksforgeeks,MEDIUM,True
train,10454,codewars,EASY,True
train,10455,leetcode,MEDIUM,True
train,10456,aizu,UNKNOWN_DIFFICULTY,False
train,10458,geeksforgeeks,MEDIUM,True
train,10459,codewars,MEDIUM_HARD,True
train,10460,atcoder,UNKNOWN_DIFFICULTY,False
train,10462,codeforces,MEDIUM_HARD,True
train,10463,atcoder,UNKNOWN_DIFFICULTY,False
train,10464,hackerearth,UNKNOWN_DIFFICULTY,False
train,10465,codechef,EASY,True
train,10466,leetcode,MEDIUM_HARD,True
train,10467,codechef,EASY,True
train,10468,codeforces,HARD,True
train,10469,codechef,UNKNOWN_DIFFICULTY,True
train,10472,codeforces,HARD,True
train,10473,codechef,HARD,True
train,10474,geeksforgeeks,EASY,True
train,10475,geeksforgeeks,EASY,True
train,10478,geeksforgeeks,EASY,True
train,10479,hackerearth,UNKNOWN_DIFFICULTY,False
train,10481,codechef,HARD,True
train,10482,geeksforgeeks,EASY,True
train,10483,geeksforgeeks,MEDIUM,True
train,10484,codeforces,EASY,True
train,10485,geeksforgeeks,MEDIUM,True
train,10486,aizu,UNKNOWN_DIFFICULTY,False
train,10488,codeforces,HARD,True
train,10491,aizu,UNKNOWN_DIFFICULTY,False
train,10492,hackerearth,UNKNOWN_DIFFICULTY,False
train,10493,aizu,UNKNOWN_DIFFICULTY,False
train,10494,codewars,EASY,True
train,10495,hackerearth,MEDIUM,False
train,10496,codeforces,HARD,True
train,10497,codechef,EASY,True
train,10500,atcoder,UNKNOWN_DIFFICULTY,False
train,10501,codewars,EASY,True
train,10503,hackerearth,EASY,False
train,10505,codeforces,HARD,True
train,10506,geeksforgeeks,EASY,True
train,10508,codewars,EASY,True
train,10511,hackerearth,EASY,False
train,10513,codeforces,HARD,True
train,10514,hackerearth,UNKNOWN_DIFFICULTY,False
train,10516,codechef,MEDIUM,True
train,10517,hackerearth,EASY,False
train,10518,atcoder,EASY,True
train,10519,codechef,MEDIUM_HARD,True
train,10520,codechef,UNKNOWN_DIFFICULTY,True
train,10522,codechef,EASY,True
train,10524,hackerearth,EASY,False
train,10525,aizu,UNKNOWN_DIFFICULTY,False
train,10527,hackerearth,EASY,False
train,10528,geeksforgeeks,EASY,True
train,10530,atcoder,MEDIUM_HARD,True
train,10533,codeforces,HARD,True
train,10535,codeforces,MEDIUM_HARD,True
train,10537,geeksforgeeks,EASY,True
train,10538,codeforces,EASY,True
train,10539,hackerearth,EASY,False
train,10540,codewars,EASY,True
train,10541,codewars,EASY,True
train,10542,codechef,UNKNOWN_DIFFICULTY,True
train,10543,leetcode,MEDIUM,True
train,10544,codewars,EASY,True
train,10545,geeksforgeeks,EASY,True
train,10547,geeksforgeeks,EASY,True
train,10548,codeforces,HARD,True
train,10549,hackerearth,UNKNOWN_DIFFICULTY,False
train,10550,codeforces,HARD,True
train,10552,geeksforgeeks,EASY,True
train,10553,geeksforgeeks,EASY,True
train,10554,codeforces,EASY,True
train,10555,hackerearth,EASY,False
train,10556,codeforces,MEDIUM_HARD,True
train,10557,codechef,MEDIUM_HARD,True
train,10559,codechef,UNKNOWN_DIFFICULTY,True
train,10560,codechef,UNKNOWN_DIFFICULTY,True
train,10563,hackerearth,MEDIUM,False
train,10566,codeforces,EASY,True
train,10567,codeforces,MEDIUM_HARD,True
train,10568,codewars,EASY,True
train,10571,codeforces,VERY_HARD,True
train,10572,codechef,VERY_HARD,True
train,10573,aizu,UNKNOWN_DIFFICULTY,False
train,10576,geeksforgeeks,EASY,True
train,10577,geeksforgeeks,MEDIUM_HARD,True
train,10578,codeforces,HARD,True
train,10579,codeforces,EASY,True
train,10580,leetcode,MEDIUM_HARD,True
train,10581,codewars,EASY,True
train,10582,hackerearth,UNKNOWN_DIFFICULTY,False
train,10583,codewars,EASY,True
train,10585,leetcode,MEDIUM_HARD,True
train,10586,hackerearth,EASY,False
train,10587,codechef,EASY,True
train,10588,geeksforgeeks,EASY,True
train,10589,aizu,UNKNOWN_DIFFICULTY,False
train,10590,atcoder,UNKNOWN_DIFFICULTY,False
train,10593,codewars,EASY,True
train,10594,codechef,EASY,True
train,10595,geeksforgeeks,MEDIUM,True
train,10596,hackerearth,UNKNOWN_DIFFICULTY,False
train,10597,aizu,UNKNOWN_DIFFICULTY,False
train,10598,aizu,UNKNOWN_DIFFICULTY,False
train,10599,codewars,EASY,True
train,10600,codechef,EASY,True
train,10601,codeforces,EASY,True
train,10602,codeforces,HARD,True
train,10606,codeforces,MEDIUM_HARD,True
train,10609,leetcode,EASY,True
train,10610,codeforces,HARD,True
train,10612,codeforces,EASY,True
train,10613,codechef,EASY,True
train,10614,codeforces,MEDIUM_HARD,True
train,10615,geeksforgeeks,EASY,True
train,10618,codeforces,EASY,True
train,10621,leetcode,MEDIUM_HARD,True
train,10622,codechef,EASY,True
train,10623,codeforces,EASY,True
train,10624,aizu,UNKNOWN_DIFFICULTY,False
train,10626,geeksforgeeks,EASY,True
train,10627,codewars,EASY,True
train,10628,codeforces,MEDIUM,True
train,10629,aizu,UNKNOWN_DIFFICULTY,False
train,10630,atcoder,UNKNOWN_DIFFICULTY,False
train,10631,codeforces,MEDIUM,True
train,10633,aizu,UNKNOWN_DIFFICULTY,False
train,10634,leetcode,MEDIUM,True
train,10635,codeforces,MEDIUM,True
train,10636,codechef,UNKNOWN_DIFFICULTY,True
train,10637,atcoder,EASY,True
train,10638,codeforces,MEDIUM_HARD,True
train,10639,codechef,UNKNOWN_DIFFICULTY,True
train,10640,codeforces,MEDIUM_HARD,True
train,10641,hackerearth,EASY,False
train,10642,codeforces,VERY_HARD,True
train,10643,codewars,EASY,True
train,10645,codechef,MEDIUM_HARD,True
train,10648,codewars,EASY,True
train,10649,leetcode,EASY,True
train,10650,hackerearth,HARD,False
train,10651,atcoder,EASY,True
train,10652,geeksforgeeks,EASY,True
train,10653,atcoder,MEDIUM_HARD,True
train,10654,atcoder,EASY,True
train,10658,geeksforgeeks,MEDIUM,True
train,10659,codeforces,EASY,True
train,10660,codeforces,HARD,True
train,10661,codeforces,MEDIUM,True
train,10662,codechef,MEDIUM_HARD,True
train,10664,codeforces,EASY,True
train,10665,codeforces,HARD,True
train,10666,codechef,EASY,True
train,10667,codewars,EASY,True
train,10668,codeforces,VERY_HARD,True
train,10669,atcoder,MEDIUM,True
train,10670,codechef,UNKNOWN_DIFFICULTY,True
train,10672,geeksforgeeks,EASY,True
train,10673,codeforces,EASY,True
train,10675,codechef,HARD,True
train,10676,codechef,UNKNOWN_DIFFICULTY,True
train,10677,hackerearth,UNKNOWN_DIFFICULTY,False
train,10678,geeksforgeeks,MEDIUM,True
train,10681,aizu,UNKNOWN_DIFFICULTY,False
train,10682,atcoder,EASY,True
train,10683,codeforces,HARD,True
train,10684,codechef,UNKNOWN_DIFFICULTY,True
train,10685,hackerearth,EASY,False
train,10686,codeforces,VERY_HARD,True
train,10687,atcoder,UNKNOWN_DIFFICULTY,False
train,10688,codechef,EASY,True
train,10689,codeforces,VERY_HARD,True
train,10690,geeksforgeeks,EASY,True
train,10691,geeksforgeeks,EASY,True
train,10692,atcoder,EASY,True
train,10694,geeksforgeeks,EASY,True
train,10695,codeforces,VERY_HARD,True
train,10696,codeforces,MEDIUM,True
train,10697,codechef,HARD,True
train,10699,codeforces,HARD,True
train,10703,geeksforgeeks,EASY,True
train,10704,geeksforgeeks,MEDIUM,True
train,10705,codechef,EASY,True
train,10708,geeksforgeeks,EASY,True
train,10709,codechef,HARD,True
train,10710,codeforces,EASY,True
train,10711,hackerearth,UNKNOWN_DIFFICULTY,False
train,10712,codeforces,VERY_HARD,True
train,10713,codeforces,MEDIUM_HARD,True
train,10714,codeforces,MEDIUM_HARD,True
train,10715,codechef,UNKNOWN_DIFFICULTY,True
train,10716,codeforces,EASY,True
train,10717,aizu,UNKNOWN_DIFFICULTY,False
train,10719,aizu,UNKNOWN_DIFFICULTY,False
train,10720,geeksforgeeks,EASY,True
train,10721,codechef,UNKNOWN_DIFFICULTY,True
train,10722,codechef,UNKNOWN_DIFFICULTY,True
train,10723,codeforces,MEDIUM_HARD,True
train,10724,codeforces,EASY,True
train,10725,geeksforgeeks,MEDIUM_HARD,True
train,10726,hackerearth,UNKNOWN_DIFFICULTY,False
train,10727,geeksforgeeks,EASY,True
train,10728,codewars,EASY,True
train,10729,codechef,UNKNOWN_DIFFICULTY,True
train,10730,codechef,HARD,True
train,10731,atcoder,EASY,True
train,10732,geeksforgeeks,EASY,True
train,10733,codeforces,EASY,True
train,10736,atcoder,UNKNOWN_DIFFICULTY,False
train,10737,aizu,UNKNOWN_DIFFICULTY,False
train,10738,geeksforgeeks,MEDIUM,True
train,10742,aizu,UNKNOWN_DIFFICULTY,False
train,10745,leetcode,EASY,True
train,10746,codeforces,HARD,True
train,10747,codewars,EASY,True
train,10748,codeforces,MEDIUM,True
train,10749,codeforces,EASY,True
train,10750,codeforces,HARD,True
train,10751,codechef,EASY,True
train,10752,atcoder,VERY_HARD,True
train,10754,codeforces,VERY_HARD,True
train,10755,hackerearth,UNKNOWN_DIFFICULTY,False
train,10756,codeforces,MEDIUM,True
train,10757,codewars,EASY,True
train,10758,codewars,EASY,True
train,10759,geeksforgeeks,MEDIUM,True
train,10760,codeforces,EASY,True
train,10761,codeforces,MEDIUM_HARD,True
train,10762,atcoder,EASY,True
train,10763,codewars,EASY,True
train,10765,codeforces,MEDIUM,True
train,10767,codeforces,HARD,True
train,10768,codeforces,UNKNOWN_DIFFICULTY,True
train,10769,geeksforgeeks,EASY,True
train,10770,geeksforgeeks,EASY,True
train,10771,atcoder,MEDIUM,True
train,10773,codechef,MEDIUM,True
train,10774,codechef,MEDIUM_HARD,True
train,10775,leetcode,EASY,True
train,10777,atcoder,MEDIUM,True
train,10778,codechef,HARD,True
train,10779,codechef,MEDIUM_HARD,True
train,10780,codeforces,EASY,True
train,10782,codeforces,EASY,True
train,10784,codeforces,EASY,True
train,10785,atcoder,UNKNOWN_DIFFICULTY,False
train,10786,codechef,MEDIUM_HARD,True
train,10787,atcoder,HARD,True
train,10788,codewars,EASY,True
train,10790,hackerearth,UNKNOWN_DIFFICULTY,False
train,10792,codechef,EASY,True
train,10793,leetcode,MEDIUM_HARD,True
train,10794,codeforces,MEDIUM_HARD,True
train,10796,aizu,UNKNOWN_DIFFICULTY,False
train,10797,codeforces,EASY,True
train,10799,codewars,EASY,True
train,10801,leetcode,EASY,True
train,10802,codeforces,HARD,True
train,10803,codeforces,EASY,True
train,10805,codechef,VERY_HARD,True
train,10806,geeksforgeeks,EASY,True
train,10811,aizu,UNKNOWN_DIFFICULTY,False
train,10813,hackerearth,UNKNOWN_DIFFICULTY,False
train,10814,codeforces,EASY,True
train,10815,codeforces,EASY,True
train,10816,codechef,UNKNOWN_DIFFICULTY,True
train,10817,codechef,MEDIUM_HARD,True
train,10819,codeforces,MEDIUM_HARD,True
train,10820,codechef,VERY_HARD,True
train,10821,codeforces,EASY,True
train,10822,geeksforgeeks,MEDIUM,True
train,10823,codeforces,HARD,True
train,10824,atcoder,EASY,True
train,10825,atcoder,UNKNOWN_DIFFICULTY,False
train,10826,geeksforgeeks,EASY,True
train,10828,aizu,UNKNOWN_DIFFICULTY,False
train,10829,geeksforgeeks,MEDIUM,True
train,10830,codechef,UNKNOWN_DIFFICULTY,True
train,10834,atcoder,UNKNOWN_DIFFICULTY,False
train,10836,codeforces,MEDIUM_HARD,True
train,10840,codeforces,MEDIUM_HARD,True
train,10841,codechef,UNKNOWN_DIFFICULTY,True
train,10842,aizu,UNKNOWN_DIFFICULTY,False
train,10844,leetcode,MEDIUM,True
train,10845,geeksforgeeks,EASY,True
train,10850,codeforces,EASY,True
train,10851,codeforces,HARD,True
train,10852,geeksforgeeks,EASY,True
train,10856,codeforces,EASY,True
train,10860,codewars,EASY,True
train,10861,atcoder,UNKNOWN_DIFFICULTY,False
train,10863,codechef,EASY,True
train,10865,geeksforgeeks,MEDIUM,True
train,10866,codeforces,EASY,True
train,10867,leetcode,MEDIUM_HARD,True
train,10868,codeforces,MEDIUM_HARD,True
train,10869,codechef,MEDIUM_HARD,True
train,10870,codeforces,EASY,True
train,10871,codeforces,EASY,True
train,10872,codewars,EASY,True
train,10874,atcoder,EASY,True
train,10875,geeksforgeeks,MEDIUM,True
train,10876,codechef,HARD,True
train,10877,codeforces,HARD,True
train,10878,codeforces,HARD,True
train,10879,codewars,EASY,True
train,10880,atcoder,UNKNOWN_DIFFICULTY,False
train,10881,codeforces,MEDIUM,True
train,10882,codechef,VERY_HARD,True
train,10883,codechef,HARD,True
train,10885,codewars,EASY,True
train,10886,codewars,MEDIUM_HARD,True
train,10888,codeforces,EASY,True
train,10889,codeforces,EASY,True
train,10891,codeforces,VERY_HARD,True
train,10892,codechef,UNKNOWN_DIFFICULTY,True
train,10894,codeforces,MEDIUM_HARD,True
train,10895,hackerearth,UNKNOWN_DIFFICULTY,False
train,10896,codewars,EASY,True
train,10897,codewars,EASY,True
train,10898,codewars,EASY,True
train,10899,geeksforgeeks,MEDIUM,True
train,10900,codeforces,MEDIUM,True
train,10902,codeforces,EASY,True
train,10903,leetcode,MEDIUM,True
train,10904,codewars,EASY,True
train,10905,codechef,HARD,True
train,10906,codechef,HARD,True
train,10907,atcoder,EASY,True
train,10908,codeforces,EASY,True
train,10909,codeforces,MEDIUM_HARD,True
train,10912,atcoder,EASY,True
train,10913,geeksforgeeks,EASY,True
train,10914,codewars,EASY,True
train,10915,codewars,EASY,True
train,10916,codechef,UNKNOWN_DIFFICULTY,True
train,10918,atcoder,EASY,True
train,10919,geeksforgeeks,EASY,True
train,10920,codeforces,EASY,True
train,10921,codechef,EASY,True
train,10923,codechef,EASY,True
train,10924,atcoder,UNKNOWN_DIFFICULTY,False
train,10925,codeforces,MEDIUM_HARD,True
train,10926,codeforces,EASY,True
train,10927,codeforces,MEDIUM,True
train,10928,atcoder,UNKNOWN_DIFFICULTY,False
train,10929,codeforces,MEDIUM_HARD,True
train,10931,codeforces,EASY,True
train,10932,codechef,UNKNOWN_DIFFICULTY,True
train,10933,codeforces,EASY,True
train,10934,codeforces,MEDIUM,True
train,10935,codewars,EASY,True
train,10936,codeforces,HARD,True
train,10937,aizu,UNKNOWN_DIFFICULTY,False
train,10939,codeforces,MEDIUM_HARD,True
train,10940,hackerearth,EASY,False
train,10941,codewars,EASY,True
train,10942,codeforces,MEDIUM_HARD,True
train,10946,leetcode,MEDIUM_HARD,True
train,10948,geeksforgeeks,MEDIUM,True
train,10949,codewars,EASY,True
train,10952,aizu,UNKNOWN_DIFFICULTY,False
train,10954,geeksforgeeks,EASY,True
train,10955,codeforces,MEDIUM,True
train,10956,codewars,EASY,True
train,10957,codeforces,MEDIUM_HARD,True
train,10958,codeforces,MEDIUM_HARD,True
train,10961,codeforces,MEDIUM_HARD,True
train,10962,codeforces,EASY,True
train,10963,codeforces,MEDIUM_HARD,True
train,10964,codechef,EASY,True
train,10965,geeksforgeeks,EASY,True
train,10966,hackerearth,UNKNOWN_DIFFICULTY,False
train,10967,geeksforgeeks,EASY,True
train,10969,codeforces,MEDIUM,True
train,10970,codewars,EASY,True
train,10971,atcoder,MEDIUM_HARD,True
train,10972,codeforces,MEDIUM,True
train,10974,codeforces,HARD,True
train,10975,codeforces,EASY,True
train,10976,codechef,EASY,True
train,10977,hackerearth,UNKNOWN_DIFFICULTY,False
train,10980,codechef,UNKNOWN_DIFFICULTY,True
train,10981,codeforces,MEDIUM_HARD,True
train,10982,codechef,VERY_HARD,True
train,10983,leetcode,MEDIUM,True
train,10984,codechef,EASY,True
train,10987,hackerearth,MEDIUM,False
train,10989,geeksforgeeks,EASY,True
train,10991,codeforces,EASY,True
train,10994,hackerearth,EASY,False
train,10996,codeforces,HARD,True
train,10998,codeforces,EASY,True
train,11000,codeforces,MEDIUM_HARD,True
train,11001,codeforces,VERY_HARD,True
train,11003,atcoder,MEDIUM,True
train,11004,codewars,EASY,True
train,11005,codewars,EASY,True
train,11007,codewars,EASY,True
train,11009,codewars,EASY,True
train,11010,codeforces,EASY,True
train,11011,aizu,UNKNOWN_DIFFICULTY,False
train,11012,geeksforgeeks,MEDIUM,True
train,11013,geeksforgeeks,EASY,True
train,11014,codeforces,EASY,True
train,11015,atcoder,EASY,True
train,11016,codeforces,EASY,True
train,11017,codechef,UNKNOWN_DIFFICULTY,True
train,11018,codeforces,HARD,True
train,11022,codewars,EASY,True
train,11023,codechef,UNKNOWN_DIFFICULTY,True
train,11024,codeforces,MEDIUM,True
train,11025,leetcode,MEDIUM_HARD,True
train,11026,aizu,UNKNOWN_DIFFICULTY,False
train,11027,atcoder,UNKNOWN_DIFFICULTY,False
train,11028,hackerearth,UNKNOWN_DIFFICULTY,False
train,11029,atcoder,UNKNOWN_DIFFICULTY,False
train,11035,hackerearth,UNKNOWN_DIFFICULTY,False
train,11036,geeksforgeeks,EASY,True
train,11038,geeksforgeeks,EASY,True
train,11042,codeforces,HARD,True
train,11044,codewars,EASY,True
train,11045,codeforces,MEDIUM,True
train,11046,codeforces,MEDIUM_HARD,True
train,11048,codechef,VERY_HARD,True
train,11049,geeksforgeeks,EASY,True
train,11050,aizu,UNKNOWN_DIFFICULTY,False
train,11051,geeksforgeeks,MEDIUM,True
train,11052,geeksforgeeks,MEDIUM,True
train,11053,atcoder,UNKNOWN_DIFFICULTY,False
train,11054,geeksforgeeks,EASY,True
train,11055,codeforces,MEDIUM,True
train,11056,geeksforgeeks,EASY,True
train,11057,codechef,EASY,True
train,11059,hackerearth,EASY,False
train,11060,codechef,MEDIUM_HARD,True
train,11062,atcoder,UNKNOWN_DIFFICULTY,False
train,11064,codeforces,EASY,True
train,11066,atcoder,EASY,True
train,11067,codewars,EASY,True
train,11069,geeksforgeeks,MEDIUM,True
train,11072,codewars,EASY,True
train,11073,codechef,HARD,True
train,11075,codewars,EASY,True
train,11076,codeforces,EASY,True
train,11077,codeforces,EASY,True
train,11079,codewars,MEDIUM_HARD,True
train,11080,codeforces,VERY_HARD,True
train,11081,leetcode,MEDIUM,True
train,11083,atcoder,EASY,True
train,11085,codewars,EASY,True
train,11087,codeforces,HARD,True
train,11089,codechef,VERY_HARD,True
train,11090,codewars,EASY,True
train,11091,geeksforgeeks,EASY,True
train,11092,codechef,MEDIUM,True
train,11094,codeforces,EASY,True
train,11095,codewars,EASY,True
train,11096,codeforces,EASY,True
train,11098,codechef,EASY,True
train,11099,codeforces,MEDIUM_HARD,True
train,11102,atcoder,UNKNOWN_DIFFICULTY,False
train,11103,codeforces,MEDIUM_HARD,True
train,11105,leetcode,MEDIUM_HARD,True
train,11106,atcoder,UNKNOWN_DIFFICULTY,False
train,11107,codewars,EASY,True
train,11108,codewars,EASY,True
train,11109,geeksforgeeks,EASY,True
train,11110,codeforces,HARD,True
train,11115,codeforces,VERY_HARD,True
train,11116,atcoder,UNKNOWN_DIFFICULTY,False
train,11118,codechef,EASY,True
train,11120,leetcode,EASY,True
train,11125,hackerearth,EASY,False
train,11126,aizu,UNKNOWN_DIFFICULTY,False
train,11127,codeforces,HARD,True
train,11128,codeforces,VERY_HARD,True
train,11129,codeforces,EASY,True
train,11130,leetcode,MEDIUM,True
train,11131,codeforces,MEDIUM_HARD,True
train,11132,codewars,EASY,True
train,11133,codeforces,EASY,True
train,11134,codeforces,EASY,True
train,11135,geeksforgeeks,EASY,True
train,11137,codeforces,MEDIUM,True
train,11139,codeforces,EASY,True
train,11140,codechef,HARD,True
train,11141,codeforces,HARD,True
train,11142,codechef,MEDIUM,True
train,11143,codeforces,MEDIUM_HARD,True
train,11144,codechef,VERY_HARD,True
train,11146,geeksforgeeks,MEDIUM,True
train,11147,codeforces,MEDIUM_HARD,True
train,11148,codeforces,EASY,True
train,11149,geeksforgeeks,MEDIUM,True
train,11151,geeksforgeeks,EASY,True
train,11153,aizu,UNKNOWN_DIFFICULTY,False
train,11155,codewars,EASY,True
train,11156,codeforces,EASY,True
train,11157,codeforces,MEDIUM_HARD,True
train,11158,codechef,MEDIUM_HARD,True
train,11159,codechef,HARD,True
train,11161,codeforces,MEDIUM,True
train,11163,codechef,EASY,True
train,11165,geeksforgeeks,EASY,True
train,11166,codeforces,EASY,True
train,11167,leetcode,MEDIUM,True
train,11169,geeksforgeeks,MEDIUM,True
train,11170,leetcode,MEDIUM,True
train,11171,codechef,EASY,True
train,11172,codechef,UNKNOWN_DIFFICULTY,True
train,11173,atcoder,MEDIUM,True
train,11174,codeforces,MEDIUM,True
train,11175,codechef,EASY,True
train,11176,codechef,EASY,True
train,11177,codewars,EASY,True
train,11178,geeksforgeeks,MEDIUM,True
train,11179,hackerearth,EASY,False
train,11180,codewars,EASY,True
train,11181,hackerearth,EASY,False
train,11182,codechef,MEDIUM_HARD,True
train,11184,codeforces,EASY,True
train,11185,codeforces,EASY,True
train,11188,codechef,EASY,True
train,11191,codechef,VERY_HARD,True
train,11192,codechef,VERY_HARD,True
train,11194,codeforces,HARD,True
train,11195,codeforces,VERY_HARD,True
train,11196,codeforces,HARD,True
train,11197,codewars,EASY,True
train,11198,codechef,EASY,True
train,11200,codechef,UNKNOWN_DIFFICULTY,True
train,11201,aizu,UNKNOWN_DIFFICULTY,False
train,11202,hackerearth,UNKNOWN_DIFFICULTY,False
train,11203,codeforces,EASY,True
train,11204,codeforces,EASY,True
train,11205,codeforces,EASY,True
train,11207,codechef,VERY_HARD,True
train,11209,codewars,EASY,True
train,11211,geeksforgeeks,MEDIUM,True
train,11212,leetcode,MEDIUM_HARD,True
train,11213,aizu,UNKNOWN_DIFFICULTY,False
train,11217,codeforces,MEDIUM_HARD,True
train,11218,aizu,UNKNOWN_DIFFICULTY,False
train,11219,codeforces,MEDIUM,True
train,11220,codechef,VERY_HARD,True
train,11221,geeksforgeeks,EASY,True
train,11222,codechef,MEDIUM_HARD,True
train,11224,atcoder,UNKNOWN_DIFFICULTY,False
train,11225,geeksforgeeks,EASY,True
train,11226,codeforces,MEDIUM_HARD,True
train,11228,codewars,EASY,True
train,11229,geeksforgeeks,MEDIUM,True
train,11231,codewars,EASY,True
train,11232,aizu,UNKNOWN_DIFFICULTY,False
train,11233,codeforces,EASY,True
train,11235,codeforces,VERY_HARD,True
train,11236,codeforces,MEDIUM,True
train,11238,codeforces,MEDIUM_HARD,True
train,11239,hackerearth,EASY,False
train,11241,hackerearth,UNKNOWN_DIFFICULTY,False
train,11242,codeforces,EASY,True
train,11243,codeforces,VERY_HARD,True
train,11244,codewars,EASY,True
train,11246,geeksforgeeks,EASY,True
train,11248,codeforces,MEDIUM_HARD,True
train,11251,geeksforgeeks,EASY,True
train,11252,codechef,UNKNOWN_DIFFICULTY,True
train,11253,atcoder,UNKNOWN_DIFFICULTY,False
train,11254,aizu,UNKNOWN_DIFFICULTY,False
train,11256,codeforces,VERY_HARD,True
train,11257,codeforces,MEDIUM_HARD,True
train,11261,geeksforgeeks,EASY,True
train,11262,codeforces,HARD,True
train,11263,hackerearth,EASY,False
train,11265,codechef,MEDIUM_HARD,True
train,11266,hackerearth,UNKNOWN_DIFFICULTY,False
train,11267,hackerearth,UNKNOWN_DIFFICULTY,False
train,11268,codeforces,MEDIUM,True
train,11269,codeforces,EASY,True
train,11270,codeforces,MEDIUM,True
train,11272,geeksforgeeks,EASY,True
train,11273,codewars,EASY,True
train,11274,hackerearth,UNKNOWN_DIFFICULTY,False
train,11275,codeforces,VERY_HARD,True
train,11276,leetcode,EASY,True
train,11277,geeksforgeeks,EASY,True
train,11278,codeforces,EASY,True
train,11279,codechef,VERY_HARD,True
train,11280,codewars,EASY,True
train,11281,hackerearth,HARD,False
train,11285,geeksforgeeks,EASY,True
train,11286,codeforces,MEDIUM_HARD,True
train,11288,atcoder,EASY,True
train,11289,aizu,UNKNOWN_DIFFICULTY,False
train,11291,codeforces,HARD,True
train,11292,atcoder,UNKNOWN_DIFFICULTY,False
train,11293,codeforces,HARD,True
train,11294,aizu,UNKNOWN_DIFFICULTY,False
train,11295,geeksforgeeks,EASY,True
train,11297,codeforces,HARD,True
train,11298,codechef,EASY,True
train,11300,codewars,EASY,True
train,11301,codewars,EASY,True
train,11303,geeksforgeeks,EASY,True
train,11304,atcoder,UNKNOWN_DIFFICULTY,False
train,11305,codeforces,EASY,True
train,11306,codeforces,EASY,True
train,11307,codeforces,MEDIUM_HARD,True
train,11308,codeforces,EASY,True
train,11309,codechef,EASY,True
train,11311,codeforces,EASY,True
train,11313,aizu,UNKNOWN_DIFFICULTY,False
train,11314,hackerearth,UNKNOWN_DIFFICULTY,False
train,11315,geeksforgeeks,MEDIUM,True
train,11316,geeksforgeeks,EASY,True
train,11318,codeforces,HARD,True
train,11319,codeforces,MEDIUM,True
train,11321,codeforces,VERY_HARD,True
train,11323,codeforces,EASY,True
train,11325,codewars,EASY,True
train,11326,codeforces,HARD,True
train,11327,codeforces,MEDIUM_HARD,True
train,11328,aizu,UNKNOWN_DIFFICULTY,False
train,11329,codeforces,EASY,True
train,11332,codewars,EASY,True
train,11333,codechef,EASY,True
train,11334,codeforces,MEDIUM,True
train,11335,geeksforgeeks,EASY,True
train,11336,geeksforgeeks,EASY,True
train,11337,atcoder,UNKNOWN_DIFFICULTY,False
train,11340,atcoder,UNKNOWN_DIFFICULTY,False
train,11343,codewars,EASY,True
train,11344,atcoder,UNKNOWN_DIFFICULTY,False
train,11345,codeforces,MEDIUM,True
train,11347,codeforces,HARD,True
train,11349,aizu,UNKNOWN_DIFFICULTY,False
train,11350,codeforces,HARD,True
train,11351,hackerearth,EASY,False
train,11352,codeforces,MEDIUM_HARD,True
train,11353,codeforces,MEDIUM,True
train,11354,codewars,EASY,True
train,11356,atcoder,EASY,True
train,11357,hackerearth,EASY,False
train,11358,aizu,UNKNOWN_DIFFICULTY,False
train,11359,codeforces,MEDIUM,True
train,11360,codeforces,EASY,True
train,11361,geeksforgeeks,EASY,True
train,11362,codeforces,MEDIUM_HARD,True
train,11364,codewars,EASY,True
train,11365,codechef,EASY,True
train,11366,geeksforgeeks,EASY,True
train,11367,codeforces,HARD,True
train,11368,geeksforgeeks,MEDIUM,True
train,11369,leetcode,MEDIUM_HARD,True
train,11370,geeksforgeeks,EASY,True
train,11371,codechef,MEDIUM_HARD,True
train,11375,codeforces,EASY,True
train,11377,geeksforgeeks,EASY,True
train,11378,codeforces,EASY,True
train,11379,codechef,HARD,True
train,11380,codechef,MEDIUM_HARD,True
train,11381,codeforces,EASY,True
train,11383,atcoder,UNKNOWN_DIFFICULTY,False
train,11384,aizu,UNKNOWN_DIFFICULTY,False
train,11386,codeforces,EASY,True
train,11388,geeksforgeeks,MEDIUM,True
train,11389,geeksforgeeks,EASY,True
train,11391,codeforces,MEDIUM_HARD,True
train,11392,codechef,HARD,True
train,11393,geeksforgeeks,EASY,True
train,11394,geeksforgeeks,EASY,True
train,11397,codeforces,MEDIUM_HARD,True
train,11398,aizu,UNKNOWN_DIFFICULTY,False
train,11400,aizu,UNKNOWN_DIFFICULTY,False
train,11401,hackerearth,EASY,False
train,11403,codewars,EASY,True
train,11406,aizu,UNKNOWN_DIFFICULTY,False
train,11407,codeforces,MEDIUM_HARD,True
train,11409,codewars,MEDIUM,True
train,11413,leetcode,MEDIUM_HARD,True
train,11414,codeforces,VERY_HARD,True
train,11415,codeforces,MEDIUM_HARD,True
train,11416,codechef,MEDIUM_HARD,True
train,11417,codechef,EASY,True
train,11419,atcoder,EASY,True
train,11420,codeforces,MEDIUM,True
train,11421,codechef,VERY_HARD,True
train,11423,codewars,EASY,True
train,11425,codewars,EASY,True
train,11426,codeforces,EASY,True
train,11427,codechef,MEDIUM,True
train,11428,codechef,VERY_HARD,True
train,11429,codechef,EASY,True
train,11430,codeforces,HARD,True
train,11431,codewars,EASY,True
train,11433,codechef,UNKNOWN_DIFFICULTY,True
train,11434,codechef,UNKNOWN_DIFFICULTY,True
train,11435,hackerearth,UNKNOWN_DIFFICULTY,False
train,11437,codeforces,MEDIUM_HARD,True
train,11438,geeksforgeeks,EASY,True
train,11439,aizu,UNKNOWN_DIFFICULTY,False
train,11441,geeksforgeeks,MEDIUM,True
train,11442,codechef,EASY,True
train,11444,geeksforgeeks,EASY,True
train,11445,geeksforgeeks,MEDIUM,True
train,11447,codeforces,MEDIUM_HARD,True
train,11450,codewars,EASY,True
train,11451,codechef,EASY,True
train,11452,codeforces,EASY,True
train,11453,codechef,HARD,True
train,11454,codechef,UNKNOWN_DIFFICULTY,True
train,11455,codeforces,MEDIUM,True
train,11457,geeksforgeeks,EASY,True
train,11458,codeforces,EASY,True
train,11459,codewars,EASY,True
train,11460,codeforces,HARD,True
train,11461,leetcode,MEDIUM_HARD,True
train,11462,geeksforgeeks,MEDIUM,True
train,11463,codeforces,MEDIUM_HARD,True
train,11464,codeforces,MEDIUM_HARD,True
train,11465,codechef,MEDIUM_HARD,True
train,11466,codechef,MEDIUM_HARD,True
train,11468,aizu,UNKNOWN_DIFFICULTY,False
train,11469,codeforces,EASY,True
train,11470,codewars,EASY,True
train,11471,codeforces,MEDIUM,True
train,11472,codewars,EASY,True
train,11474,geeksforgeeks,EASY,True
train,11475,codechef,MEDIUM_HARD,True
train,11479,aizu,UNKNOWN_DIFFICULTY,False
train,11481,codeforces,EASY,True
train,11482,aizu,UNKNOWN_DIFFICULTY,False
train,11485,codeforces,MEDIUM_HARD,True
train,11486,codeforces,EASY,True
train,11487,codechef,UNKNOWN_DIFFICULTY,True
train,11489,atcoder,MEDIUM,True
train,11491,atcoder,UNKNOWN_DIFFICULTY,False
train,11494,codeforces,EASY,True
train,11495,codechef,MEDIUM_HARD,True
train,11497,geeksforgeeks,EASY,True
train,11500,codechef,UNKNOWN_DIFFICULTY,True
train,11503,hackerearth,UNKNOWN_DIFFICULTY,False
train,11504,codewars,EASY,True
train,11506,codewars,EASY,True
train,11507,geeksforgeeks,EASY,True
train,11508,atcoder,MEDIUM_HARD,True
train,11509,codeforces,MEDIUM_HARD,True
train,11512,codeforces,EASY,True
train,11513,codechef,EASY,True
train,11514,geeksforgeeks,EASY,True
train,11516,geeksforgeeks,EASY,True
train,11517,codeforces,MEDIUM_HARD,True
train,11518,geeksforgeeks,EASY,True
train,11519,codewars,EASY,True
train,11520,codeforces,EASY,True
train,11523,codechef,VERY_HARD,True
train,11528,aizu,UNKNOWN_DIFFICULTY,False
train,11529,codechef,HARD,True
train,11533,codewars,EASY,True
train,11534,hackerearth,UNKNOWN_DIFFICULTY,False
train,11536,codechef,MEDIUM_HARD,True
train,11537,codeforces,MEDIUM_HARD,True
train,11538,geeksforgeeks,MEDIUM,True
train,11540,codeforces,HARD,True
train,11543,aizu,UNKNOWN_DIFFICULTY,False
train,11545,hackerearth,EASY,False
train,11546,codeforces,MEDIUM_HARD,True
train,11547,codeforces,EASY,True
train,11549,geeksforgeeks,MEDIUM,True
train,11551,codewars,EASY,True
train,11552,codeforces,EASY,True
train,11553,atcoder,UNKNOWN_DIFFICULTY,False
train,11554,codewars,EASY,True
train,11555,geeksforgeeks,EASY,True
train,11556,atcoder,EASY,True
train,11561,codewars,EASY,True
train,11562,codeforces,HARD,True
train,11563,aizu,UNKNOWN_DIFFICULTY,False
train,11564,geeksforgeeks,EASY,True
train,11565,atcoder,EASY,True
train,11566,codeforces,MEDIUM,True
train,11567,codewars,EASY,True
train,11568,aizu,UNKNOWN_DIFFICULTY,False
train,11569,codechef,MEDIUM_HARD,True
train,11571,codeforces,EASY,True
train,11572,aizu,UNKNOWN_DIFFICULTY,False
train,11576,hackerearth,EASY,False
train,11577,geeksforgeeks,MEDIUM,True
train,11578,codechef,HARD,True
train,11579,codewars,EASY,True
train,11584,codeforces,HARD,True
train,11586,hackerearth,EASY,False
train,11587,codechef,UNKNOWN_DIFFICULTY,True
train,11588,atcoder,EASY,True
train,11590,codechef,EASY,True
train,11591,aizu,UNKNOWN_DIFFICULTY,False
train,11592,codewars,EASY,True
train,11594,codewars,EASY,True
train,11595,codeforces,EASY,True
train,11596,geeksforgeeks,MEDIUM,True
train,11597,codeforces,MEDIUM,True
train,11598,aizu,UNKNOWN_DIFFICULTY,False
train,11599,codewars,EASY,True
train,11600,codechef,MEDIUM_HARD,True
train,11601,codewars,EASY,True
train,11602,codewars,EASY,True
train,11603,codewars,EASY,True
train,11604,codeforces,HARD,True
train,11605,geeksforgeeks,EASY,True
train,11606,codeforces,MEDIUM,True
train,11608,codeforces,MEDIUM_HARD,True
train,11609,geeksforgeeks,MEDIUM,True
train,11612,codewars,EASY,True
train,11614,aizu,UNKNOWN_DIFFICULTY,False
train,11615,codewars,EASY,True
train,11616,codeforces,MEDIUM_HARD,True
train,11617,aizu,UNKNOWN_DIFFICULTY,False
train,11619,codechef,MEDIUM,True
train,11620,aizu,UNKNOWN_DIFFICULTY,False
train,11621,codechef,UNKNOWN_DIFFICULTY,True
train,11622,geeksforgeeks,EASY,True
train,11623,codeforces,MEDIUM_HARD,True
train,11624,codeforces,HARD,True
train,11625,codeforces,MEDIUM_HARD,True
train,11626,geeksforgeeks,EASY,True
train,11627,codeforces,MEDIUM,True
train,11628,geeksforgeeks,MEDIUM_HARD,True
train,11633,geeksforgeeks,EASY,True
train,11634,codeforces,EASY,True
train,11636,codechef,UNKNOWN_DIFFICULTY,True
train,11638,codeforces,VERY_HARD,True
train,11639,codewars,EASY,True
train,11641,codeforces,EASY,True
train,11642,geeksforgeeks,EASY,True
train,11643,codewars,EASY,True
train,11645,hackerearth,EASY,False
train,11646,codeforces,MEDIUM,True
train,11647,codeforces,HARD,True
train,11649,codeforces,MEDIUM,True
train,11650,codeforces,VERY_HARD,True
train,11651,geeksforgeeks,MEDIUM,True
train,11652,codechef,UNKNOWN_DIFFICULTY,True
train,11655,leetcode,MEDIUM_HARD,True
train,11657,codeforces,MEDIUM,True
train,11658,codeforces,MEDIUM_HARD,True
train,11659,codewars,EASY,True
train,11660,codewars,EASY,True
train,11661,codechef,UNKNOWN_DIFFICULTY,True
train,11665,geeksforgeeks,MEDIUM,True
train,11666,geeksforgeeks,EASY,True
train,11667,codeforces,VERY_HARD,True
train,11668,codechef,UNKNOWN_DIFFICULTY,True
train,11669,codewars,EASY,True
train,11670,codeforces,EASY,True
train,11671,codeforces,EASY,True
train,11672,atcoder,EASY,True
train,11673,codechef,UNKNOWN_DIFFICULTY,True
train,11674,codeforces,EASY,True
train,11675,leetcode,MEDIUM_HARD,True
train,11676,codechef,EASY,True
train,11677,atcoder,EASY,True
train,11678,codeforces,EASY,True
train,11679,atcoder,UNKNOWN_DIFFICULTY,False
train,11680,atcoder,EASY,True
train,11681,codeforces,EASY,True
train,11682,aizu,UNKNOWN_DIFFICULTY,False
train,11683,codeforces,MEDIUM,True
train,11686,codeforces,EASY,True
train,11687,hackerearth,EASY,False
train,11689,codeforces,MEDIUM_HARD,True
train,11690,codeforces,MEDIUM_HARD,True
train,11691,codechef,UNKNOWN_DIFFICULTY,True
train,11692,codeforces,EASY,True
train,11693,codechef,EASY,True
train,11698,aizu,UNKNOWN_DIFFICULTY,False
train,11699,codewars,EASY,True
train,11700,leetcode,MEDIUM_HARD,True
train,11701,codeforces,EASY,True
train,11702,codeforces,EASY,True
train,11703,geeksforgeeks,EASY,True
train,11704,codewars,EASY,True
train,11706,codeforces,HARD,True
train,11708,atcoder,EASY,True
train,11710,geeksforgeeks,MEDIUM,True
train,11712,codeforces,EASY,True
train,11713,atcoder,UNKNOWN_DIFFICULTY,False
train,11716,geeksforgeeks,EASY,True
train,11718,codewars,EASY,True
train,11720,hackerearth,UNKNOWN_DIFFICULTY,False
train,11721,codeforces,MEDIUM,True
train,11722,aizu,UNKNOWN_DIFFICULTY,False
train,11723,hackerearth,HARD,False
train,11724,codeforces,HARD,True
train,11725,codeforces,EASY,True
train,11726,atcoder,VERY_HARD,True
train,11729,codechef,VERY_HARD,True
train,11732,leetcode,MEDIUM,True
train,11734,codechef,UNKNOWN_DIFFICULTY,True
train,11736,hackerearth,UNKNOWN_DIFFICULTY,False
train,11737,codeforces,HARD,True
train,11738,codechef,EASY,True
train,11739,hackerearth,MEDIUM,False
train,11740,codewars,EASY,True
train,11742,codeforces,MEDIUM_HARD,True
train,11743,aizu,UNKNOWN_DIFFICULTY,False
train,11744,codeforces,EASY,True
train,11746,atcoder,EASY,True
train,11747,hackerearth,EASY,False
train,11748,codeforces,EASY,True
train,11750,codeforces,EASY,True
train,11751,atcoder,EASY,True
train,11752,geeksforgeeks,MEDIUM,True
train,11756,codeforces,HARD,True
train,11759,codeforces,HARD,True
train,11760,codeforces,EASY,True
train,11761,codeforces,MEDIUM,True
train,11763,geeksforgeeks,EASY,True
train,11764,codeforces,EASY,True
train,11765,geeksforgeeks,EASY,True
train,11766,geeksforgeeks,EASY,True
train,11767,codechef,EASY,True
train,11768,geeksforgeeks,MEDIUM,True
train,11769,codechef,HARD,True
train,11770,codeforces,EASY,True
train,11771,hackerearth,UNKNOWN_DIFFICULTY,False
train,11772,geeksforgeeks,MEDIUM,True
train,11773,aizu,UNKNOWN_DIFFICULTY,False
train,11774,codewars,EASY,True
train,11775,codeforces,MEDIUM_HARD,True
train,11776,codeforces,MEDIUM_HARD,True
train,11777,codewars,EASY,True
train,11778,geeksforgeeks,EASY,True
train,11779,codewars,EASY,True
train,11780,codeforces,EASY,True
train,11781,codeforces,EASY,True
train,11782,codewars,EASY,True
train,11783,codewars,EASY,True
train,11784,codechef,MEDIUM_HARD,True
train,11785,aizu,UNKNOWN_DIFFICULTY,False
train,11788,codechef,MEDIUM_HARD,True
train,11789,codechef,EASY,True
train,11790,aizu,UNKNOWN_DIFFICULTY,False
train,11793,aizu,UNKNOWN_DIFFICULTY,False
train,11795,geeksforgeeks,EASY,True
train,11796,codeforces,VERY_HARD,True
train,11797,codeforces,HARD,True
train,11798,codeforces,MEDIUM_HARD,True
train,11800,codeforces,HARD,True
train,11801,codechef,UNKNOWN_DIFFICULTY,True
train,11804,codechef,MEDIUM_HARD,True
train,11805,codechef,EASY,True
train,11808,codewars,EASY,True
train,11809,geeksforgeeks,EASY,True
train,11813,codeforces,HARD,True
train,11814,codeforces,HARD,True
train,11815,codeforces,MEDIUM,True
train,11818,leetcode,MEDIUM_HARD,True
train,11819,codechef,UNKNOWN_DIFFICULTY,True
train,11820,aizu,UNKNOWN_DIFFICULTY,False
train,11821,codechef,HARD,True
train,11822,codeforces,HARD,True
train,11823,hackerearth,EASY,False
train,11825,codeforces,HARD,True
train,11829,codewars,EASY,True
train,11830,hackerearth,UNKNOWN_DIFFICULTY,False
train,11831,codewars,EASY,True
train,11832,leetcode,EASY,True
train,11833,codeforces,HARD,True
train,11835,atcoder,UNKNOWN_DIFFICULTY,False
train,11836,codeforces,MEDIUM_HARD,True
train,11837,codeforces,MEDIUM_HARD,True
train,11838,geeksforgeeks,EASY,True
train,11839,geeksforgeeks,MEDIUM,True
train,11840,codechef,UNKNOWN_DIFFICULTY,True
train,11843,codeforces,HARD,True
train,11844,leetcode,MEDIUM_HARD,True
train,11845,codechef,VERY_HARD,True
train,11846,atcoder,UNKNOWN_DIFFICULTY,False
train,11849,codeforces,MEDIUM_HARD,True
train,11850,codewars,EASY,True
train,11851,codeforces,HARD,True
train,11853,codewars,EASY,True
train,11856,codeforces,EASY,True
train,11857,aizu,UNKNOWN_DIFFICULTY,False
train,11858,codewars,EASY,True
train,11861,codeforces,EASY,True
train,11862,codeforces,EASY,True
train,11863,hackerearth,MEDIUM,False
train,11864,codeforces,HARD,True
train,11866,codechef,VERY_HARD,True
train,11867,codewars,MEDIUM_HARD,True
train,11868,geeksforgeeks,MEDIUM_HARD,True
train,11869,geeksforgeeks,EASY,True
train,11870,aizu,UNKNOWN_DIFFICULTY,False
train,11871,codeforces,EASY,True
train,11875,codeforces,HARD,True
train,11876,codeforces,HARD,True
train,11877,codeforces,EASY,True
train,11878,geeksforgeeks,EASY,True
train,11880,codeforces,EASY,True
train,11883,codeforces,EASY,True
train,11885,hackerearth,EASY,False
train,11886,geeksforgeeks,EASY,True
train,11887,geeksforgeeks,EASY,True
train,11888,codeforces,HARD,True
train,11890,atcoder,UNKNOWN_DIFFICULTY,False
train,11891,atcoder,UNKNOWN_DIFFICULTY,False
train,11893,codechef,UNKNOWN_DIFFICULTY,True
train,11894,codeforces,HARD,True
train,11895,leetcode,MEDIUM,True
train,11896,geeksforgeeks,EASY,True
train,11897,geeksforgeeks,EASY,True
train,11898,codeforces,EASY,True
train,11899,codechef,UNKNOWN_DIFFICULTY,True
train,11900,codewars,EASY,True
train,11901,codewars,EASY,True
train,11904,atcoder,MEDIUM_HARD,True
train,11905,codechef,VERY_HARD,True
train,11906,codeforces,EASY,True
train,11908,codewars,MEDIUM_HARD,True
train,11909,geeksforgeeks,EASY,True
train,11910,aizu,UNKNOWN_DIFFICULTY,False
train,11911,hackerearth,UNKNOWN_DIFFICULTY,False
train,11912,aizu,UNKNOWN_DIFFICULTY,False
train,11913,atcoder,UNKNOWN_DIFFICULTY,False
train,11914,codeforces,EASY,True
train,11915,codechef,VERY_HARD,True
train,11916,geeksforgeeks,MEDIUM,True
train,11918,codewars,EASY,True
train,11919,codewars,EASY,True
train,11920,codechef,MEDIUM,True
train,11921,codechef,VERY_HARD,True
train,11922,atcoder,VERY_HARD,True
train,11923,atcoder,UNKNOWN_DIFFICULTY,False
train,11924,codeforces,HARD,True
train,11925,aizu,UNKNOWN_DIFFICULTY,False
train,11926,codewars,EASY,True
train,11929,codechef,EASY,True
train,11931,geeksforgeeks,EASY,True
train,11932,codechef,EASY,True
train,11933,codeforces,MEDIUM_HARD,True
train,11935,codeforces,HARD,True
train,11937,codechef,UNKNOWN_DIFFICULTY,True
train,11938,codewars,EASY,True
train,11939,aizu,UNKNOWN_DIFFICULTY,False
train,11941,codechef,VERY_HARD,True
train,11942,codeforces,MEDIUM_HARD,True
train,11943,codewars,EASY,True
train,11944,codeforces,HARD,True
train,11945,geeksforgeeks,MEDIUM,True
train,11947,codeforces,MEDIUM_HARD,True
train,11949,codeforces,HARD,True
train,11950,codechef,HARD,True
train,11951,codechef,VERY_HARD,True
train,11953,codeforces,EASY,True
train,11957,codeforces,EASY,True
train,11959,aizu,UNKNOWN_DIFFICULTY,False
train,11962,codeforces,HARD,True
train,11963,geeksforgeeks,MEDIUM,True
train,11964,codeforces,MEDIUM_HARD,True
train,11966,leetcode,EASY,True
train,11968,codeforces,MEDIUM,True
train,11969,hackerearth,EASY,False
train,11971,codewars,EASY,True
train,11972,atcoder,UNKNOWN_DIFFICULTY,False
train,11973,geeksforgeeks,EASY,True
train,11974,codechef,UNKNOWN_DIFFICULTY,True
train,11975,atcoder,MEDIUM_HARD,True
train,11976,codewars,EASY,True
train,11977,hackerearth,UNKNOWN_DIFFICULTY,False
train,11978,codeforces,EASY,True
train,11979,atcoder,EASY,True
train,11980,codewars,EASY,True
train,11981,geeksforgeeks,MEDIUM,True
train,11982,hackerearth,UNKNOWN_DIFFICULTY,False
train,11984,atcoder,MEDIUM_HARD,True
train,11985,codechef,UNKNOWN_DIFFICULTY,True
train,11986,hackerearth,MEDIUM,False
train,11988,codeforces,HARD,True
train,11990,codeforces,EASY,True
train,11991,aizu,UNKNOWN_DIFFICULTY,False
train,11992,hackerearth,UNKNOWN_DIFFICULTY,False
train,11993,geeksforgeeks,EASY,True
train,11994,atcoder,EASY,True
train,11996,codewars,EASY,True
train,11998,codeforces,VERY_HARD,True
train,12000,hackerearth,HARD,False
train,12002,atcoder,EASY,True
train,12004,atcoder,UNKNOWN_DIFFICULTY,False
train,12006,codeforces,HARD,True
train,12007,atcoder,UNKNOWN_DIFFICULTY,False
train,12008,atcoder,UNKNOWN_DIFFICULTY,False
train,12010,codewars,EASY,True
train,12011,aizu,UNKNOWN_DIFFICULTY,False
train,12012,codechef,MEDIUM,True
train,12013,codewars,EASY,True
train,12014,geeksforgeeks,MEDIUM_HARD,True
train,12016,aizu,UNKNOWN_DIFFICULTY,False
train,12017,codechef,UNKNOWN_DIFFICULTY,True
train,12019,aizu,UNKNOWN_DIFFICULTY,False
train,12020,codewars,EASY,True
train,12021,codechef,UNKNOWN_DIFFICULTY,True
train,12022,codeforces,EASY,True
train,12024,atcoder,MEDIUM,True
train,12025,codewars,EASY,True
train,12026,codechef,UNKNOWN_DIFFICULTY,True
train,12027,atcoder,UNKNOWN_DIFFICULTY,False
train,12028,geeksforgeeks,EASY,True
train,12029,hackerearth,EASY,False
train,12030,codechef,EASY,True
train,12031,codeforces,MEDIUM_HARD,True
train,12033,geeksforgeeks,MEDIUM,True
train,12034,geeksforgeeks,EASY,True
train,12035,codeforces,EASY,True
train,12036,codeforces,EASY,True
train,12037,codechef,MEDIUM,True
train,12038,codeforces,VERY_HARD,True
train,12039,codewars,EASY,True
train,12042,geeksforgeeks,EASY,True
train,12043,geeksforgeeks,MEDIUM_HARD,True
train,12044,codeforces,MEDIUM,True
train,12045,geeksforgeeks,MEDIUM,True
train,12048,codeforces,MEDIUM_HARD,True
train,12049,codeforces,MEDIUM_HARD,True
train,12050,codeforces,EASY,True
train,12051,codeforces,EASY,True
train,12052,codeforces,EASY,True
train,12053,codeforces,HARD,True
train,12055,hackerearth,EASY,False
train,12056,hackerearth,EASY,False
train,12057,codeforces,MEDIUM_HARD,True
train,12059,atcoder,EASY,True
train,12060,codeforces,MEDIUM_HARD,True
train,12061,codeforces,HARD,True
train,12062,codechef,EASY,True
train,12063,codechef,UNKNOWN_DIFFICULTY,True
train,12064,leetcode,MEDIUM_HARD,True
train,12066,codeforces,MEDIUM,True
train,12067,codechef,VERY_HARD,True
train,12068,codewars,EASY,True
train,12070,codeforces,MEDIUM,True
train,12071,codeforces,EASY,True
train,12072,aizu,UNKNOWN_DIFFICULTY,False
train,12073,atcoder,UNKNOWN_DIFFICULTY,False
train,12074,atcoder,UNKNOWN_DIFFICULTY,False
train,12077,atcoder,UNKNOWN_DIFFICULTY,False
train,12078,codeforces,MEDIUM_HARD,True
train,12080,codewars,EASY,True
train,12081,codeforces,EASY,True
train,12082,aizu,UNKNOWN_DIFFICULTY,False
train,12083,codechef,UNKNOWN_DIFFICULTY,True
train,12084,codeforces,VERY_HARD,True
train,12085,geeksforgeeks,EASY,True
train,12086,codechef,UNKNOWN_DIFFICULTY,True
train,12087,geeksforgeeks,MEDIUM,True
train,12088,codewars,EASY,True
train,12089,hackerearth,EASY,False
train,12090,codechef,UNKNOWN_DIFFICULTY,True
train,12091,atcoder,EASY,True
train,12092,codeforces,MEDIUM_HARD,True
train,12094,codewars,EASY,True
train,12097,aizu,UNKNOWN_DIFFICULTY,False
train,12098,codeforces,HARD,True
train,12099,codechef,MEDIUM,True
train,12100,geeksforgeeks,EASY,True
train,12101,geeksforgeeks,EASY,True
train,12104,atcoder,UNKNOWN_DIFFICULTY,False
train,12105,codeforces,EASY,True
train,12107,codewars,EASY,True
train,12108,codeforces,MEDIUM_HARD,True
train,12109,codechef,EASY,True
train,12111,geeksforgeeks,EASY,True
train,12113,codewars,EASY,True
train,12116,codeforces,MEDIUM_HARD,True
train,12117,geeksforgeeks,EASY,True
train,12118,codeforces,EASY,True
train,12120,codewars,EASY,True
train,12121,aizu,UNKNOWN_DIFFICULTY,False
train,12122,aizu,UNKNOWN_DIFFICULTY,False
train,12123,codeforces,MEDIUM_HARD,True
train,12124,codeforces,MEDIUM,True
train,12125,codechef,UNKNOWN_DIFFICULTY,True
train,12126,leetcode,EASY,True
train,12128,codechef,VERY_HARD,True
train,12129,codewars,EASY,True
train,12130,codechef,EASY,True
train,12131,codechef,EASY,True
train,12134,atcoder,UNKNOWN_DIFFICULTY,False
train,12135,codeforces,MEDIUM,True
train,12136,geeksforgeeks,MEDIUM,True
train,12138,codewars,EASY,True
train,12139,codeforces,EASY,True
train,12140,aizu,UNKNOWN_DIFFICULTY,False
train,12142,hackerearth,EASY,False
train,12144,codeforces,EASY,True
train,12145,aizu,UNKNOWN_DIFFICULTY,False
train,12146,codechef,MEDIUM,True
train,12148,codeforces,EASY,True
train,12149,codechef,EASY,True
train,12150,hackerearth,EASY,False
train,12153,geeksforgeeks,EASY,True
train,12154,geeksforgeeks,MEDIUM_HARD,True
train,12155,codechef,VERY_HARD,True
train,12156,hackerearth,EASY,False
train,12158,aizu,UNKNOWN_DIFFICULTY,False
train,12159,geeksforgeeks,EASY,True
train,12160,hackerearth,EASY,False
train,12161,codeforces,EASY,True
train,12162,codeforces,EASY,True
train,12163,hackerearth,EASY,False
train,12164,geeksforgeeks,MEDIUM_HARD,True
train,12165,geeksforgeeks,EASY,True
train,12167,codeforces,VERY_HARD,True
train,12168,aizu,UNKNOWN_DIFFICULTY,False
train,12170,codeforces,MEDIUM,True
train,12171,atcoder,EASY,True
train,12172,atcoder,UNKNOWN_DIFFICULTY,False
train,12174,leetcode,MEDIUM,True
train,12175,codeforces,MEDIUM_HARD,True
train,12176,atcoder,UNKNOWN_DIFFICULTY,False
train,12177,geeksforgeeks,EASY,True
train,12178,codeforces,MEDIUM_HARD,True
train,12179,geeksforgeeks,EASY,True
train,12181,codeforces,MEDIUM_HARD,True
train,12182,codewars,EASY,True
train,12184,codechef,VERY_HARD,True
train,12185,hackerearth,EASY,False
train,12186,codewars,EASY,True
train,12187,geeksforgeeks,EASY,True
train,12188,codewars,EASY,True
train,12189,codewars,EASY,True
train,12191,codeforces,MEDIUM_HARD,True
train,12192,geeksforgeeks,EASY,True
train,12193,codeforces,MEDIUM,True
train,12194,geeksforgeeks,MEDIUM,True
train,12195,atcoder,VERY_HARD,True
train,12196,codeforces,HARD,True
train,12200,codeforces,MEDIUM_HARD,True
train,12201,codeforces,EASY,True
train,12202,codeforces,MEDIUM,True
train,12203,hackerearth,UNKNOWN_DIFFICULTY,False
train,12205,codeforces,EASY,True
train,12206,aizu,UNKNOWN_DIFFICULTY,False
train,12207,codeforces,HARD,True
train,12208,hackerearth,EASY,False
train,12209,hackerearth,MEDIUM,False
train,12210,hackerearth,UNKNOWN_DIFFICULTY,False
train,12211,codechef,HARD,True
train,12212,codewars,EASY,True
train,12214,leetcode,EASY,True
train,12216,atcoder,MEDIUM_HARD,True
train,12217,leetcode,MEDIUM_HARD,True
train,12218,codewars,EASY,True
train,12219,geeksforgeeks,MEDIUM,True
train,12221,codechef,MEDIUM_HARD,True
train,12222,codechef,MEDIUM_HARD,True
train,12223,geeksforgeeks,EASY,True
train,12224,codechef,MEDIUM_HARD,True
train,12227,codeforces,EASY,True
train,12228,hackerearth,UNKNOWN_DIFFICULTY,False
train,12230,hackerearth,EASY,False
train,12231,codeforces,MEDIUM_HARD,True
train,12232,codeforces,HARD,True
train,12233,codechef,EASY,True
train,12235,atcoder,EASY,True
train,12236,aizu,UNKNOWN_DIFFICULTY,False
train,12240,codewars,EASY,True
train,12241,atcoder,MEDIUM_HARD,True
train,12243,codeforces,EASY,True
train,12245,codeforces,EASY,True
train,12246,atcoder,EASY,True
train,12247,geeksforgeeks,EASY,True
train,12248,codewars,EASY,True
train,12249,codewars,EASY,True
train,12253,leetcode,EASY,True
train,12258,leetcode,MEDIUM_HARD,True
train,12260,codechef,MEDIUM,True
train,12262,hackerearth,EASY,False
train,12263,codeforces,MEDIUM,True
train,12264,codechef,MEDIUM,True
train,12265,geeksforgeeks,EASY,True
train,12267,codeforces,MEDIUM_HARD,True
train,12268,codeforces,EASY,True
train,12269,codeforces,EASY,True
train,12270,codeforces,HARD,True
train,12271,codeforces,HARD,True
train,12273,codeforces,HARD,True
train,12274,codewars,EASY,True
train,12275,aizu,UNKNOWN_DIFFICULTY,False
train,12276,codeforces,MEDIUM,True
train,12277,codechef,UNKNOWN_DIFFICULTY,True
train,12278,codewars,EASY,True
train,12279,geeksforgeeks,MEDIUM,True
train,12280,codeforces,MEDIUM_HARD,True
train,12281,hackerearth,UNKNOWN_DIFFICULTY,False
train,12282,codeforces,EASY,True
train,12283,codeforces,MEDIUM,True
train,12284,geeksforgeeks,EASY,True
train,12285,aizu,UNKNOWN_DIFFICULTY,False
train,12286,codewars,EASY,True
train,12287,geeksforgeeks,MEDIUM,True
train,12288,hackerearth,EASY,False
train,12289,codechef,HARD,True
train,12292,codeforces,MEDIUM,True
train,12293,aizu,UNKNOWN_DIFFICULTY,False
train,12295,codewars,EASY,True
train,12296,hackerearth,MEDIUM,False
train,12297,codeforces,MEDIUM,True
train,12298,geeksforgeeks,MEDIUM,True
train,12300,codeforces,MEDIUM,True
train,12303,hackerearth,UNKNOWN_DIFFICULTY,False
train,12304,atcoder,EASY,True
train,12305,atcoder,UNKNOWN_DIFFICULTY,False
train,12306,codechef,UNKNOWN_DIFFICULTY,True
train,12308,codeforces,EASY,True
train,12310,codechef,MEDIUM_HARD,True
train,12311,geeksforgeeks,EASY,True
train,12312,geeksforgeeks,EASY,True
train,12313,codeforces,HARD,True
train,12314,geeksforgeeks,MEDIUM,True
train,12315,codeforces,EASY,True
train,12316,codeforces,MEDIUM,True
train,12317,codeforces,MEDIUM,True
train,12318,codeforces,HARD,True
train,12319,codechef,HARD,True
train,12320,codechef,VERY_HARD,True
train,12322,codewars,EASY,True
train,12323,codewars,EASY,True
train,12325,codeforces,MEDIUM,True
train,12327,codechef,HARD,True
train,12328,codechef,UNKNOWN_DIFFICULTY,True
train,12330,codewars,EASY,True
train,12331,geeksforgeeks,MEDIUM,True
train,12332,codeforces,HARD,True
train,12333,geeksforgeeks,EASY,True
train,12334,codechef,UNKNOWN_DIFFICULTY,True
train,12335,geeksforgeeks,MEDIUM,True
train,12336,codeforces,MEDIUM,True
train,12338,codewars,EASY,True
train,12339,leetcode,EASY,True
train,12340,codewars,EASY,True
train,12341,codeforces,MEDIUM,True
train,12342,geeksforgeeks,EASY,True
train,12343,geeksforgeeks,MEDIUM,True
train,12344,geeksforgeeks,EASY,True
train,12345,codeforces,MEDIUM_HARD,True
train,12346,atcoder,EASY,True
train,12347,codechef,EASY,True
train,12349,codechef,EASY,True
train,12350,codewars,EASY,True
train,12351,codeforces,EASY,True
train,12352,codeforces,EASY,True
train,12353,codechef,VERY_HARD,True
train,12354,hackerearth,UNKNOWN_DIFFICULTY,False
train,12355,codeforces,EASY,True
train,12357,hackerearth,MEDIUM,False
train,12362,codeforces,HARD,True
train,12364,codeforces,MEDIUM_HARD,True
train,12367,codeforces,MEDIUM,True
train,12370,codewars,EASY,True
train,12371,codeforces,HARD,True
train,12373,hackerearth,UNKNOWN_DIFFICULTY,False
train,12374,codechef,UNKNOWN_DIFFICULTY,True
train,12377,codechef,UNKNOWN_DIFFICULTY,True
train,12378,atcoder,EASY,True
train,12379,codeforces,VERY_HARD,True
train,12381,atcoder,UNKNOWN_DIFFICULTY,False
train,12382,codeforces,VERY_HARD,True
train,12383,geeksforgeeks,EASY,True
train,12384,codeforces,MEDIUM,True
train,12385,hackerearth,EASY,False
train,12386,codeforces,EASY,True
train,12387,aizu,UNKNOWN_DIFFICULTY,False
train,12389,aizu,UNKNOWN_DIFFICULTY,False
train,12391,geeksforgeeks,EASY,True
train,12392,codeforces,EASY,True
train,12393,atcoder,HARD,True
train,12394,codeforces,EASY,True
train,12395,codechef,EASY,True
train,12396,leetcode,MEDIUM,True
train,12397,codeforces,EASY,True
train,12399,codechef,EASY,True
train,12400,codeforces,EASY,True
train,12401,codechef,UNKNOWN_DIFFICULTY,True
train,12404,geeksforgeeks,MEDIUM,True
train,12406,aizu,UNKNOWN_DIFFICULTY,False
train,12408,codewars,EASY,True
train,12409,codechef,EASY,True
train,12410,codeforces,EASY,True
train,12414,leetcode,MEDIUM,True
train,12415,codewars,EASY,True
train,12416,aizu,UNKNOWN_DIFFICULTY,False
train,12418,codewars,EASY,True
train,12419,codeforces,HARD,True
train,12421,codewars,EASY,True
train,12422,codewars,EASY,True
train,12424,leetcode,MEDIUM_HARD,True
train,12425,geeksforgeeks,MEDIUM,True
train,12427,codeforces,VERY_HARD,True
train,12428,codeforces,EASY,True
train,12429,codeforces,EASY,True
train,12431,codechef,MEDIUM,True
train,12432,codeforces,MEDIUM,True
train,12435,codeforces,HARD,True
train,12436,codeforces,VERY_HARD,True
train,12438,aizu,UNKNOWN_DIFFICULTY,False
train,12439,geeksforgeeks,EASY,True
train,12440,codeforces,EASY,True
train,12441,codewars,EASY,True
train,12442,codewars,EASY,True
train,12443,aizu,UNKNOWN_DIFFICULTY,False
train,12444,codechef,MEDIUM,True
train,12445,codeforces,HARD,True
train,12448,codeforces,UNKNOWN_DIFFICULTY,True
train,12449,codewars,EASY,True
train,12450,codewars,EASY,True
train,12451,geeksforgeeks,EASY,True
train,12452,aizu,UNKNOWN_DIFFICULTY,False
train,12453,codechef,UNKNOWN_DIFFICULTY,True
train,12454,codeforces,HARD,True
train,12455,atcoder,UNKNOWN_DIFFICULTY,False
train,12456,codeforces,EASY,True
train,12457,codewars,EASY,True
train,12458,codechef,EASY,True
train,12459,codeforces,VERY_HARD,True
train,12460,aizu,UNKNOWN_DIFFICULTY,False
train,12461,atcoder,UNKNOWN_DIFFICULTY,False
train,12463,hackerearth,UNKNOWN_DIFFICULTY,False
train,12464,codechef,HARD,True
train,12465,codeforces,MEDIUM_HARD,True
train,12466,codewars,EASY,True
train,12467,atcoder,UNKNOWN_DIFFICULTY,False
train,12469,codechef,MEDIUM_HARD,True
train,12470,codechef,HARD,True
train,12471,codewars,EASY,True
train,12474,codeforces,HARD,True
train,12475,hackerearth,EASY,False
train,12478,geeksforgeeks,EASY,True
train,12480,codeforces,HARD,True
train,12482,codewars,EASY,True
train,12483,codeforces,EASY,True
train,12484,codeforces,EASY,True
train,12485,aizu,UNKNOWN_DIFFICULTY,False
train,12486,codechef,EASY,True
train,12488,codechef,EASY,True
train,12491,aizu,UNKNOWN_DIFFICULTY,False
train,12492,codechef,UNKNOWN_DIFFICULTY,True
train,12493,codeforces,HARD,True
train,12495,leetcode,MEDIUM,True
train,12496,aizu,UNKNOWN_DIFFICULTY,False
train,12497,geeksforgeeks,EASY,True
train,12499,codeforces,MEDIUM,True
train,12501,codechef,MEDIUM,True
train,12503,atcoder,EASY,True
train,12504,atcoder,UNKNOWN_DIFFICULTY,False
train,12506,codechef,MEDIUM_HARD,True
train,12509,codewars,EASY,True
train,12512,geeksforgeeks,EASY,True
train,12513,aizu,UNKNOWN_DIFFICULTY,False
train,12514,codeforces,MEDIUM,True
train,12515,codewars,EASY,True
train,12516,codeforces,MEDIUM,True
train,12517,codechef,MEDIUM,True
train,12520,leetcode,EASY,True
train,12522,codechef,MEDIUM_HARD,True
train,12523,geeksforgeeks,EASY,True
train,12524,codewars,EASY,True
train,12525,geeksforgeeks,MEDIUM,True
train,12526,codeforces,EASY,True
train,12527,geeksforgeeks,MEDIUM,True
train,12530,codeforces,MEDIUM_HARD,True
train,12532,codewars,EASY,True
train,12533,aizu,UNKNOWN_DIFFICULTY,False
train,12534,codeforces,EASY,True
train,12536,leetcode,MEDIUM_HARD,True
train,12539,hackerearth,EASY,False
train,12541,atcoder,UNKNOWN_DIFFICULTY,False
train,12544,atcoder,UNKNOWN_DIFFICULTY,False
train,12546,geeksforgeeks,EASY,True
train,12548,codechef,UNKNOWN_DIFFICULTY,True
train,12550,geeksforgeeks,EASY,True
train,12551,geeksforgeeks,EASY,True
train,12552,hackerearth,EASY,False
train,12553,codewars,EASY,True
train,12554,atcoder,UNKNOWN_DIFFICULTY,False
train,12556,codewars,EASY,True
train,12558,codeforces,EASY,True
train,12560,geeksforgeeks,EASY,True
train,12563,codeforces,EASY,True
train,12564,atcoder,MEDIUM_HARD,True
train,12565,codewars,EASY,True
train,12566,codewars,EASY,True
train,12568,codeforces,EASY,True
train,12569,geeksforgeeks,MEDIUM,True
train,12570,codechef,HARD,True
train,12571,geeksforgeeks,EASY,True
train,12572,codewars,EASY,True
train,12573,geeksforgeeks,MEDIUM_HARD,True
train,12575,leetcode,MEDIUM_HARD,True
train,12576,codeforces,MEDIUM_HARD,True
train,12577,codeforces,EASY,True
train,12578,aizu,UNKNOWN_DIFFICULTY,False
train,12579,codeforces,MEDIUM_HARD,True
train,12581,codewars,EASY,True
train,12584,geeksforgeeks,EASY,True
train,12585,codeforces,EASY,True
train,12587,codeforces,HARD,True
train,12588,aizu,UNKNOWN_DIFFICULTY,False
train,12589,codewars,EASY,True
train,12591,codeforces,HARD,True
train,12593,codeforces,HARD,True
train,12594,codeforces,HARD,True
train,12595,codeforces,MEDIUM,True
train,12597,codeforces,MEDIUM_HARD,True
train,12598,codeforces,EASY,True
train,12602,codeforces,EASY,True
train,12605,codechef,EASY,True
train,12606,geeksforgeeks,MEDIUM,True
train,12607,codechef,UNKNOWN_DIFFICULTY,True
train,12608,codeforces,EASY,True
train,12609,codewars,EASY,True
train,12611,codeforces,EASY,True
train,12612,aizu,UNKNOWN_DIFFICULTY,False
train,12613,leetcode,EASY,True
train,12615,codeforces,HARD,True
train,12616,codeforces,MEDIUM,True
train,12617,codeforces,EASY,True
train,12618,codeforces,MEDIUM_HARD,True
train,12619,geeksforgeeks,EASY,True
train,12621,geeksforgeeks,EASY,True
train,12622,codechef,MEDIUM_HARD,True
train,12623,codewars,EASY,True
train,12624,codewars,EASY,True
train,12625,codechef,HARD,True
train,12626,codeforces,EASY,True
train,12627,aizu,UNKNOWN_DIFFICULTY,False
train,12630,codeforces,HARD,True
train,12631,codechef,UNKNOWN_DIFFICULTY,True
train,12632,atcoder,UNKNOWN_DIFFICULTY,False
train,12634,codeforces,HARD,True
train,12635,codeforces,MEDIUM,True
train,12638,codewars,EASY,True
train,12639,codewars,EASY,True
train,12640,atcoder,EASY,True
train,12641,codewars,EASY,True
train,12645,codewars,EASY,True
train,12646,leetcode,EASY,True
train,12647,hackerearth,MEDIUM,False
train,12648,codeforces,MEDIUM_HARD,True
train,12650,geeksforgeeks,EASY,True
train,12651,codeforces,MEDIUM_HARD,True
train,12652,codeforces,HARD,True
train,12653,codechef,MEDIUM_HARD,True
train,12654,codechef,UNKNOWN_DIFFICULTY,True
train,12656,atcoder,UNKNOWN_DIFFICULTY,False
train,12657,codeforces,HARD,True
train,12659,geeksforgeeks,EASY,True
train,12661,codeforces,HARD,True
train,12662,hackerearth,MEDIUM,False
train,12663,codechef,MEDIUM,True
train,12665,leetcode,MEDIUM_HARD,True
train,12666,codeforces,VERY_HARD,True
train,12667,codeforces,EASY,True
train,12669,codewars,EASY,True
train,12670,hackerearth,UNKNOWN_DIFFICULTY,False
train,12672,codeforces,HARD,True
train,12674,codeforces,MEDIUM,True
train,12675,geeksforgeeks,MEDIUM,True
train,12676,codeforces,MEDIUM_HARD,True
train,12678,codeforces,EASY,True
train,12679,codeforces,MEDIUM_HARD,True
train,12680,codeforces,MEDIUM,True
train,12681,leetcode,MEDIUM_HARD,True
train,12682,codewars,EASY,True
train,12683,codeforces,MEDIUM_HARD,True
train,12684,codeforces,EASY,True
train,12685,codeforces,EASY,True
train,12686,hackerearth,UNKNOWN_DIFFICULTY,False
train,12687,codewars,EASY,True
train,12688,codechef,EASY,True
train,12689,codechef,EASY,True
train,12691,geeksforgeeks,EASY,True
train,12692,leetcode,MEDIUM_HARD,True
train,12693,codeforces,HARD,True
train,12694,hackerearth,EASY,False
train,12695,codewars,EASY,True
train,12697,codeforces,HARD,True
train,12698,codewars,EASY,True
train,12700,codechef,VERY_HARD,True
train,12701,leetcode,MEDIUM,True
train,12702,aizu,UNKNOWN_DIFFICULTY,False
train,12703,codeforces,EASY,True
train,12704,codechef,VERY_HARD,True
train,12705,codewars,EASY,True
train,12707,codeforces,EASY,True
train,12709,codeforces,VERY_HARD,True
train,12711,hackerearth,UNKNOWN_DIFFICULTY,False
train,12712,atcoder,MEDIUM_HARD,True
train,12714,codechef,UNKNOWN_DIFFICULTY,True
train,12715,codeforces,HARD,True
train,12717,codeforces,HARD,True
train,12718,codeforces,EASY,True
train,12719,codewars,EASY,True
train,12720,geeksforgeeks,EASY,True
train,12721,codeforces,MEDIUM,True
train,12723,geeksforgeeks,MEDIUM,True
train,12724,geeksforgeeks,MEDIUM,True
train,12726,geeksforgeeks,EASY,True
train,12727,atcoder,VERY_HARD,True
train,12728,geeksforgeeks,EASY,True
train,12729,codeforces,HARD,True
train,12730,geeksforgeeks,EASY,True
train,12731,codeforces,VERY_HARD,True
train,12732,aizu,UNKNOWN_DIFFICULTY,False
train,12734,codechef,EASY,True
train,12735,geeksforgeeks,MEDIUM,True
train,12736,hackerearth,UNKNOWN_DIFFICULTY,False
train,12737,atcoder,UNKNOWN_DIFFICULTY,False
train,12738,codeforces,MEDIUM,True
train,12739,aizu,UNKNOWN_DIFFICULTY,False
train,12740,hackerearth,UNKNOWN_DIFFICULTY,False
train,12743,codechef,EASY,True
train,12746,atcoder,UNKNOWN_DIFFICULTY,False
train,12748,geeksforgeeks,EASY,True
train,12750,codewars,EASY,True
train,12751,codeforces,EASY,True
train,12752,hackerearth,UNKNOWN_DIFFICULTY,False
train,12753,atcoder,EASY,True
train,12754,codechef,HARD,True
train,12755,atcoder,HARD,True
train,12756,aizu,UNKNOWN_DIFFICULTY,False
train,12757,codeforces,EASY,True
train,12758,hackerearth,EASY,False
train,12759,codechef,UNKNOWN_DIFFICULTY,True
train,12760,leetcode,MEDIUM_HARD,True
train,12761,codeforces,EASY,True
train,12762,atcoder,EASY,True
train,12763,codechef,UNKNOWN_DIFFICULTY,True
train,12766,codeforces,EASY,True
train,12767,codewars,EASY,True
train,12768,hackerearth,EASY,False
train,12770,codewars,EASY,True
train,12771,geeksforgeeks,MEDIUM,True
train,12773,codeforces,HARD,True
train,12775,codechef,MEDIUM_HARD,True
train,12776,codechef,UNKNOWN_DIFFICULTY,True
train,12777,geeksforgeeks,EASY,True
train,12778,codeforces,VERY_HARD,True
train,12779,aizu,UNKNOWN_DIFFICULTY,False
train,12780,hackerearth,EASY,False
train,12781,hackerearth,UNKNOWN_DIFFICULTY,False
train,12782,hackerearth,UNKNOWN_DIFFICULTY,False
train,12785,atcoder,UNKNOWN_DIFFICULTY,False
train,12787,codeforces,EASY,True
train,12788,geeksforgeeks,EASY,True
train,12791,codeforces,MEDIUM,True
train,12792,codeforces,MEDIUM,True
train,12796,geeksforgeeks,EASY,True
train,12798,aizu,UNKNOWN_DIFFICULTY,False
train,12799,codechef,HARD,True
train,12800,atcoder,UNKNOWN_DIFFICULTY,False
train,12803,geeksforgeeks,EASY,True
train,12804,codeforces,EASY,True
train,12805,codeforces,EASY,True
train,12806,codewars,EASY,True
train,12807,codewars,EASY,True
train,12808,codeforces,HARD,True
train,12809,geeksforgeeks,MEDIUM,True
train,12810,codechef,MEDIUM_HARD,True
train,12811,codeforces,EASY,True
train,12812,codeforces,EASY,True
train,12815,codeforces,EASY,True
train,12816,codeforces,MEDIUM,True
train,12817,codeforces,HARD,True
train,12818,codechef,UNKNOWN_DIFFICULTY,True
train,12819,codeforces,EASY,True
train,12820,hackerearth,UNKNOWN_DIFFICULTY,False
train,12821,codechef,VERY_HARD,True
train,12822,codeforces,MEDIUM_HARD,True
train,12825,atcoder,HARD,True
train,12827,atcoder,EASY,True
train,12828,atcoder,UNKNOWN_DIFFICULTY,False
train,12829,hackerearth,UNKNOWN_DIFFICULTY,False
train,12831,aizu,UNKNOWN_DIFFICULTY,False
train,12834,codechef,VERY_HARD,True
train,12835,leetcode,MEDIUM_HARD,True
train,12837,codechef,MEDIUM,True
train,12838,codeforces,MEDIUM_HARD,True
train,12839,codeforces,MEDIUM_HARD,True
train,12840,aizu,UNKNOWN_DIFFICULTY,False
train,12841,codeforces,EASY,True
train,12842,codechef,MEDIUM_HARD,True
train,12843,atcoder,EASY,True
train,12846,codechef,HARD,True
train,12847,codeforces,EASY,True
train,12848,geeksforgeeks,MEDIUM,True
train,12851,codewars,EASY,True
train,12852,codeforces,HARD,True
train,12853,geeksforgeeks,EASY,True
train,12854,codeforces,EASY,True
train,12855,hackerearth,UNKNOWN_DIFFICULTY,False
train,12856,atcoder,EASY,True
train,12858,codeforces,HARD,True
train,12859,geeksforgeeks,EASY,True
train,12861,atcoder,MEDIUM_HARD,True
train,12862,geeksforgeeks,EASY,True
train,12863,codeforces,HARD,True
train,12864,geeksforgeeks,MEDIUM,True
train,12865,codeforces,EASY,True
train,12867,codeforces,VERY_HARD,True
train,12869,codewars,EASY,True
train,12870,hackerearth,UNKNOWN_DIFFICULTY,False
train,12871,codechef,UNKNOWN_DIFFICULTY,True
train,12874,codeforces,HARD,True
train,12876,codeforces,MEDIUM_HARD,True
train,12877,geeksforgeeks,MEDIUM_HARD,True
train,12879,aizu,UNKNOWN_DIFFICULTY,False
train,12881,leetcode,MEDIUM,True
train,12882,codeforces,MEDIUM_HARD,True
train,12884,codewars,EASY,True
train,12885,codeforces,MEDIUM_HARD,True
train,12887,codeforces,EASY,True
train,12888,codeforces,HARD,True
train,12890,atcoder,UNKNOWN_DIFFICULTY,False
train,12891,geeksforgeeks,EASY,True
train,12892,codeforces,MEDIUM,True
train,12893,codechef,EASY,True
train,12894,codeforces,EASY,True
train,12895,codechef,EASY,True
train,12896,codechef,UNKNOWN_DIFFICULTY,True
train,12897,hackerearth,EASY,False
train,12898,codewars,EASY,True
train,12899,codechef,EASY,True
train,12900,geeksforgeeks,EASY,True
train,12902,codeforces,MEDIUM,True
train,12903,geeksforgeeks,MEDIUM,True
train,12904,codeforces,EASY,True
train,12905,geeksforgeeks,EASY,True
train,12906,aizu,UNKNOWN_DIFFICULTY,False
train,12907,leetcode,MEDIUM,True
train,12909,codeforces,MEDIUM,True
train,12911,codechef,UNKNOWN_DIFFICULTY,True
train,12913,codeforces,HARD,True
train,12914,aizu,UNKNOWN_DIFFICULTY,False
train,12915,atcoder,EASY,True
train,12916,codeforces,MEDIUM_HARD,True
train,12917,aizu,UNKNOWN_DIFFICULTY,False
train,12918,aizu,UNKNOWN_DIFFICULTY,False
train,12919,hackerearth,EASY,False
train,12920,codechef,UNKNOWN_DIFFICULTY,True
train,12921,geeksforgeeks,EASY,True
train,12923,geeksforgeeks,MEDIUM,True
train,12924,codewars,EASY,True
train,12925,codewars,EASY,True
train,12926,geeksforgeeks,EASY,True
train,12927,geeksforgeeks,EASY,True
train,12930,codewars,EASY,True
train,12931,codeforces,MEDIUM,True
train,12932,codechef,EASY,True
train,12933,atcoder,UNKNOWN_DIFFICULTY,False
train,12934,codeforces,MEDIUM,True
train,12935,codewars,EASY,True
train,12936,leetcode,MEDIUM,True
train,12937,codechef,EASY,True
train,12938,codewars,EASY,True
train,12939,codeforces,HARD,True
train,12940,hackerearth,UNKNOWN_DIFFICULTY,False
train,12941,geeksforgeeks,MEDIUM,True
train,12943,codeforces,VERY_HARD,True
train,12944,codeforces,VERY_HARD,True
train,12945,hackerearth,EASY,False
train,12947,codeforces,MEDIUM_HARD,True
train,12950,geeksforgeeks,MEDIUM,True
train,12951,codeforces,EASY,True
train,12952,codewars,EASY,True
train,12953,codeforces,MEDIUM_HARD,True
train,12954,aizu,UNKNOWN_DIFFICULTY,False
train,12955,codeforces,EASY,True
train,12956,codeforces,EASY,True
train,12957,codeforces,EASY,True
train,12958,geeksforgeeks,MEDIUM,True
train,12959,codeforces,HARD,True
train,12962,codewars,EASY,True
train,12965,codechef,EASY,True
train,12967,geeksforgeeks,MEDIUM_HARD,True
train,12968,geeksforgeeks,EASY,True
train,12970,aizu,UNKNOWN_DIFFICULTY,False
train,12971,codeforces,EASY,True
train,12972,codewars,EASY,True
train,12973,atcoder,UNKNOWN_DIFFICULTY,False
train,12974,leetcode,MEDIUM,True
train,12975,atcoder,EASY,True
train,12976,codeforces,MEDIUM,True
train,12977,geeksforgeeks,EASY,True
train,12978,codeforces,MEDIUM,True
train,12980,aizu,UNKNOWN_DIFFICULTY,False
train,12981,geeksforgeeks,EASY,True
train,12983,codeforces,VERY_HARD,True
train,12986,codeforces,MEDIUM,True
train,12987,codechef,HARD,True
train,12990,geeksforgeeks,EASY,True
train,12992,geeksforgeeks,EASY,True
train,12994,codewars,EASY,True
train,12995,codeforces,MEDIUM_HARD,True
train,12998,aizu,UNKNOWN_DIFFICULTY,False
train,13003,aizu,UNKNOWN_DIFFICULTY,False
train,13004,hackerearth,UNKNOWN_DIFFICULTY,False
train,13005,codechef,MEDIUM,True
train,13006,codechef,UNKNOWN_DIFFICULTY,True
train,13007,codewars,EASY,True
train,13008,codewars,EASY,True
train,13009,codechef,UNKNOWN_DIFFICULTY,True
train,13010,hackerearth,EASY,False
train,13013,codewars,EASY,True
train,13015,codeforces,VERY_HARD,True
train,13016,atcoder,EASY,True
train,13018,codeforces,MEDIUM_HARD,True
train,13019,aizu,UNKNOWN_DIFFICULTY,False
train,13023,codeforces,HARD,True
train,13025,codeforces,EASY,True
train,13027,codeforces,EASY,True
train,13028,atcoder,UNKNOWN_DIFFICULTY,False
train,13029,codewars,EASY,True
train,13030,codeforces,HARD,True
train,13032,codechef,MEDIUM_HARD,True
train,13033,codeforces,MEDIUM_HARD,True
train,13034,codewars,EASY,True
train,13035,geeksforgeeks,EASY,True
train,13036,codeforces,EASY,True
train,13037,codeforces,MEDIUM_HARD,True
train,13039,codeforces,MEDIUM_HARD,True
train,13042,leetcode,MEDIUM,True
train,13043,codeforces,VERY_HARD,True
train,13045,codechef,EASY,True
train,13046,codeforces,MEDIUM_HARD,True
train,13047,hackerearth,EASY,False
train,13050,codechef,MEDIUM,True
train,13052,codeforces,HARD,True
train,13053,aizu,UNKNOWN_DIFFICULTY,False
train,13054,codewars,EASY,True
train,13055,codeforces,EASY,True
train,13056,geeksforgeeks,EASY,True
train,13057,hackerearth,UNKNOWN_DIFFICULTY,False
train,13058,aizu,UNKNOWN_DIFFICULTY,False
train,13060,codechef,VERY_HARD,True
train,13064,geeksforgeeks,EASY,True
train,13065,codechef,HARD,True
train,13066,codeforces,HARD,True
train,13067,codeforces,MEDIUM_HARD,True
train,13068,aizu,UNKNOWN_DIFFICULTY,False
train,13070,atcoder,UNKNOWN_DIFFICULTY,False
train,13071,hackerearth,EASY,False
train,13072,geeksforgeeks,EASY,True
train,13073,codeforces,EASY,True
train,13077,codechef,UNKNOWN_DIFFICULTY,True
train,13079,codechef,UNKNOWN_DIFFICULTY,True
train,13083,codeforces,MEDIUM,True
train,13084,aizu,UNKNOWN_DIFFICULTY,False
train,13085,codeforces,HARD,True
train,13086,codeforces,MEDIUM_HARD,True
train,13087,codeforces,VERY_HARD,True
train,13090,atcoder,UNKNOWN_DIFFICULTY,False
train,13092,geeksforgeeks,EASY,True
train,13098,aizu,UNKNOWN_DIFFICULTY,False
train,13101,codeforces,MEDIUM,True
train,13103,geeksforgeeks,MEDIUM,True
train,13104,codeforces,MEDIUM_HARD,True
train,13105,atcoder,MEDIUM,True
train,13106,codewars,EASY,True
train,13109,codewars,EASY,True
train,13110,codeforces,MEDIUM,True
train,13113,atcoder,UNKNOWN_DIFFICULTY,False
train,13114,leetcode,EASY,True
train,13115,codeforces,HARD,True
train,13116,atcoder,EASY,True
train,13117,geeksforgeeks,EASY,True
train,13118,codeforces,EASY,True
train,13119,codeforces,EASY,True
train,13120,codeforces,MEDIUM,True
train,13123,geeksforgeeks,MEDIUM,True
train,13124,atcoder,MEDIUM_HARD,True
train,13125,codeforces,EASY,True
train,13126,codewars,EASY,True
train,13127,atcoder,UNKNOWN_DIFFICULTY,False
train,13128,codechef,MEDIUM_HARD,True
train,13129,codechef,UNKNOWN_DIFFICULTY,True
train,13131,geeksforgeeks,MEDIUM_HARD,True
train,13132,codechef,EASY,True
train,13133,leetcode,MEDIUM_HARD,True
train,13134,geeksforgeeks,EASY,True
train,13136,codechef,EASY,True
train,13137,atcoder,EASY,True
train,13139,codewars,EASY,True
train,13140,codechef,MEDIUM_HARD,True
train,13141,codewars,EASY,True
train,13142,geeksforgeeks,EASY,True
train,13144,codeforces,EASY,True
train,13145,codewars,EASY,True
train,13146,geeksforgeeks,EASY,True
train,13147,aizu,UNKNOWN_DIFFICULTY,False
train,13148,codeforces,MEDIUM,True
train,13149,codewars,EASY,True
train,13150,codechef,MEDIUM_HARD,True
train,13151,codeforces,MEDIUM_HARD,True
train,13153,codeforces,EASY,True
train,13156,codechef,MEDIUM_HARD,True
train,13157,codeforces,VERY_HARD,True
train,13158,codeforces,EASY,True
train,13160,codeforces,HARD,True
train,13161,codeforces,EASY,True
train,13164,aizu,UNKNOWN_DIFFICULTY,False
train,13165,leetcode,MEDIUM_HARD,True
train,13166,codewars,EASY,True
train,13168,atcoder,MEDIUM,True
train,13169,geeksforgeeks,EASY,True
train,13170,codeforces,EASY,True
train,13171,codechef,UNKNOWN_DIFFICULTY,True
train,13173,codeforces,MEDIUM,True
train,13174,codechef,UNKNOWN_DIFFICULTY,True
train,13176,codewars,EASY,True
train,13178,codechef,VERY_HARD,True
train,13179,codeforces,VERY_HARD,True
train,13183,codewars,EASY,True
train,13185,codewars,EASY,True
train,13186,codeforces,HARD,True
train,13187,geeksforgeeks,EASY,True
train,13190,atcoder,MEDIUM,True
train,13191,codewars,EASY,True
train,13192,codeforces,EASY,True
train,13193,codeforces,MEDIUM,True
train,13194,codeforces,EASY,True
train,13195,codeforces,EASY,True
train,13198,codeforces,EASY,True
train,13200,codechef,EASY,True
train,13201,geeksforgeeks,EASY,True
train,13202,atcoder,EASY,True
train,13203,codeforces,EASY,True
train,13204,codechef,UNKNOWN_DIFFICULTY,True
train,13205,codewars,EASY,True
train,13206,geeksforgeeks,EASY,True
train,13208,atcoder,MEDIUM_HARD,True
train,13209,atcoder,EASY,True
train,13210,codeforces,EASY,True
train,13211,codeforces,EASY,True
train,13212,codechef,UNKNOWN_DIFFICULTY,True
train,13214,aizu,UNKNOWN_DIFFICULTY,False
train,13215,aizu,UNKNOWN_DIFFICULTY,False
train,13216,codechef,HARD,True
train,13217,leetcode,EASY,True
train,13218,aizu,UNKNOWN_DIFFICULTY,False
train,13219,codechef,UNKNOWN_DIFFICULTY,True
train,13220,codeforces,HARD,True
train,13221,codechef,EASY,True
train,13222,codewars,EASY,True
train,13224,aizu,UNKNOWN_DIFFICULTY,False
train,13226,codechef,HARD,True
train,13227,codechef,EASY,True
train,13229,atcoder,EASY,True
train,13231,codeforces,MEDIUM_HARD,True
train,13232,geeksforgeeks,EASY,True
train,13233,codeforces,VERY_HARD,True
train,13234,hackerearth,EASY,False
train,13235,geeksforgeeks,EASY,True
train,13236,codewars,EASY,True
train,13237,geeksforgeeks,EASY,True
train,13240,codewars,EASY,True
train,13241,codeforces,EASY,True
train,13243,geeksforgeeks,EASY,True
train,13246,geeksforgeeks,EASY,True
train,13248,codechef,EASY,True
train,13250,codechef,MEDIUM,True
train,13251,codeforces,MEDIUM_HARD,True
train,13253,hackerearth,MEDIUM,False
train,13256,codewars,EASY,True
train,13257,codeforces,EASY,True
train,13259,geeksforgeeks,EASY,True
train,13260,aizu,UNKNOWN_DIFFICULTY,False
train,13261,geeksforgeeks,MEDIUM,True
train,13262,codechef,VERY_HARD,True
train,13263,geeksforgeeks,MEDIUM,True
train,13265,codeforces,HARD,True
train,13266,geeksforgeeks,EASY,True
train,13267,geeksforgeeks,EASY,True
train,13268,codechef,UNKNOWN_DIFFICULTY,True
train,13269,codechef,VERY_HARD,True
train,13272,geeksforgeeks,MEDIUM,True
train,13274,codewars,EASY,True
train,13275,codeforces,EASY,True
train,13276,geeksforgeeks,EASY,True
train,13278,codeforces,MEDIUM_HARD,True
train,13279,geeksforgeeks,EASY,True
train,13283,codeforces,EASY,True
train,13284,hackerearth,UNKNOWN_DIFFICULTY,False
train,13285,codechef,UNKNOWN_DIFFICULTY,True
train,13286,aizu,UNKNOWN_DIFFICULTY,False
train,13287,aizu,UNKNOWN_DIFFICULTY,False
train,13288,codewars,EASY,True
train,13289,codeforces,MEDIUM,True
train,13292,codeforces,EASY,True
train,13293,hackerearth,UNKNOWN_DIFFICULTY,False
train,13295,hackerearth,EASY,False
train,13296,codechef,HARD,True
train,13297,geeksforgeeks,EASY,True
train,13298,codechef,EASY,True
train,13301,codeforces,HARD,True
train,13304,codewars,EASY,True
train,13305,codeforces,MEDIUM,True
train,13306,geeksforgeeks,EASY,True
train,13308,geeksforgeeks,EASY,True
train,13309,codeforces,MEDIUM_HARD,True
train,13310,codeforces,VERY_HARD,True
train,13313,hackerearth,EASY,False
train,13314,codeforces,MEDIUM_HARD,True
train,13315,geeksforgeeks,EASY,True
train,13318,geeksforgeeks,MEDIUM,True
train,13319,codechef,MEDIUM_HARD,True
train,13320,codewars,EASY,True
train,13321,codewars,EASY,True
train,13322,codeforces,VERY_HARD,True
train,13323,codeforces,EASY,True
train,13324,atcoder,EASY,True
train,13327,codeforces,HARD,True
train,13329,codechef,VERY_HARD,True
train,13330,codechef,MEDIUM,True
train,13331,codechef,EASY,True
train,13334,codechef,EASY,True
train,13336,atcoder,UNKNOWN_DIFFICULTY,False
train,13338,codewars,EASY,True
train,13340,codeforces,VERY_HARD,True
train,13343,geeksforgeeks,EASY,True
train,13345,codechef,HARD,True
train,13346,aizu,UNKNOWN_DIFFICULTY,False
train,13348,geeksforgeeks,MEDIUM_HARD,True
train,13351,geeksforgeeks,EASY,True
train,13353,codeforces,EASY,True
train,13354,codeforces,HARD,True
train,13355,codechef,EASY,True
train,13357,geeksforgeeks,EASY,True
train,13359,codechef,MEDIUM_HARD,True
train,13360,codechef,EASY,True
train,13361,codewars,EASY,True
train,13362,codeforces,EASY,True
train,13364,aizu,UNKNOWN_DIFFICULTY,False
train,13365,geeksforgeeks,EASY,True
train,13368,codechef,EASY,True
train,13369,codechef,UNKNOWN_DIFFICULTY,True
train,13372,codechef,EASY,True
train,13373,codechef,MEDIUM_HARD,True
train,13374,codechef,EASY,True
train,13376,geeksforgeeks,MEDIUM,True
train,13378,codechef,EASY,True
train,13379,codechef,MEDIUM_HARD,True
train,13380,hackerearth,EASY,False
train,13381,codeforces,HARD,True
train,13382,aizu,UNKNOWN_DIFFICULTY,False
train,13383,aizu,UNKNOWN_DIFFICULTY,False
train,13384,leetcode,MEDIUM_HARD,True
train,13385,atcoder,MEDIUM,True
train,13386,codeforces,VERY_HARD,True
train,13388,codewars,EASY,True
train,13389,codeforces,MEDIUM,True
train,13390,geeksforgeeks,MEDIUM,True
train,13392,aizu,UNKNOWN_DIFFICULTY,False
train,13393,codeforces,VERY_HARD,True
train,13394,hackerearth,MEDIUM,False
train,13397,aizu,UNKNOWN_DIFFICULTY,False
train,13398,codeforces,EASY,True
train,13399,geeksforgeeks,MEDIUM,True
train,13400,aizu,UNKNOWN_DIFFICULTY,False
train,13401,leetcode,EASY,True
train,13402,geeksforgeeks,EASY,True
train,13406,codeforces,EASY,True
train,13407,aizu,UNKNOWN_DIFFICULTY,False
train,13408,codechef,MEDIUM,True
train,13409,geeksforgeeks,EASY,True
train,13410,codewars,EASY,True
train,13411,codeforces,MEDIUM,True
train,13414,codeforces,MEDIUM,True
train,13417,codeforces,EASY,True
train,13418,leetcode,MEDIUM,True
train,13419,codeforces,EASY,True
train,13420,leetcode,MEDIUM_HARD,True
train,13421,geeksforgeeks,EASY,True
train,13422,codechef,EASY,True
train,13423,codeforces,MEDIUM,True
train,13424,codeforces,HARD,True
train,13425,codeforces,MEDIUM,True
train,13426,codewars,EASY,True
train,13427,codeforces,MEDIUM_HARD,True
train,13428,codechef,EASY,True
train,13429,codeforces,HARD,True
train,13432,codeforces,EASY,True
train,13435,geeksforgeeks,EASY,True
train,13436,aizu,UNKNOWN_DIFFICULTY,False
train,13437,codeforces,MEDIUM_HARD,True
train,13439,codeforces,EASY,True
train,13441,codechef,EASY,True
train,13442,codeforces,HARD,True
train,13443,hackerearth,UNKNOWN_DIFFICULTY,False
train,13444,codeforces,EASY,True
train,13446,hackerearth,EASY,False
train,13448,codeforces,HARD,True
train,13451,codeforces,EASY,True
train,13452,geeksforgeeks,EASY,True
train,13453,codechef,MEDIUM_HARD,True
train,13454,codechef,MEDIUM,True
train,13456,geeksforgeeks,MEDIUM,True
train,13457,codeforces,HARD,True
train,13458,aizu,UNKNOWN_DIFFICULTY,False
train,13459,atcoder,UNKNOWN_DIFFICULTY,False
train,13460,codeforces,EASY,True
train,13461,codeforces,MEDIUM_HARD,True
train,13463,codeforces,HARD,True
train,13464,codeforces,MEDIUM_HARD,True
train,13466,codechef,UNKNOWN_DIFFICULTY,True
train,13470,leetcode,MEDIUM_HARD,True
train,13472,codeforces,EASY,True
train,13473,codechef,UNKNOWN_DIFFICULTY,True
train,13474,hackerearth,EASY,False
train,13476,atcoder,UNKNOWN_DIFFICULTY,False
train,13477,atcoder,EASY,True
train,13478,codeforces,EASY,True
train,13479,aizu,UNKNOWN_DIFFICULTY,False
train,13480,geeksforgeeks,EASY,True
train,13481,leetcode,MEDIUM,True
train,13482,codewars,EASY,True
train,13483,codeforces,MEDIUM_HARD,True
train,13484,geeksforgeeks,MEDIUM_HARD,True
train,13486,geeksforgeeks,EASY,True
train,13488,codechef,EASY,True
train,13489,geeksforgeeks,MEDIUM,True
train,13492,codeforces,EASY,True
train,13495,leetcode,EASY,True
train,13496,geeksforgeeks,MEDIUM,True
train,13497,codechef,MEDIUM_HARD,True
train,13498,codeforces,EASY,True
train,13503,codeforces,EASY,True
train,13504,codeforces,MEDIUM_HARD,True
train,13505,codeforces,MEDIUM_HARD,True
train,13506,codeforces,MEDIUM,True
train,13508,codeforces,MEDIUM_HARD,True
train,13512,codeforces,EASY,True
train,13514,codeforces,MEDIUM,True
train,13515,leetcode,EASY,True
train,13516,codeforces,MEDIUM,True
train,13517,codeforces,EASY,True
train,13519,leetcode,EASY,True
train,13520,geeksforgeeks,EASY,True
train,13521,codechef,MEDIUM,True
train,13522,aizu,UNKNOWN_DIFFICULTY,False
train,13523,codewars,EASY,True
train,13524,codewars,EASY,True
train,13526,codechef,HARD,True
train,13528,codeforces,HARD,True
train,13530,geeksforgeeks,EASY,True
train,13533,codeforces,MEDIUM,True
train,13536,codeforces,UNKNOWN_DIFFICULTY,True
train,13537,codewars,EASY,True
train,13538,aizu,UNKNOWN_DIFFICULTY,False
train,13539,hackerearth,EASY,False
train,13540,codeforces,MEDIUM_HARD,True
train,13541,codeforces,EASY,True
train,13543,aizu,UNKNOWN_DIFFICULTY,False
train,13544,codeforces,EASY,True
train,13546,codewars,MEDIUM_HARD,True
train,13547,aizu,UNKNOWN_DIFFICULTY,False
train,13549,atcoder,UNKNOWN_DIFFICULTY,False
train,13550,codeforces,HARD,True
train,13552,geeksforgeeks,EASY,True
train,13553,atcoder,UNKNOWN_DIFFICULTY,False
train,13556,aizu,UNKNOWN_DIFFICULTY,False
train,13559,codeforces,EASY,True
train,13560,codewars,EASY,True
train,13564,codechef,HARD,True
train,13565,codechef,UNKNOWN_DIFFICULTY,True
train,13566,atcoder,UNKNOWN_DIFFICULTY,False
train,13567,geeksforgeeks,MEDIUM,True
train,13571,aizu,UNKNOWN_DIFFICULTY,False
train,13572,codeforces,HARD,True
train,13574,geeksforgeeks,EASY,True
train,13575,codeforces,MEDIUM_HARD,True
train,13576,codeforces,EASY,True
train,13577,codeforces,VERY_HARD,True
train,13581,codeforces,EASY,True
train,13583,codechef,MEDIUM_HARD,True
train,13584,atcoder,EASY,True
train,13585,leetcode,MEDIUM,True
train,13587,aizu,UNKNOWN_DIFFICULTY,False
train,13590,codechef,UNKNOWN_DIFFICULTY,True
train,13593,codewars,EASY,True
train,13594,codeforces,HARD,True
train,13596,codeforces,EASY,True
train,13597,aizu,UNKNOWN_DIFFICULTY,False
train,13598,codeforces,HARD,True
train,13601,leetcode,MEDIUM_HARD,True
train,13602,hackerearth,EASY,False
train,13604,codechef,UNKNOWN_DIFFICULTY,True
train,13606,codeforces,VERY_HARD,True
train,13607,codewars,EASY,True
train,13608,geeksforgeeks,EASY,True
train,13610,leetcode,MEDIUM_HARD,True
train,13614,aizu,UNKNOWN_DIFFICULTY,False
train,13615,geeksforgeeks,EASY,True
train,13617,aizu,UNKNOWN_DIFFICULTY,False
train,13619,codewars,EASY,True
train,13622,codeforces,EASY,True
train,13623,codeforces,MEDIUM_HARD,True
train,13624,geeksforgeeks,EASY,True
train,13625,codeforces,MEDIUM_HARD,True
train,13626,hackerearth,EASY,False
train,13627,codechef,MEDIUM_HARD,True
train,13628,atcoder,EASY,True
train,13629,codeforces,HARD,True
train,13630,codeforces,HARD,True
train,13633,aizu,UNKNOWN_DIFFICULTY,False
train,13634,codechef,UNKNOWN_DIFFICULTY,True
train,13635,geeksforgeeks,EASY,True
train,13636,codeforces,EASY,True
train,13637,codechef,MEDIUM_HARD,True
train,13638,geeksforgeeks,EASY,True
train,13640,codewars,EASY,True
train,13642,codeforces,HARD,True
train,13646,codewars,EASY,True
train,13647,codeforces,MEDIUM_HARD,True
train,13648,codeforces,EASY,True
train,13649,codeforces,HARD,True
train,13650,codeforces,EASY,True
train,13651,aizu,UNKNOWN_DIFFICULTY,False
train,13652,geeksforgeeks,EASY,True
train,13653,hackerearth,UNKNOWN_DIFFICULTY,False
train,13654,codeforces,HARD,True
train,13655,hackerearth,EASY,False
train,13656,atcoder,UNKNOWN_DIFFICULTY,False
train,13658,codeforces,MEDIUM,True
train,13660,geeksforgeeks,MEDIUM_HARD,True
train,13661,codechef,EASY,True
train,13662,aizu,UNKNOWN_DIFFICULTY,False
train,13664,hackerearth,EASY,False
train,13667,codeforces,VERY_HARD,True
train,13668,atcoder,EASY,True
train,13669,codeforces,MEDIUM_HARD,True
train,13670,codeforces,EASY,True
train,13671,atcoder,EASY,True
train,13672,codechef,EASY,True
train,13673,aizu,UNKNOWN_DIFFICULTY,False
train,13674,codeforces,HARD,True
train,13675,codeforces,MEDIUM_HARD,True
train,13678,geeksforgeeks,EASY,True
train,13679,codechef,HARD,True
train,13680,codeforces,EASY,True
train,13682,codeforces,VERY_HARD,True
train,13683,codechef,EASY,True
train,13684,codewars,EASY,True
train,13685,atcoder,MEDIUM,True
train,13686,codechef,MEDIUM_HARD,True
train,13688,codewars,EASY,True
train,13690,codewars,EASY,True
train,13691,leetcode,EASY,True
train,13692,aizu,UNKNOWN_DIFFICULTY,False
train,13695,codeforces,HARD,True
train,13697,geeksforgeeks,MEDIUM,True
train,13698,codewars,EASY,True
train,13702,codeforces,HARD,True
train,13704,codechef,MEDIUM,True
train,13706,geeksforgeeks,MEDIUM,True
train,13707,codewars,EASY,True
train,13708,aizu,UNKNOWN_DIFFICULTY,False
train,13709,codewars,EASY,True
train,13711,codeforces,HARD,True
train,13712,codechef,MEDIUM_HARD,True
train,13713,codeforces,EASY,True
train,13714,geeksforgeeks,EASY,True
train,13716,codeforces,EASY,True
train,13718,codeforces,MEDIUM,True
train,13720,codeforces,VERY_HARD,True
train,13721,codechef,MEDIUM,True
train,13722,geeksforgeeks,EASY,True
train,13723,codeforces,MEDIUM,True
train,13724,codeforces,MEDIUM,True
train,13725,geeksforgeeks,EASY,True
train,13728,codewars,EASY,True
train,13730,hackerearth,MEDIUM,False
train,13731,codechef,EASY,True
train,13733,geeksforgeeks,EASY,True
train,13734,codewars,EASY,True
train,13735,codeforces,EASY,True
train,13737,codechef,EASY,True
train,13739,geeksforgeeks,EASY,True
train,13742,codeforces,HARD,True
train,13743,leetcode,MEDIUM,True
train,13744,geeksforgeeks,MEDIUM,True
train,13745,hackerearth,EASY,False
train,13746,hackerearth,EASY,False
train,13747,leetcode,MEDIUM_HARD,True
train,13750,codechef,VERY_HARD,True
train,13751,codechef,EASY,True
train,13752,atcoder,UNKNOWN_DIFFICULTY,False
train,13753,codeforces,VERY_HARD,True
train,13755,geeksforgeeks,EASY,True
train,13756,geeksforgeeks,EASY,True
train,13757,codeforces,MEDIUM_HARD,True
train,13758,codewars,EASY,True
train,13759,hackerearth,UNKNOWN_DIFFICULTY,False
train,13760,codeforces,EASY,True
train,13761,codeforces,EASY,True
train,13766,geeksforgeeks,EASY,True
train,13767,codechef,HARD,True
train,13768,leetcode,MEDIUM,True
train,13769,codeforces,MEDIUM,True
train,13770,codeforces,MEDIUM_HARD,True
train,13777,codeforces,MEDIUM_HARD,True
train,13778,codeforces,MEDIUM_HARD,True
train,13779,hackerearth,UNKNOWN_DIFFICULTY,False
train,13780,codewars,EASY,True
train,13781,codechef,EASY,True
train,13782,codewars,EASY,True
train,13783,geeksforgeeks,EASY,True
train,13784,codechef,MEDIUM,True
train,13785,aizu,UNKNOWN_DIFFICULTY,False
train,13787,codechef,EASY,True
train,13789,codeforces,EASY,True
train,13791,codeforces,MEDIUM_HARD,True
train,13792,codewars,EASY,True
train,13793,atcoder,UNKNOWN_DIFFICULTY,False
train,13794,geeksforgeeks,EASY,True
train,13795,geeksforgeeks,EASY,True
train,13796,codeforces,EASY,True
train,13797,codeforces,HARD,True
train,13800,hackerearth,UNKNOWN_DIFFICULTY,False
train,13801,hackerearth,EASY,False
train,13802,codeforces,EASY,True
train,13804,codeforces,EASY,True
train,13806,codewars,EASY,True
train,13807,codeforces,EASY,True
train,13808,geeksforgeeks,EASY,True
train,13809,codeforces,HARD,True
train,13811,geeksforgeeks,EASY,True
train,13813,codeforces,EASY,True
train,13814,codechef,EASY,True
train,13815,geeksforgeeks,EASY,True
train,13816,geeksforgeeks,MEDIUM,True
train,13818,codeforces,VERY_HARD,True
train,13819,aizu,UNKNOWN_DIFFICULTY,False
train,13820,codewars,EASY,True
train,13822,codeforces,EASY,True
train,13824,codewars,EASY,True
train,13827,codechef,UNKNOWN_DIFFICULTY,True
train,13829,geeksforgeeks,EASY,True
train,13830,geeksforgeeks,MEDIUM,True
train,13833,geeksforgeeks,EASY,True
train,13835,atcoder,EASY,True
train,13836,codewars,EASY,True
train,13837,codewars,EASY,True
train,13838,codeforces,EASY,True
train,13840,hackerearth,MEDIUM,False
train,13842,codeforces,MEDIUM,True
train,13843,codeforces,EASY,True
train,13844,codeforces,MEDIUM_HARD,True
train,13845,codeforces,MEDIUM,True
train,13846,codeforces,EASY,True
train,13849,atcoder,UNKNOWN_DIFFICULTY,False
train,13850,geeksforgeeks,EASY,True
train,13851,geeksforgeeks,EASY,True
train,13852,codechef,EASY,True
train,13854,geeksforgeeks,EASY,True
train,13855,codeforces,MEDIUM_HARD,True
train,13856,codewars,EASY,True
train,13858,codechef,UNKNOWN_DIFFICULTY,True
train,13860,codewars,MEDIUM_HARD,True
train,13864,codechef,EASY,True
train,13866,leetcode,MEDIUM,True
train,13867,codeforces,MEDIUM_HARD,True
train,13868,codewars,EASY,True
train,13870,geeksforgeeks,EASY,True
train,13872,hackerearth,UNKNOWN_DIFFICULTY,False
train,13873,codeforces,EASY,True
train,13874,leetcode,EASY,True
train,13875,hackerearth,EASY,False
train,13876,aizu,UNKNOWN_DIFFICULTY,False
train,13879,codeforces,MEDIUM,True
train,13881,aizu,UNKNOWN_DIFFICULTY,False
train,13882,leetcode,MEDIUM,True
train,13883,codeforces,MEDIUM_HARD,True
train,13886,geeksforgeeks,EASY,True
train,13887,geeksforgeeks,EASY,True
train,13888,leetcode,EASY,True
train,13889,geeksforgeeks,MEDIUM,True
train,13890,codeforces,MEDIUM,True
train,13891,codechef,EASY,True
train,13894,geeksforgeeks,EASY,True
train,13895,codeforces,HARD,True
train,13896,atcoder,UNKNOWN_DIFFICULTY,False
train,13897,atcoder,EASY,True
train,13898,aizu,UNKNOWN_DIFFICULTY,False
train,13899,hackerearth,EASY,False
train,13902,codeforces,MEDIUM_HARD,True
train,13904,geeksforgeeks,EASY,True
train,13905,geeksforgeeks,MEDIUM_HARD,True
train,13906,atcoder,MEDIUM_HARD,True
train,13907,leetcode,EASY,True
train,13909,geeksforgeeks,EASY,True
train,13912,codeforces,HARD,True
train,13913,codewars,EASY,True
train,13914,geeksforgeeks,MEDIUM_HARD,True
train,13915,hackerearth,EASY,False
train,13917,hackerearth,EASY,False
train,13918,aizu,UNKNOWN_DIFFICULTY,False
train,13919,geeksforgeeks,EASY,True
train,13920,codeforces,MEDIUM,True
train,13921,codewars,EASY,True
train,13922,codeforces,EASY,True
train,13923,codeforces,EASY,True
train,13925,geeksforgeeks,EASY,True
train,13926,codeforces,EASY,True
train,13927,codechef,MEDIUM,True
train,13928,codechef,HARD,True
train,13929,codewars,EASY,True
train,13930,codewars,EASY,True
train,13931,codeforces,EASY,True
train,13932,geeksforgeeks,EASY,True
train,13933,hackerearth,EASY,False
train,13934,codeforces,EASY,True
train,13935,codewars,EASY,True
train,13936,codeforces,EASY,True
train,13937,codeforces,HARD,True
train,13938,codewars,EASY,True
train,13939,aizu,UNKNOWN_DIFFICULTY,False
train,13943,codeforces,EASY,True
train,13944,codechef,MEDIUM_HARD,True
train,13945,codechef,UNKNOWN_DIFFICULTY,True
train,13946,hackerearth,EASY,False
train,13947,geeksforgeeks,EASY,True
train,13948,codeforces,HARD,True
train,13949,codeforces,MEDIUM,True
train,13951,geeksforgeeks,MEDIUM,True
train,13953,codechef,MEDIUM_HARD,True
train,13954,codeforces,EASY,True
train,13956,hackerearth,UNKNOWN_DIFFICULTY,False
train,13959,codewars,EASY,True
train,13961,codeforces,EASY,True
train,13962,aizu,UNKNOWN_DIFFICULTY,False
train,13963,codeforces,VERY_HARD,True
train,13964,codechef,EASY,True
train,13965,codeforces,HARD,True
train,13966,codechef,UNKNOWN_DIFFICULTY,True
train,13967,codeforces,HARD,True
train,13970,geeksforgeeks,EASY,True
train,13971,atcoder,MEDIUM,True
train,13973,codeforces,MEDIUM,True
train,13974,codechef,UNKNOWN_DIFFICULTY,True
train,13975,codechef,UNKNOWN_DIFFICULTY,True
train,13976,geeksforgeeks,MEDIUM,True
train,13978,atcoder,VERY_HARD,True
train,13979,codechef,UNKNOWN_DIFFICULTY,True
train,13980,aizu,UNKNOWN_DIFFICULTY,False
train,13982,codeforces,HARD,True
train,13983,codeforces,MEDIUM,True
train,13985,leetcode,MEDIUM_HARD,True
train,13989,codechef,EASY,True
train,13990,codeforces,MEDIUM,True
train,13991,codeforces,EASY,True
train,13993,codeforces,VERY_HARD,True
train,13994,codechef,UNKNOWN_DIFFICULTY,True
train,13997,codewars,EASY,True
train,13998,atcoder,UNKNOWN_DIFFICULTY,False
train,13999,hackerearth,MEDIUM,False
train,14000,aizu,UNKNOWN_DIFFICULTY,False
train,14001,atcoder,EASY,True
train,14002,codeforces,EASY,True
train,14003,codechef,HARD,True
train,14004,geeksforgeeks,EASY,True
train,14005,codechef,MEDIUM_HARD,True
train,14008,codechef,MEDIUM,True
train,14012,geeksforgeeks,MEDIUM,True
train,14013,geeksforgeeks,EASY,True
train,14015,hackerearth,EASY,False
train,14019,leetcode,EASY,True
train,14020,codewars,EASY,True
train,14021,hackerearth,EASY,False
train,14022,codeforces,EASY,True
train,14024,codeforces,HARD,True
train,14025,codechef,HARD,True
train,14026,geeksforgeeks,EASY,True
train,14027,codeforces,VERY_HARD,True
train,14028,geeksforgeeks,MEDIUM,True
train,14031,codeforces,MEDIUM_HARD,True
train,14032,geeksforgeeks,EASY,True
train,14033,aizu,UNKNOWN_DIFFICULTY,False
train,14036,aizu,UNKNOWN_DIFFICULTY,False
train,14039,codechef,UNKNOWN_DIFFICULTY,True
train,14040,leetcode,MEDIUM,True
train,14041,codeforces,VERY_HARD,True
train,14043,codeforces,MEDIUM_HARD,True
train,14044,codeforces,EASY,True
train,14046,atcoder,VERY_HARD,True
train,14047,codewars,EASY,True
train,14048,atcoder,UNKNOWN_DIFFICULTY,False
train,14049,codechef,EASY,True
train,14050,codewars,EASY,True
train,14051,hackerearth,UNKNOWN_DIFFICULTY,False
train,14053,geeksforgeeks,EASY,True
train,14054,codewars,EASY,True
train,14055,codeforces,HARD,True
train,14056,codechef,EASY,True
train,14057,geeksforgeeks,MEDIUM,True
train,14058,codewars,EASY,True
train,14059,codechef,MEDIUM,True
train,14060,codeforces,VERY_HARD,True
train,14061,codewars,EASY,True
train,14062,codewars,EASY,True
train,14063,codeforces,VERY_HARD,True
train,14065,codeforces,HARD,True
train,14066,codeforces,HARD,True
train,14068,codeforces,MEDIUM,True
train,14071,geeksforgeeks,EASY,True
train,14072,aizu,UNKNOWN_DIFFICULTY,False
train,14073,geeksforgeeks,EASY,True
train,14074,codewars,EASY,True
train,14075,codewars,EASY,True
train,14076,codechef,EASY,True
train,14079,codeforces,MEDIUM_HARD,True
train,14080,codeforces,MEDIUM_HARD,True
train,14081,aizu,UNKNOWN_DIFFICULTY,False
train,14082,codechef,EASY,True
train,14084,codewars,EASY,True
train,14085,codeforces,MEDIUM_HARD,True
train,14086,codeforces,MEDIUM_HARD,True
train,14087,codeforces,MEDIUM_HARD,True
train,14088,hackerearth,EASY,False
train,14090,codeforces,EASY,True
train,14091,atcoder,UNKNOWN_DIFFICULTY,False
train,14092,codeforces,HARD,True
train,14093,geeksforgeeks,EASY,True
train,14094,codechef,EASY,True
train,14095,codeforces,MEDIUM,True
train,14099,codewars,EASY,True
train,14100,codechef,EASY,True
train,14101,aizu,UNKNOWN_DIFFICULTY,False
train,14102,codechef,MEDIUM_HARD,True
train,14104,atcoder,UNKNOWN_DIFFICULTY,False
train,14105,hackerearth,UNKNOWN_DIFFICULTY,False
train,14107,codechef,UNKNOWN_DIFFICULTY,True
train,14108,codechef,HARD,True
train,14110,codewars,EASY,True
train,14111,geeksforgeeks,MEDIUM_HARD,True
train,14113,hackerearth,UNKNOWN_DIFFICULTY,False
train,14114,hackerearth,MEDIUM,False
train,14115,hackerearth,UNKNOWN_DIFFICULTY,False
train,14116,codechef,VERY_HARD,True
train,14118,atcoder,EASY,True
train,14119,codeforces,HARD,True
train,14121,codechef,MEDIUM_HARD,True
train,14122,codeforces,EASY,True
train,14123,codewars,MEDIUM_HARD,True
train,14124,codeforces,VERY_HARD,True
train,14126,codeforces,EASY,True
train,14127,codeforces,MEDIUM_HARD,True
train,14128,codeforces,EASY,True
train,14129,atcoder,EASY,True
train,14131,codechef,VERY_HARD,True
train,14132,codewars,EASY,True
train,14133,codewars,EASY,True
train,14134,geeksforgeeks,MEDIUM,True
train,14135,codeforces,MEDIUM,True
train,14136,codeforces,EASY,True
train,14137,codeforces,EASY,True
train,14140,atcoder,UNKNOWN_DIFFICULTY,False
train,14141,aizu,UNKNOWN_DIFFICULTY,False
train,14142,codeforces,HARD,True
train,14143,codeforces,HARD,True
train,14144,codeforces,EASY,True
train,14146,codeforces,HARD,True
train,14147,geeksforgeeks,EASY,True
train,14148,codeforces,EASY,True
train,14149,geeksforgeeks,MEDIUM_HARD,True
train,14150,codewars,EASY,True
train,14154,codeforces,EASY,True
train,14155,geeksforgeeks,EASY,True
train,14156,codewars,EASY,True
train,14160,atcoder,UNKNOWN_DIFFICULTY,False
train,14161,codeforces,EASY,True
train,14163,codeforces,EASY,True
train,14164,atcoder,MEDIUM_HARD,True
train,14165,codeforces,HARD,True
train,14167,codeforces,HARD,True
train,14168,geeksforgeeks,EASY,True
train,14169,codechef,EASY,True
train,14170,geeksforgeeks,EASY,True
train,14171,atcoder,UNKNOWN_DIFFICULTY,False
train,14172,codechef,HARD,True
train,14174,codeforces,VERY_HARD,True
train,14176,codechef,HARD,True
train,14180,codeforces,MEDIUM_HARD,True
train,14181,codechef,VERY_HARD,True
train,14182,hackerearth,EASY,False
train,14183,codewars,EASY,True
train,14184,codechef,EASY,True
train,14185,codeforces,EASY,True
train,14186,codechef,EASY,True
train,14187,codeforces,MEDIUM_HARD,True
train,14188,atcoder,EASY,True
train,14189,geeksforgeeks,MEDIUM,True
train,14190,codewars,EASY,True
train,14191,codechef,MEDIUM,True
train,14193,codeforces,MEDIUM_HARD,True
train,14194,codechef,UNKNOWN_DIFFICULTY,True
train,14195,leetcode,MEDIUM_HARD,True
train,14197,codeforces,EASY,True
train,14198,leetcode,MEDIUM_HARD,True
train,14200,codechef,MEDIUM_HARD,True
train,14201,codechef,HARD,True
train,14203,aizu,UNKNOWN_DIFFICULTY,False
train,14205,geeksforgeeks,MEDIUM,True
train,14206,codeforces,MEDIUM_HARD,True
train,14209,codeforces,MEDIUM_HARD,True
train,14211,codeforces,MEDIUM,True
train,14212,codeforces,EASY,True
train,14213,codewars,EASY,True
train,14214,hackerearth,MEDIUM,False
train,14215,codechef,UNKNOWN_DIFFICULTY,True
train,14216,codechef,VERY_HARD,True
train,14217,aizu,UNKNOWN_DIFFICULTY,False
train,14218,codewars,EASY,True
train,14219,codewars,EASY,True
train,14220,geeksforgeeks,MEDIUM,True
train,14221,geeksforgeeks,MEDIUM,True
train,14222,atcoder,EASY,True
train,14224,codewars,EASY,True
train,14225,atcoder,MEDIUM_HARD,True
train,14226,codeforces,EASY,True
train,14227,codeforces,EASY,True
train,14228,codeforces,EASY,True
train,14232,codechef,EASY,True
train,14234,aizu,UNKNOWN_DIFFICULTY,False
train,14235,geeksforgeeks,MEDIUM,True
train,14236,geeksforgeeks,MEDIUM,True
train,14238,geeksforgeeks,EASY,True
train,14240,geeksforgeeks,EASY,True
train,14241,codeforces,MEDIUM_HARD,True
train,14242,codechef,EASY,True
train,14243,geeksforgeeks,EASY,True
train,14244,codechef,VERY_HARD,True
train,14246,codechef,UNKNOWN_DIFFICULTY,True
train,14247,codechef,MEDIUM,True
train,14248,hackerearth,EASY,False
train,14249,codeforces,HARD,True
train,14250,codeforces,HARD,True
train,14251,codeforces,EASY,True
train,14252,codewars,EASY,True
train,14253,codewars,EASY,True
train,14254,geeksforgeeks,MEDIUM_HARD,True
train,14257,codeforces,MEDIUM_HARD,True
train,14258,codechef,UNKNOWN_DIFFICULTY,True
train,14259,leetcode,MEDIUM,True
train,14260,geeksforgeeks,MEDIUM,True
train,14261,codeforces,HARD,True
train,14263,geeksforgeeks,EASY,True
train,14265,geeksforgeeks,MEDIUM,True
train,14266,codechef,UNKNOWN_DIFFICULTY,True
train,14267,geeksforgeeks,MEDIUM,True
train,14268,geeksforgeeks,MEDIUM,True
train,14269,hackerearth,UNKNOWN_DIFFICULTY,False
train,14270,geeksforgeeks,MEDIUM_HARD,True
train,14271,codeforces,HARD,True
train,14272,codeforces,MEDIUM,True
train,14273,codechef,VERY_HARD,True
train,14274,codeforces,MEDIUM_HARD,True
train,14275,leetcode,MEDIUM,True
train,14276,codeforces,EASY,True
train,14277,codechef,UNKNOWN_DIFFICULTY,True
train,14280,codechef,MEDIUM,True
train,14281,atcoder,UNKNOWN_DIFFICULTY,False
train,14283,geeksforgeeks,EASY,True
train,14284,codeforces,MEDIUM,True
train,14286,codeforces,EASY,True
train,14288,leetcode,EASY,True
train,14289,geeksforgeeks,EASY,True
train,14290,geeksforgeeks,EASY,True
train,14291,codechef,UNKNOWN_DIFFICULTY,True
train,14292,codeforces,MEDIUM_HARD,True
train,14293,codechef,HARD,True
train,14296,hackerearth,EASY,False
train,14298,hackerearth,EASY,False
train,14301,codeforces,HARD,True
train,14303,hackerearth,UNKNOWN_DIFFICULTY,False
train,14304,geeksforgeeks,EASY,True
train,14305,hackerearth,UNKNOWN_DIFFICULTY,False
train,14306,geeksforgeeks,EASY,True
train,14309,hackerearth,EASY,False
train,14310,codechef,HARD,True
train,14312,atcoder,MEDIUM_HARD,True
train,14313,hackerearth,UNKNOWN_DIFFICULTY,False
train,14314,codeforces,MEDIUM_HARD,True
train,14316,atcoder,MEDIUM_HARD,True
train,14317,atcoder,UNKNOWN_DIFFICULTY,False
train,14318,codeforces,EASY,True
train,14319,codeforces,EASY,True
train,14320,atcoder,MEDIUM,True
train,14321,codeforces,HARD,True
train,14322,geeksforgeeks,MEDIUM,True
train,14324,codeforces,MEDIUM_HARD,True
train,14326,codechef,EASY,True
train,14328,codechef,UNKNOWN_DIFFICULTY,True
train,14330,geeksforgeeks,MEDIUM,True
train,14332,aizu,UNKNOWN_DIFFICULTY,False
train,14335,hackerearth,UNKNOWN_DIFFICULTY,False
train,14337,hackerearth,EASY,False
train,14338,atcoder,MEDIUM,True
train,14339,codewars,EASY,True
train,14340,codeforces,EASY,True
train,14342,geeksforgeeks,EASY,True
train,14343,aizu,UNKNOWN_DIFFICULTY,False
train,14344,codeforces,VERY_HARD,True
train,14348,geeksforgeeks,MEDIUM_HARD,True
train,14349,geeksforgeeks,EASY,True
train,14350,codeforces,HARD,True
train,14351,codeforces,EASY,True
train,14354,geeksforgeeks,EASY,True
train,14355,geeksforgeeks,EASY,True
train,14356,atcoder,MEDIUM,True
train,14357,codechef,EASY,True
train,14359,codeforces,MEDIUM,True
train,14360,atcoder,EASY,True
train,14361,codeforces,MEDIUM,True
train,14363,geeksforgeeks,EASY,True
train,14366,codeforces,EASY,True
train,14368,codechef,UNKNOWN_DIFFICULTY,True
train,14369,aizu,UNKNOWN_DIFFICULTY,False
train,14370,codechef,EASY,True
train,14371,atcoder,EASY,True
train,14372,codeforces,EASY,True
train,14373,codewars,EASY,True
train,14374,codeforces,EASY,True
train,14376,codeforces,EASY,True
train,14377,codeforces,MEDIUM_HARD,True
train,14378,codeforces,MEDIUM_HARD,True
train,14380,codechef,EASY,True
train,14382,codeforces,EASY,True
train,14384,geeksforgeeks,EASY,True
train,14385,codeforces,EASY,True
train,14386,codechef,UNKNOWN_DIFFICULTY,True
train,14387,geeksforgeeks,EASY,True
train,14388,codeforces,MEDIUM_HARD,True
train,14389,codechef,UNKNOWN_DIFFICULTY,True
train,14392,codechef,EASY,True
train,14393,codeforces,MEDIUM_HARD,True
train,14395,codeforces,MEDIUM,True
train,14397,codeforces,EASY,True
train,14399,codeforces,EASY,True
train,14401,codechef,EASY,True
train,14402,codewars,EASY,True
train,14403,codeforces,EASY,True
train,14405,geeksforgeeks,MEDIUM,True
train,14410,hackerearth,UNKNOWN_DIFFICULTY,False
train,14412,geeksforgeeks,EASY,True
train,14413,codeforces,MEDIUM,True
train,14415,codechef,EASY,True
train,14416,hackerearth,EASY,False
train,14417,codeforces,HARD,True
train,14418,geeksforgeeks,EASY,True
train,14419,codeforces,EASY,True
train,14420,codeforces,HARD,True
train,14421,codeforces,HARD,True
train,14422,codechef,UNKNOWN_DIFFICULTY,True
train,14423,aizu,UNKNOWN_DIFFICULTY,False
train,14424,codeforces,MEDIUM,True
train,14427,codewars,EASY,True
train,14428,codeforces,EASY,True
train,14429,codeforces,EASY,True
train,14432,geeksforgeeks,EASY,True
train,14433,hackerearth,UNKNOWN_DIFFICULTY,False
train,14435,codeforces,EASY,True
train,14436,codewars,EASY,True
train,14437,geeksforgeeks,EASY,True
train,14438,hackerearth,UNKNOWN_DIFFICULTY,False
train,14439,codeforces,MEDIUM_HARD,True
train,14441,codewars,EASY,True
train,14442,codewars,EASY,True
train,14444,aizu,UNKNOWN_DIFFICULTY,False
train,14445,codeforces,MEDIUM,True
train,14446,codechef,EASY,True
train,14448,codewars,EASY,True
train,14449,aizu,UNKNOWN_DIFFICULTY,False
train,14451,codeforces,MEDIUM_HARD,True
train,14453,codeforces,MEDIUM_HARD,True
train,14454,aizu,UNKNOWN_DIFFICULTY,False
train,14455,codechef,UNKNOWN_DIFFICULTY,True
train,14456,codewars,EASY,True
train,14458,codeforces,MEDIUM_HARD,True
train,14459,codechef,MEDIUM_HARD,True
train,14463,codewars,EASY,True
train,14466,codewars,EASY,True
train,14467,codeforces,MEDIUM_HARD,True
train,14468,geeksforgeeks,EASY,True
train,14469,aizu,UNKNOWN_DIFFICULTY,False
train,14470,codeforces,EASY,True
train,14473,codechef,MEDIUM,True
train,14474,codewars,EASY,True
train,14475,geeksforgeeks,EASY,True
train,14478,codewars,EASY,True
train,14479,geeksforgeeks,EASY,True
train,14481,atcoder,UNKNOWN_DIFFICULTY,False
train,14482,codeforces,EASY,True
train,14483,codeforces,MEDIUM_HARD,True
train,14484,codechef,EASY,True
train,14486,codeforces,EASY,True
train,14487,codewars,EASY,True
train,14488,hackerearth,MEDIUM,False
train,14490,geeksforgeeks,MEDIUM,True
train,14492,codeforces,HARD,True
train,14495,geeksforgeeks,EASY,True
train,14497,atcoder,UNKNOWN_DIFFICULTY,False
train,14498,codeforces,MEDIUM,True
train,14499,codewars,EASY,True
train,14500,atcoder,EASY,True
train,14501,codechef,MEDIUM,True
train,14502,geeksforgeeks,EASY,True
train,14503,codechef,EASY,True
train,14504,hackerearth,EASY,False
train,14507,codeforces,MEDIUM,True
train,14508,leetcode,MEDIUM_HARD,True
train,14509,geeksforgeeks,MEDIUM,True
train,14511,codewars,EASY,True
train,14512,atcoder,EASY,True
train,14514,codechef,MEDIUM,True
train,14515,codechef,MEDIUM_HARD,True
train,14516,codechef,EASY,True
train,14517,leetcode,EASY,True
train,14519,hackerearth,EASY,False
train,14520,geeksforgeeks,MEDIUM,True
train,14521,geeksforgeeks,EASY,True
train,14523,hackerearth,EASY,False
train,14524,codeforces,MEDIUM,True
train,14525,codeforces,MEDIUM_HARD,True
train,14526,hackerearth,EASY,False
train,14528,leetcode,MEDIUM_HARD,True
train,14529,aizu,UNKNOWN_DIFFICULTY,False
train,14531,atcoder,UNKNOWN_DIFFICULTY,False
train,14532,geeksforgeeks,EASY,True
train,14533,geeksforgeeks,EASY,True
train,14537,geeksforgeeks,EASY,True
train,14539,codechef,UNKNOWN_DIFFICULTY,True
train,14540,codewars,EASY,True
train,14541,leetcode,MEDIUM_HARD,True
train,14543,codewars,EASY,True
train,14544,codewars,EASY,True
train,14545,codeforces,MEDIUM_HARD,True
train,14546,codewars,EASY,True
train,14547,codechef,UNKNOWN_DIFFICULTY,True
train,14548,geeksforgeeks,EASY,True
train,14550,atcoder,UNKNOWN_DIFFICULTY,False
train,14551,atcoder,UNKNOWN_DIFFICULTY,False
train,14552,hackerearth,EASY,False
train,14554,atcoder,EASY,True
train,14555,aizu,UNKNOWN_DIFFICULTY,False
train,14556,codeforces,VERY_HARD,True
train,14557,codechef,MEDIUM_HARD,True
train,14558,geeksforgeeks,MEDIUM,True
train,14559,codeforces,EASY,True
train,14560,geeksforgeeks,EASY,True
train,14561,aizu,UNKNOWN_DIFFICULTY,False
train,14562,codeforces,MEDIUM_HARD,True
train,14563,geeksforgeeks,MEDIUM,True
train,14564,codeforces,HARD,True
train,14565,codeforces,EASY,True
train,14569,codewars,EASY,True
train,14571,geeksforgeeks,EASY,True
train,14572,codeforces,MEDIUM,True
train,14574,codeforces,MEDIUM,True
train,14575,codechef,EASY,True
train,14577,codechef,VERY_HARD,True
train,14578,codechef,MEDIUM_HARD,True
train,14582,codeforces,MEDIUM_HARD,True
train,14583,codeforces,HARD,True
train,14584,codewars,EASY,True
train,14585,aizu,UNKNOWN_DIFFICULTY,False
train,14586,atcoder,EASY,True
train,14587,codeforces,MEDIUM_HARD,True
train,14588,codeforces,HARD,True
train,14589,codeforces,MEDIUM_HARD,True
train,14591,codewars,EASY,True
train,14592,codechef,EASY,True
train,14593,geeksforgeeks,EASY,True
train,14594,codeforces,EASY,True
train,14595,atcoder,UNKNOWN_DIFFICULTY,False
train,14596,codeforces,MEDIUM,True
train,14597,codeforces,EASY,True
train,14598,atcoder,HARD,True
train,14599,codeforces,MEDIUM,True
train,14600,codeforces,EASY,True
train,14604,geeksforgeeks,MEDIUM,True
train,14605,codeforces,EASY,True
train,14606,codeforces,HARD,True
train,14608,codechef,VERY_HARD,True
train,14609,hackerearth,MEDIUM,False
train,14612,codechef,HARD,True
train,14613,aizu,UNKNOWN_DIFFICULTY,False
train,14614,geeksforgeeks,EASY,True
train,14615,codeforces,MEDIUM_HARD,True
train,14616,aizu,UNKNOWN_DIFFICULTY,False
train,14619,geeksforgeeks,MEDIUM,True
train,14622,codeforces,MEDIUM_HARD,True
train,14624,codeforces,MEDIUM_HARD,True
train,14625,codeforces,MEDIUM_HARD,True
train,14626,geeksforgeeks,EASY,True
train,14627,codeforces,EASY,True
train,14628,aizu,UNKNOWN_DIFFICULTY,False
train,14630,codeforces,VERY_HARD,True
train,14631,geeksforgeeks,EASY,True
train,14632,codeforces,VERY_HARD,True
train,14633,codeforces,EASY,True
train,14636,codechef,UNKNOWN_DIFFICULTY,True
train,14637,atcoder,MEDIUM_HARD,True
train,14638,aizu,UNKNOWN_DIFFICULTY,False
train,14639,geeksforgeeks,EASY,True
train,14640,codeforces,HARD,True
train,14641,aizu,UNKNOWN_DIFFICULTY,False
train,14644,codewars,EASY,True
train,14645,geeksforgeeks,MEDIUM_HARD,True
train,14646,codewars,EASY,True
train,14647,codechef,HARD,True
train,14648,atcoder,EASY,True
train,14649,codewars,EASY,True
train,14651,codechef,EASY,True
train,14654,codeforces,MEDIUM,True
train,14655,codewars,EASY,True
train,14656,codeforces,MEDIUM,True
train,14658,codeforces,HARD,True
train,14659,codeforces,HARD,True
train,14660,codechef,EASY,True
train,14661,codechef,MEDIUM_HARD,True
train,14662,codeforces,MEDIUM,True
train,14665,codechef,EASY,True
train,14666,aizu,UNKNOWN_DIFFICULTY,False
train,14668,codeforces,VERY_HARD,True
train,14669,codewars,EASY,True
train,14670,codechef,HARD,True
train,14671,codeforces,EASY,True
train,14674,codeforces,HARD,True
train,14675,codeforces,HARD,True
train,14676,codechef,MEDIUM_HARD,True
train,14677,aizu,UNKNOWN_DIFFICULTY,False
train,14678,codeforces,MEDIUM_HARD,True
train,14679,codechef,HARD,True
train,14680,codeforces,EASY,True
train,14681,codeforces,HARD,True
train,14682,codewars,EASY,True
train,14683,aizu,UNKNOWN_DIFFICULTY,False
train,14684,codeforces,HARD,True
train,14686,codeforces,MEDIUM_HARD,True
train,14688,aizu,UNKNOWN_DIFFICULTY,False
train,14690,codeforces,EASY,True
train,14691,aizu,UNKNOWN_DIFFICULTY,False
train,14692,codechef,HARD,True
train,14693,geeksforgeeks,EASY,True
train,14694,codechef,VERY_HARD,True
train,14695,geeksforgeeks,EASY,True
train,14696,geeksforgeeks,EASY,True
train,14697,codeforces,EASY,True
train,14700,aizu,UNKNOWN_DIFFICULTY,False
train,14702,codewars,EASY,True
train,14703,codechef,EASY,True
train,14704,codewars,EASY,True
train,14707,codeforces,MEDIUM_HARD,True
train,14708,codeforces,MEDIUM,True
train,14709,codewars,EASY,True
train,14711,codechef,EASY,True
train,14712,codewars,EASY,True
train,14713,codeforces,MEDIUM_HARD,True
train,14715,codechef,VERY_HARD,True
train,14716,codechef,EASY,True
train,14717,hackerearth,UNKNOWN_DIFFICULTY,False
train,14718,codeforces,HARD,True
train,14719,codeforces,MEDIUM,True
train,14720,codeforces,EASY,True
train,14722,codechef,UNKNOWN_DIFFICULTY,True
train,14723,codechef,MEDIUM_HARD,True
train,14724,atcoder,UNKNOWN_DIFFICULTY,False
train,14726,geeksforgeeks,MEDIUM,True
train,14727,codechef,EASY,True
train,14730,codeforces,MEDIUM,True
train,14731,codeforces,MEDIUM,True
train,14733,hackerearth,EASY,False
train,14735,geeksforgeeks,MEDIUM_HARD,True
train,14736,codechef,MEDIUM_HARD,True
train,14737,codeforces,HARD,True
train,14738,codeforces,MEDIUM_HARD,True
train,14740,codeforces,MEDIUM_HARD,True
train,14742,hackerearth,UNKNOWN_DIFFICULTY,False
train,14743,geeksforgeeks,EASY,True
train,14745,geeksforgeeks,EASY,True
train,14746,hackerearth,UNKNOWN_DIFFICULTY,False
train,14749,geeksforgeeks,MEDIUM,True
train,14752,geeksforgeeks,EASY,True
train,14753,codeforces,VERY_HARD,True
train,14756,aizu,UNKNOWN_DIFFICULTY,False
train,14757,codewars,EASY,True
train,14758,codewars,EASY,True
train,14759,codechef,UNKNOWN_DIFFICULTY,True
train,14760,codechef,MEDIUM,True
train,14761,codechef,MEDIUM_HARD,True
train,14762,atcoder,UNKNOWN_DIFFICULTY,False
train,14764,hackerearth,UNKNOWN_DIFFICULTY,False
train,14765,codechef,MEDIUM_HARD,True
train,14766,codeforces,EASY,True
train,14767,codechef,UNKNOWN_DIFFICULTY,True
train,14768,codeforces,VERY_HARD,True
train,14772,atcoder,UNKNOWN_DIFFICULTY,False
train,14773,codeforces,EASY,True
train,14774,geeksforgeeks,EASY,True
train,14775,codewars,EASY,True
train,14776,aizu,UNKNOWN_DIFFICULTY,False
train,14778,codeforces,EASY,True
train,14780,codeforces,HARD,True
train,14781,geeksforgeeks,MEDIUM,True
train,14782,aizu,UNKNOWN_DIFFICULTY,False
train,14784,codeforces,MEDIUM,True
train,14785,geeksforgeeks,EASY,True
train,14786,codeforces,EASY,True
train,14788,atcoder,EASY,True
train,14790,codechef,EASY,True
train,14791,hackerearth,EASY,False
train,14792,leetcode,MEDIUM,True
train,14796,codechef,VERY_HARD,True
train,14797,codeforces,EASY,True
train,14798,codeforces,VERY_HARD,True
train,14799,codeforces,EASY,True
train,14800,codeforces,MEDIUM_HARD,True
train,14802,aizu,UNKNOWN_DIFFICULTY,False
train,14803,codewars,EASY,True
train,14806,codeforces,EASY,True
train,14810,geeksforgeeks,EASY,True
train,14811,codeforces,EASY,True
train,14813,codeforces,EASY,True
train,14814,codeforces,VERY_HARD,True
train,14818,codeforces,MEDIUM_HARD,True
train,14819,hackerearth,EASY,False
train,14820,leetcode,MEDIUM_HARD,True
train,14821,codewars,EASY,True
train,14822,geeksforgeeks,EASY,True
train,14823,geeksforgeeks,EASY,True
train,14830,codeforces,EASY,True
train,14831,codeforces,MEDIUM_HARD,True
train,14832,aizu,UNKNOWN_DIFFICULTY,False
train,14833,aizu,UNKNOWN_DIFFICULTY,False
train,14835,codeforces,MEDIUM_HARD,True
train,14836,codeforces,MEDIUM_HARD,True
train,14837,codewars,EASY,True
train,14838,codeforces,MEDIUM_HARD,True
train,14839,codeforces,HARD,True
train,14844,codewars,EASY,True
train,14845,aizu,UNKNOWN_DIFFICULTY,False
train,14846,leetcode,EASY,True
train,14854,codeforces,HARD,True
train,14855,codeforces,MEDIUM,True
train,14856,atcoder,MEDIUM_HARD,True
train,14859,codewars,EASY,True
train,14860,aizu,UNKNOWN_DIFFICULTY,False
train,14861,hackerearth,UNKNOWN_DIFFICULTY,False
train,14862,codeforces,MEDIUM,True
train,14864,codeforces,EASY,True
train,14865,codeforces,EASY,True
train,14866,geeksforgeeks,EASY,True
train,14868,codeforces,EASY,True
train,14869,codechef,UNKNOWN_DIFFICULTY,True
train,14876,atcoder,EASY,True
train,14877,codechef,UNKNOWN_DIFFICULTY,True
train,14880,codechef,HARD,True
train,14882,codeforces,HARD,True
train,14883,codeforces,EASY,True
train,14884,codechef,UNKNOWN_DIFFICULTY,True
train,14885,codeforces,VERY_HARD,True
train,14886,codechef,MEDIUM,True
train,14887,codewars,EASY,True
train,14888,codeforces,MEDIUM_HARD,True
train,14889,atcoder,EASY,True
train,14890,codeforces,MEDIUM,True
train,14891,geeksforgeeks,EASY,True
train,14894,codechef,MEDIUM_HARD,True
train,14895,codechef,MEDIUM_HARD,True
train,14896,codeforces,HARD,True
train,14898,codechef,UNKNOWN_DIFFICULTY,True
train,14900,codeforces,EASY,True
train,14901,geeksforgeeks,EASY,True
train,14904,atcoder,EASY,True
train,14905,hackerearth,MEDIUM,False
train,14906,codechef,UNKNOWN_DIFFICULTY,True
train,14907,codewars,EASY,True
train,14908,codewars,EASY,True
train,14909,codeforces,EASY,True
train,14910,codewars,EASY,True
train,14911,geeksforgeeks,MEDIUM,True
train,14912,aizu,UNKNOWN_DIFFICULTY,False
train,14914,geeksforgeeks,EASY,True
train,14915,geeksforgeeks,EASY,True
train,14917,codeforces,MEDIUM_HARD,True
train,14918,codeforces,MEDIUM_HARD,True
train,14919,geeksforgeeks,MEDIUM,True
train,14920,geeksforgeeks,MEDIUM,True
train,14921,codeforces,MEDIUM_HARD,True
train,14922,aizu,UNKNOWN_DIFFICULTY,False
train,14923,geeksforgeeks,EASY,True
train,14925,geeksforgeeks,MEDIUM,True
train,14926,codechef,MEDIUM_HARD,True
train,14927,leetcode,EASY,True
train,14928,geeksforgeeks,MEDIUM,True
train,14929,codeforces,MEDIUM,True
train,14931,codeforces,EASY,True
train,14932,aizu,UNKNOWN_DIFFICULTY,False
train,14933,codeforces,HARD,True
train,14935,geeksforgeeks,EASY,True
train,14936,geeksforgeeks,EASY,True
train,14937,codeforces,MEDIUM_HARD,True
train,14938,codeforces,VERY_HARD,True
train,14939,codeforces,HARD,True
train,14940,hackerearth,UNKNOWN_DIFFICULTY,False
train,14942,codewars,EASY,True
train,14943,codechef,MEDIUM_HARD,True
train,14944,codeforces,EASY,True
train,14945,hackerearth,UNKNOWN_DIFFICULTY,False
train,14947,atcoder,EASY,True
train,14948,codechef,EASY,True
train,14951,codechef,UNKNOWN_DIFFICULTY,True
train,14952,codechef,UNKNOWN_DIFFICULTY,True
train,14953,codechef,MEDIUM,True
train,14955,aizu,UNKNOWN_DIFFICULTY,False
train,14956,codeforces,EASY,True
train,14957,codeforces,EASY,True
train,14959,codeforces,MEDIUM_HARD,True
train,14961,codewars,EASY,True
train,14964,geeksforgeeks,MEDIUM,True
train,14965,atcoder,EASY,True
train,14966,codewars,EASY,True
train,14967,codechef,UNKNOWN_DIFFICULTY,True
train,14970,codeforces,EASY,True
train,14971,codewars,EASY,True
train,14972,codeforces,EASY,True
train,14973,codechef,HARD,True
train,14974,atcoder,UNKNOWN_DIFFICULTY,False
train,14976,codeforces,HARD,True
train,14978,codeforces,MEDIUM_HARD,True
train,14979,aizu,UNKNOWN_DIFFICULTY,False
train,14982,aizu,UNKNOWN_DIFFICULTY,False
train,14984,geeksforgeeks,MEDIUM,True
train,14986,geeksforgeeks,MEDIUM_HARD,True
train,14987,geeksforgeeks,MEDIUM,True
train,14988,codeforces,EASY,True
train,14989,geeksforgeeks,MEDIUM,True
train,14990,codewars,EASY,True
train,14991,codeforces,MEDIUM_HARD,True
train,14993,hackerearth,UNKNOWN_DIFFICULTY,False
train,14994,codeforces,MEDIUM_HARD,True
train,14995,atcoder,EASY,True
train,14996,atcoder,UNKNOWN_DIFFICULTY,False
train,14998,codeforces,MEDIUM_HARD,True
train,14999,atcoder,UNKNOWN_DIFFICULTY,False
train,15001,codeforces,MEDIUM_HARD,True
train,15002,codeforces,HARD,True
train,15003,hackerearth,EASY,False
train,15004,codeforces,HARD,True
train,15007,codechef,UNKNOWN_DIFFICULTY,True
train,15011,leetcode,EASY,True
train,15012,codeforces,EASY,True
train,15014,geeksforgeeks,MEDIUM_HARD,True
train,15015,codewars,EASY,True
train,15016,codewars,EASY,True
train,15019,geeksforgeeks,MEDIUM,True
train,15020,codeforces,EASY,True
train,15021,codewars,EASY,True
train,15022,codeforces,HARD,True
train,15023,codeforces,EASY,True
train,15027,codewars,EASY,True
train,15028,codeforces,EASY,True
train,15030,codechef,HARD,True
train,15031,atcoder,MEDIUM_HARD,True
train,15032,codechef,UNKNOWN_DIFFICULTY,True
train,15035,codeforces,EASY,True
train,15036,aizu,UNKNOWN_DIFFICULTY,False
train,15037,geeksforgeeks,EASY,True
train,15038,codeforces,EASY,True
train,15039,codeforces,VERY_HARD,True
train,15041,codeforces,EASY,True
train,15042,codeforces,MEDIUM_HARD,True
train,15047,codewars,EASY,True
train,15049,aizu,UNKNOWN_DIFFICULTY,False
train,15051,codeforces,HARD,True
train,15052,aizu,UNKNOWN_DIFFICULTY,False
train,15053,geeksforgeeks,EASY,True
train,15054,geeksforgeeks,MEDIUM_HARD,True
train,15055,codechef,VERY_HARD,True
train,15056,geeksforgeeks,EASY,True
train,15057,codeforces,HARD,True
train,15058,codewars,EASY,True
train,15059,geeksforgeeks,MEDIUM,True
train,15060,atcoder,MEDIUM_HARD,True
train,15063,codechef,MEDIUM_HARD,True
train,15064,hackerearth,MEDIUM,False
train,15065,codeforces,EASY,True
train,15066,codeforces,MEDIUM,True
train,15067,atcoder,MEDIUM,True
train,15068,aizu,UNKNOWN_DIFFICULTY,False
train,15069,codechef,EASY,True
train,15070,codewars,EASY,True
train,15072,hackerearth,EASY,False
train,15074,codechef,HARD,True
train,15075,codeforces,MEDIUM_HARD,True
train,15076,atcoder,UNKNOWN_DIFFICULTY,False
train,15077,codechef,EASY,True
train,15078,codeforces,HARD,True
train,15079,codechef,MEDIUM_HARD,True
train,15080,codeforces,EASY,True
train,15083,codewars,EASY,True
train,15084,atcoder,MEDIUM_HARD,True
train,15085,geeksforgeeks,EASY,True
train,15086,codechef,MEDIUM,True
train,15087,codechef,UNKNOWN_DIFFICULTY,True
train,15091,codeforces,HARD,True
train,15092,codeforces,MEDIUM_HARD,True
train,15093,codeforces,MEDIUM_HARD,True
train,15094,codeforces,MEDIUM_HARD,True
train,15095,atcoder,MEDIUM,True
train,15096,codewars,EASY,True
train,15097,atcoder,UNKNOWN_DIFFICULTY,False
train,15098,codeforces,VERY_HARD,True
train,15099,codeforces,MEDIUM_HARD,True
train,15100,leetcode,EASY,True
train,15101,codeforces,MEDIUM_HARD,True
train,15102,codechef,EASY,True
train,15103,codechef,UNKNOWN_DIFFICULTY,True
train,15105,codechef,EASY,True
train,15106,codewars,EASY,True
train,15107,codewars,EASY,True
train,15109,codechef,HARD,True
train,15111,geeksforgeeks,EASY,True
train,15112,codechef,EASY,True
train,15113,codechef,UNKNOWN_DIFFICULTY,True
train,15117,codeforces,HARD,True
train,15118,codewars,EASY,True
train,15119,codewars,EASY,True
train,15120,codeforces,MEDIUM_HARD,True
train,15121,leetcode,MEDIUM,True
train,15122,atcoder,UNKNOWN_DIFFICULTY,False
train,15123,codewars,EASY,True
train,15125,codewars,EASY,True
train,15127,atcoder,UNKNOWN_DIFFICULTY,False
train,15129,codewars,EASY,True
train,15131,codeforces,MEDIUM_HARD,True
train,15132,codewars,MEDIUM_HARD,True
train,15135,codechef,HARD,True
train,15136,codeforces,EASY,True
train,15137,codechef,HARD,True
train,15138,codeforces,EASY,True
train,15139,aizu,UNKNOWN_DIFFICULTY,False
train,15140,aizu,UNKNOWN_DIFFICULTY,False
train,15141,codeforces,UNKNOWN_DIFFICULTY,True
train,15142,atcoder,UNKNOWN_DIFFICULTY,False
train,15143,codechef,EASY,True
train,15144,aizu,UNKNOWN_DIFFICULTY,False
train,15145,codeforces,HARD,True
train,15146,codeforces,MEDIUM_HARD,True
train,15148,codeforces,MEDIUM_HARD,True
train,15149,hackerearth,EASY,False
train,15150,atcoder,EASY,True
train,15152,aizu,UNKNOWN_DIFFICULTY,False
train,15154,codeforces,MEDIUM,True
train,15156,aizu,UNKNOWN_DIFFICULTY,False
train,15159,codeforces,VERY_HARD,True
train,15160,geeksforgeeks,EASY,True
train,15161,atcoder,UNKNOWN_DIFFICULTY,False
train,15162,codeforces,MEDIUM_HARD,True
train,15163,codeforces,MEDIUM,True
train,15166,codewars,EASY,True
train,15167,atcoder,UNKNOWN_DIFFICULTY,False
train,15168,hackerearth,UNKNOWN_DIFFICULTY,False
train,15169,codechef,MEDIUM,True
train,15170,codewars,EASY,True
train,15172,codeforces,HARD,True
train,15175,codeforces,VERY_HARD,True
train,15176,codeforces,VERY_HARD,True
train,15178,geeksforgeeks,MEDIUM,True
train,15179,hackerearth,UNKNOWN_DIFFICULTY,False
train,15180,codechef,MEDIUM,True
train,15181,hackerearth,UNKNOWN_DIFFICULTY,False
train,15183,codechef,UNKNOWN_DIFFICULTY,True
train,15186,codeforces,EASY,True
train,15188,codeforces,VERY_HARD,True
train,15189,codeforces,EASY,True
train,15192,geeksforgeeks,EASY,True
train,15193,codechef,UNKNOWN_DIFFICULTY,True
train,15194,geeksforgeeks,EASY,True
train,15195,codechef,EASY,True
train,15197,hackerearth,UNKNOWN_DIFFICULTY,False
train,15198,hackerearth,EASY,False
train,15199,hackerearth,UNKNOWN_DIFFICULTY,False
train,15200,hackerearth,UNKNOWN_DIFFICULTY,False
train,15201,aizu,UNKNOWN_DIFFICULTY,False
train,15204,codechef,EASY,True
train,15206,codewars,EASY,True
train,15208,codeforces,EASY,True
train,15212,hackerearth,EASY,False
train,15213,codeforces,EASY,True
train,15215,geeksforgeeks,EASY,True
train,15216,codeforces,HARD,True
train,15217,codeforces,MEDIUM_HARD,True
train,15218,codeforces,MEDIUM,True
train,15219,codeforces,EASY,True
train,15222,codechef,UNKNOWN_DIFFICULTY,True
train,15224,codeforces,EASY,True
train,15225,codeforces,MEDIUM_HARD,True
train,15226,codewars,EASY,True
train,15228,geeksforgeeks,EASY,True
train,15229,geeksforgeeks,EASY,True
train,15231,geeksforgeeks,EASY,True
train,15233,aizu,UNKNOWN_DIFFICULTY,False
train,15234,codeforces,VERY_HARD,True
train,15235,geeksforgeeks,EASY,True
train,15237,atcoder,UNKNOWN_DIFFICULTY,False
train,15238,atcoder,EASY,True
train,15240,codewars,EASY,True
train,15241,codechef,EASY,True
train,15242,codeforces,EASY,True
train,15243,atcoder,MEDIUM,True
train,15244,geeksforgeeks,EASY,True
train,15246,codechef,MEDIUM,True
train,15248,hackerearth,EASY,False
train,15250,codeforces,MEDIUM_HARD,True
train,15253,codeforces,HARD,True
train,15254,aizu,UNKNOWN_DIFFICULTY,False
train,15257,codeforces,MEDIUM,True
train,15258,codeforces,EASY,True
train,15259,codechef,VERY_HARD,True
train,15260,atcoder,UNKNOWN_DIFFICULTY,False
train,15261,aizu,UNKNOWN_DIFFICULTY,False
train,15262,codeforces,HARD,True
train,15263,aizu,UNKNOWN_DIFFICULTY,False
train,15265,aizu,UNKNOWN_DIFFICULTY,False
train,15266,geeksforgeeks,EASY,True
train,15268,leetcode,MEDIUM_HARD,True
train,15269,hackerearth,EASY,False
train,15270,codeforces,HARD,True
train,15271,codeforces,EASY,True
train,15272,codewars,EASY,True
train,15273,geeksforgeeks,EASY,True
train,15274,codechef,EASY,True
train,15276,codeforces,MEDIUM_HARD,True
train,15279,codeforces,MEDIUM_HARD,True
train,15280,geeksforgeeks,EASY,True
train,15281,codewars,EASY,True
train,15283,atcoder,UNKNOWN_DIFFICULTY,False
train,15284,aizu,UNKNOWN_DIFFICULTY,False
train,15286,codeforces,EASY,True
train,15287,codechef,UNKNOWN_DIFFICULTY,True
train,15289,codeforces,MEDIUM_HARD,True
train,15290,codewars,EASY,True
train,15291,aizu,UNKNOWN_DIFFICULTY,False
train,15293,codewars,EASY,True
train,15294,geeksforgeeks,EASY,True
train,15295,codewars,EASY,True
train,15297,codeforces,HARD,True
train,15298,codechef,UNKNOWN_DIFFICULTY,True
train,15299,codeforces,EASY,True
train,15300,codeforces,MEDIUM_HARD,True
train,15301,hackerearth,UNKNOWN_DIFFICULTY,False
train,15306,codeforces,HARD,True
train,15307,codeforces,MEDIUM_HARD,True
train,15308,aizu,UNKNOWN_DIFFICULTY,False
train,15310,codechef,VERY_HARD,True
train,15315,leetcode,EASY,True
train,15317,codeforces,MEDIUM,True
train,15318,codeforces,HARD,True
train,15319,codechef,EASY,True
train,15321,codeforces,VERY_HARD,True
train,15323,codeforces,HARD,True
train,15324,codeforces,HARD,True
train,15325,codeforces,EASY,True
train,15326,codewars,EASY,True
train,15327,hackerearth,EASY,False
train,15328,geeksforgeeks,EASY,True
train,15329,geeksforgeeks,EASY,True
train,15330,aizu,UNKNOWN_DIFFICULTY,False
train,15331,aizu,UNKNOWN_DIFFICULTY,False
train,15332,aizu,UNKNOWN_DIFFICULTY,False
train,15333,codeforces,VERY_HARD,True
train,15334,codeforces,EASY,True
train,15338,geeksforgeeks,EASY,True
train,15340,codechef,HARD,True
train,15341,codewars,EASY,True
train,15342,codeforces,EASY,True
train,15344,codeforces,EASY,True
train,15345,codeforces,HARD,True
train,15347,geeksforgeeks,EASY,True
train,15349,codechef,MEDIUM_HARD,True
train,15350,geeksforgeeks,MEDIUM,True
train,15351,codeforces,MEDIUM,True
train,15352,hackerearth,EASY,False
train,15353,codeforces,EASY,True
train,15354,codeforces,MEDIUM,True
train,15355,aizu,UNKNOWN_DIFFICULTY,False
train,15356,geeksforgeeks,EASY,True
train,15357,codewars,EASY,True
train,15360,atcoder,MEDIUM,True
train,15361,codewars,EASY,True
train,15362,geeksforgeeks,EASY,True
train,15363,codechef,MEDIUM_HARD,True
train,15364,aizu,UNKNOWN_DIFFICULTY,False
train,15366,codewars,EASY,True
train,15367,codechef,UNKNOWN_DIFFICULTY,True
train,15370,geeksforgeeks,MEDIUM_HARD,True
train,15373,aizu,UNKNOWN_DIFFICULTY,False
train,15374,codechef,EASY,True
train,15375,codewars,EASY,True
train,15376,codechef,EASY,True
train,15378,codewars,EASY,True
train,15379,codeforces,MEDIUM_HARD,True
train,15380,codeforces,MEDIUM_HARD,True
train,15382,codeforces,MEDIUM_HARD,True
train,15383,codeforces,MEDIUM,True
train,15384,codechef,EASY,True
train,15385,codeforces,EASY,True
train,15386,codeforces,MEDIUM,True
train,15387,codeforces,EASY,True
train,15389,codewars,EASY,True
train,15390,codeforces,EASY,True
train,15391,codeforces,MEDIUM_HARD,True
train,15392,codewars,EASY,True
train,15393,codeforces,MEDIUM_HARD,True
train,15394,geeksforgeeks,EASY,True
train,15395,codechef,HARD,True
train,15396,codeforces,EASY,True
train,15397,codeforces,EASY,True
train,15398,codeforces,MEDIUM_HARD,True
train,15399,hackerearth,UNKNOWN_DIFFICULTY,False
train,15401,codechef,UNKNOWN_DIFFICULTY,True
train,15402,geeksforgeeks,MEDIUM,True
train,15403,aizu,UNKNOWN_DIFFICULTY,False
train,15404,geeksforgeeks,EASY,True
train,15407,geeksforgeeks,EASY,True
train,15408,atcoder,EASY,True
train,15409,codeforces,HARD,True
train,15411,geeksforgeeks,MEDIUM,True
train,15412,codechef,VERY_HARD,True
train,15413,codechef,EASY,True
train,15414,codechef,HARD,True
train,15416,codewars,EASY,True
train,15417,codeforces,EASY,True
train,15418,codeforces,EASY,True
train,15419,geeksforgeeks,MEDIUM,True
train,15420,codeforces,MEDIUM_HARD,True
train,15421,codeforces,EASY,True
train,15422,codeforces,EASY,True
train,15424,hackerearth,UNKNOWN_DIFFICULTY,False
train,15425,codeforces,EASY,True
train,15426,codeforces,EASY,True
train,15427,codeforces,EASY,True
train,15428,aizu,UNKNOWN_DIFFICULTY,False
train,15431,codechef,EASY,True
train,15432,geeksforgeeks,MEDIUM,True
train,15433,hackerearth,EASY,False
train,15434,geeksforgeeks,MEDIUM_HARD,True
train,15435,codeforces,VERY_HARD,True
train,15437,aizu,UNKNOWN_DIFFICULTY,False
train,15438,leetcode,MEDIUM_HARD,True
train,15439,codewars,EASY,True
train,15440,aizu,UNKNOWN_DIFFICULTY,False
train,15442,hackerearth,UNKNOWN_DIFFICULTY,False
train,15444,codeforces,EASY,True
train,15445,codeforces,MEDIUM_HARD,True
train,15446,codechef,MEDIUM_HARD,True
train,15448,codechef,MEDIUM_HARD,True
train,15449,hackerearth,UNKNOWN_DIFFICULTY,False
train,15450,codeforces,VERY_HARD,True
train,15451,codeforces,MEDIUM,True
train,15453,codeforces,HARD,True
train,15454,codeforces,MEDIUM,True
train,15455,codeforces,EASY,True
train,15456,aizu,UNKNOWN_DIFFICULTY,False
train,15457,aizu,UNKNOWN_DIFFICULTY,False
train,15458,codeforces,VERY_HARD,True
train,15459,codeforces,MEDIUM_HARD,True
train,15460,codeforces,EASY,True
train,15461,codeforces,HARD,True
train,15462,aizu,UNKNOWN_DIFFICULTY,False
train,15463,codeforces,EASY,True
train,15464,codeforces,HARD,True
train,15465,codeforces,MEDIUM,True
train,15466,codewars,EASY,True
train,15467,codewars,EASY,True
train,15469,codeforces,EASY,True
train,15470,aizu,UNKNOWN_DIFFICULTY,False
train,15471,geeksforgeeks,MEDIUM,True
train,15472,codeforces,MEDIUM,True
train,15473,codechef,EASY,True
train,15475,codewars,EASY,True
train,15476,codechef,UNKNOWN_DIFFICULTY,True
train,15477,codeforces,EASY,True
train,15478,codeforces,MEDIUM_HARD,True
train,15479,codeforces,HARD,True
train,15480,codeforces,MEDIUM_HARD,True
train,15481,codewars,EASY,True
train,15483,codechef,EASY,True
train,15484,codechef,UNKNOWN_DIFFICULTY,True
train,15485,codeforces,EASY,True
train,15487,codeforces,EASY,True
train,15491,codeforces,MEDIUM,True
train,15493,aizu,UNKNOWN_DIFFICULTY,False
train,15494,leetcode,MEDIUM,True
train,15495,codewars,EASY,True
train,15497,codeforces,HARD,True
train,15498,codeforces,EASY,True
train,15500,codeforces,EASY,True
train,15502,hackerearth,EASY,False
train,15503,codewars,EASY,True
train,15504,atcoder,EASY,True
train,15505,codeforces,EASY,True
train,15506,aizu,UNKNOWN_DIFFICULTY,False
train,15507,codechef,MEDIUM_HARD,True
train,15508,codewars,EASY,True
train,15510,aizu,UNKNOWN_DIFFICULTY,False
train,15511,codewars,EASY,True
train,15512,aizu,UNKNOWN_DIFFICULTY,False
train,15513,codechef,EASY,True
train,15514,codechef,VERY_HARD,True
train,15515,codeforces,EASY,True
train,15516,aizu,UNKNOWN_DIFFICULTY,False
train,15517,geeksforgeeks,MEDIUM,True
train,15518,geeksforgeeks,EASY,True
train,15519,codewars,EASY,True
train,15520,codechef,UNKNOWN_DIFFICULTY,True
train,15521,codeforces,EASY,True
train,15522,codeforces,MEDIUM_HARD,True
train,15523,geeksforgeeks,MEDIUM,True
train,15524,codeforces,HARD,True
train,15525,atcoder,UNKNOWN_DIFFICULTY,False
train,15527,aizu,UNKNOWN_DIFFICULTY,False
train,15528,codechef,UNKNOWN_DIFFICULTY,True
train,15529,codeforces,EASY,True
train,15531,leetcode,MEDIUM_HARD,True
train,15532,codewars,EASY,True
train,15533,hackerearth,UNKNOWN_DIFFICULTY,False
train,15534,geeksforgeeks,EASY,True
train,15535,codeforces,MEDIUM_HARD,True
train,15536,geeksforgeeks,EASY,True
train,15537,codechef,VERY_HARD,True
train,15538,codeforces,MEDIUM,True
train,15539,geeksforgeeks,EASY,True
train,15540,codeforces,EASY,True
train,15541,codewars,EASY,True
train,15542,codewars,EASY,True
train,15544,hackerearth,UNKNOWN_DIFFICULTY,False
train,15545,codeforces,VERY_HARD,True
train,15546,aizu,UNKNOWN_DIFFICULTY,False
train,15547,geeksforgeeks,EASY,True
train,15550,codechef,MEDIUM_HARD,True
train,15552,codeforces,MEDIUM,True
train,15554,codewars,EASY,True
train,15555,codeforces,EASY,True
train,15556,codeforces,EASY,True
train,15558,codechef,VERY_HARD,True
train,15560,codeforces,EASY,True
train,15561,codewars,EASY,True
train,15562,codechef,MEDIUM,True
train,15563,hackerearth,MEDIUM_HARD,False
train,15564,atcoder,EASY,True
train,15565,codechef,VERY_HARD,True
train,15567,codewars,EASY,True
train,15568,codeforces,HARD,True
train,15570,codeforces,EASY,True
train,15572,codechef,VERY_HARD,True
train,15576,codeforces,HARD,True
train,15579,codewars,EASY,True
train,15581,atcoder,UNKNOWN_DIFFICULTY,False
train,15582,aizu,UNKNOWN_DIFFICULTY,False
train,15586,codewars,EASY,True
train,15587,geeksforgeeks,EASY,True
train,15588,codeforces,EASY,True
train,15589,aizu,UNKNOWN_DIFFICULTY,False
train,15592,atcoder,MEDIUM,True
train,15594,codewars,EASY,True
train,15597,leetcode,EASY,True
train,15600,geeksforgeeks,MEDIUM,True
train,15601,aizu,UNKNOWN_DIFFICULTY,False
train,15602,codeforces,EASY,True
train,15605,geeksforgeeks,MEDIUM,True
train,15607,codeforces,EASY,True
train,15608,hackerearth,EASY,False
train,15609,codechef,UNKNOWN_DIFFICULTY,True
train,15610,codechef,EASY,True
train,15611,codewars,EASY,True
train,15612,atcoder,MEDIUM,True
train,15613,codeforces,HARD,True
train,15614,codechef,VERY_HARD,True
train,15615,codewars,EASY,True
train,15617,geeksforgeeks,EASY,True
train,15618,codeforces,VERY_HARD,True
train,15620,codechef,VERY_HARD,True
train,15621,atcoder,VERY_HARD,True
train,15622,codeforces,HARD,True
train,15623,codechef,UNKNOWN_DIFFICULTY,True
train,15624,aizu,UNKNOWN_DIFFICULTY,False
train,15625,hackerearth,UNKNOWN_DIFFICULTY,False
train,15628,atcoder,UNKNOWN_DIFFICULTY,False
train,15629,codewars,EASY,True
train,15630,geeksforgeeks,EASY,True
train,15631,codechef,MEDIUM_HARD,True
train,15632,aizu,UNKNOWN_DIFFICULTY,False
train,15634,codewars,EASY,True
train,15637,atcoder,EASY,True
train,15638,geeksforgeeks,EASY,True
train,15639,codeforces,MEDIUM_HARD,True
train,15640,hackerearth,UNKNOWN_DIFFICULTY,False
train,15641,codechef,MEDIUM_HARD,True
train,15642,codeforces,MEDIUM_HARD,True
train,15643,codechef,MEDIUM,True
train,15646,codewars,EASY,True
train,15648,codewars,EASY,True
train,15649,codechef,VERY_HARD,True
train,15650,codeforces,MEDIUM,True
train,15652,geeksforgeeks,EASY,True
train,15653,codechef,EASY,True
train,15654,codeforces,EASY,True
train,15656,geeksforgeeks,MEDIUM,True
train,15659,aizu,UNKNOWN_DIFFICULTY,False
train,15660,leetcode,MEDIUM_HARD,True
train,15661,aizu,UNKNOWN_DIFFICULTY,False
train,15662,geeksforgeeks,MEDIUM,True
train,15663,hackerearth,UNKNOWN_DIFFICULTY,False
train,15664,codechef,MEDIUM_HARD,True
train,15665,codechef,EASY,True
train,15668,codeforces,HARD,True
train,15670,hackerearth,EASY,False
train,15672,codechef,UNKNOWN_DIFFICULTY,True
train,15674,geeksforgeeks,MEDIUM,True
train,15675,geeksforgeeks,EASY,True
train,15678,codeforces,EASY,True
train,15679,aizu,UNKNOWN_DIFFICULTY,False
train,15680,leetcode,MEDIUM_HARD,True
train,15681,codeforces,MEDIUM,True
train,15682,leetcode,MEDIUM,True
train,15683,codeforces,EASY,True
train,15684,aizu,UNKNOWN_DIFFICULTY,False
train,15685,aizu,UNKNOWN_DIFFICULTY,False
train,15686,codeforces,MEDIUM,True
train,15687,hackerearth,EASY,False
train,15688,atcoder,EASY,True
train,15689,atcoder,MEDIUM,True
train,15690,codeforces,VERY_HARD,True
train,15691,codeforces,EASY,True
train,15693,codewars,EASY,True
train,15694,codewars,EASY,True
train,15695,codeforces,EASY,True
train,15696,codeforces,EASY,True
train,15697,codewars,EASY,True
train,15698,aizu,UNKNOWN_DIFFICULTY,False
train,15700,codewars,EASY,True
train,15701,codeforces,EASY,True
train,15702,aizu,UNKNOWN_DIFFICULTY,False
train,15703,codeforces,MEDIUM_HARD,True
train,15705,codeforces,HARD,True
train,15707,codeforces,EASY,True
train,15708,codeforces,EASY,True
train,15710,codeforces,EASY,True
train,15711,geeksforgeeks,MEDIUM,True
train,15712,codeforces,HARD,True
train,15713,codechef,UNKNOWN_DIFFICULTY,True
train,15718,codeforces,MEDIUM,True
train,15721,geeksforgeeks,MEDIUM,True
train,15723,hackerearth,UNKNOWN_DIFFICULTY,False
train,15724,codewars,EASY,True
train,15725,codechef,UNKNOWN_DIFFICULTY,True
train,15727,leetcode,MEDIUM_HARD,True
train,15731,aizu,UNKNOWN_DIFFICULTY,False
train,15733,codeforces,HARD,True
train,15734,codeforces,UNKNOWN_DIFFICULTY,True
train,15735,codeforces,MEDIUM,True
train,15737,codeforces,EASY,True
train,15739,codeforces,HARD,True
train,15740,codeforces,EASY,True
train,15741,hackerearth,UNKNOWN_DIFFICULTY,False
train,15744,codechef,UNKNOWN_DIFFICULTY,True
train,15745,geeksforgeeks,EASY,True
train,15746,codeforces,EASY,True
train,15747,codechef,UNKNOWN_DIFFICULTY,True
train,15748,aizu,UNKNOWN_DIFFICULTY,False
train,15749,geeksforgeeks,EASY,True
train,15750,hackerearth,UNKNOWN_DIFFICULTY,False
train,15752,codeforces,MEDIUM,True
train,15754,codeforces,MEDIUM,True
train,15755,hackerearth,EASY,False
train,15756,leetcode,MEDIUM_HARD,True
train,15757,aizu,UNKNOWN_DIFFICULTY,False
train,15758,aizu,UNKNOWN_DIFFICULTY,False
train,15762,hackerearth,EASY,False
train,15763,codeforces,EASY,True
train,15765,codeforces,EASY,True
train,15766,atcoder,UNKNOWN_DIFFICULTY,False
train,15767,codechef,UNKNOWN_DIFFICULTY,True
train,15768,codeforces,HARD,True
train,15769,aizu,UNKNOWN_DIFFICULTY,False
train,15770,aizu,UNKNOWN_DIFFICULTY,False
train,15772,codechef,HARD,True
train,15774,leetcode,MEDIUM,True
train,15775,codewars,EASY,True
train,15776,codewars,EASY,True
train,15778,codeforces,HARD,True
train,15780,codechef,EASY,True
train,15781,geeksforgeeks,EASY,True
train,15782,hackerearth,MEDIUM,False
train,15783,geeksforgeeks,EASY,True
train,15784,geeksforgeeks,MEDIUM,True
train,15785,codeforces,VERY_HARD,True
train,15787,codeforces,VERY_HARD,True
train,15788,codewars,EASY,True
train,15789,hackerearth,EASY,False
train,15790,codeforces,EASY,True
train,15791,codeforces,EASY,True
train,15792,codechef,UNKNOWN_DIFFICULTY,True
train,15794,codechef,UNKNOWN_DIFFICULTY,True
train,15795,hackerearth,EASY,False
train,15797,codewars,EASY,True
train,15798,codeforces,HARD,True
train,15799,codeforces,EASY,True
train,15800,aizu,UNKNOWN_DIFFICULTY,False
train,15801,codewars,EASY,True
train,15802,codewars,EASY,True
train,15804,geeksforgeeks,MEDIUM,True
train,15805,atcoder,UNKNOWN_DIFFICULTY,False
train,15806,codeforces,HARD,True
train,15807,leetcode,MEDIUM_HARD,True
train,15809,hackerearth,MEDIUM,False
train,15810,atcoder,UNKNOWN_DIFFICULTY,False
train,15811,codeforces,MEDIUM_HARD,True
train,15815,aizu,UNKNOWN_DIFFICULTY,False
train,15818,codeforces,MEDIUM_HARD,True
train,15819,codewars,EASY,True
train,15820,codeforces,HARD,True
train,15822,geeksforgeeks,EASY,True
train,15824,hackerearth,MEDIUM_HARD,False
train,15825,codeforces,HARD,True
train,15826,codeforces,MEDIUM,True
train,15827,codeforces,MEDIUM,True
train,15829,codeforces,EASY,True
train,15830,atcoder,EASY,True
train,15831,hackerearth,UNKNOWN_DIFFICULTY,False
train,15833,codechef,MEDIUM_HARD,True
train,15834,codeforces,EASY,True
train,15836,codechef,EASY,True
train,15837,codechef,EASY,True
train,15838,codeforces,HARD,True
train,15839,codechef,UNKNOWN_DIFFICULTY,True
train,15840,codeforces,MEDIUM_HARD,True
train,15841,codewars,EASY,True
train,15843,atcoder,MEDIUM_HARD,True
train,15844,codeforces,HARD,True
train,15845,atcoder,MEDIUM_HARD,True
train,15848,aizu,UNKNOWN_DIFFICULTY,False
train,15849,codewars,EASY,True
train,15850,atcoder,UNKNOWN_DIFFICULTY,False
train,15851,codewars,EASY,True
train,15852,codeforces,EASY,True
train,15853,codeforces,EASY,True
train,15854,codechef,VERY_HARD,True
train,15856,atcoder,VERY_HARD,True
train,15858,hackerearth,EASY,False
train,15859,codeforces,MEDIUM,True
train,15860,codeforces,MEDIUM_HARD,True
train,15861,codeforces,HARD,True
train,15862,hackerearth,EASY,False
train,15863,codeforces,MEDIUM_HARD,True
train,15864,codechef,EASY,True
train,15865,geeksforgeeks,EASY,True
train,15866,codechef,MEDIUM_HARD,True
train,15867,leetcode,MEDIUM_HARD,True
train,15870,codewars,EASY,True
train,15871,codechef,MEDIUM_HARD,True
train,15872,codewars,EASY,True
train,15875,codechef,VERY_HARD,True
train,15876,atcoder,HARD,True
train,15880,geeksforgeeks,EASY,True
train,15881,codeforces,EASY,True
train,15882,codeforces,HARD,True
train,15883,codewars,EASY,True
train,15884,codeforces,VERY_HARD,True
train,15885,codewars,EASY,True
train,15886,codeforces,VERY_HARD,True
train,15888,codeforces,EASY,True
train,15889,leetcode,EASY,True
train,15891,atcoder,EASY,True
train,15892,codechef,UNKNOWN_DIFFICULTY,True
train,15893,codeforces,HARD,True
train,15894,geeksforgeeks,EASY,True
train,15895,codewars,EASY,True
train,15896,codeforces,HARD,True
train,15898,atcoder,UNKNOWN_DIFFICULTY,False
train,15899,geeksforgeeks,EASY,True
train,15900,codeforces,EASY,True
train,15901,codechef,EASY,True
train,15903,codeforces,MEDIUM_HARD,True
train,15904,codeforces,EASY,True
train,15906,leetcode,EASY,True
train,15907,codeforces,EASY,True
train,15909,atcoder,EASY,True
train,15911,codewars,EASY,True
train,15912,codeforces,MEDIUM,True
train,15913,codeforces,EASY,True
train,15914,aizu,UNKNOWN_DIFFICULTY,False
train,15915,codeforces,MEDIUM,True
train,15917,aizu,UNKNOWN_DIFFICULTY,False
train,15918,codewars,EASY,True
train,15920,codewars,EASY,True
train,15921,codewars,EASY,True
train,15922,codewars,EASY,True
train,15923,codechef,UNKNOWN_DIFFICULTY,True
train,15924,aizu,UNKNOWN_DIFFICULTY,False
train,15925,geeksforgeeks,EASY,True
train,15926,codeforces,MEDIUM,True
train,15928,geeksforgeeks,MEDIUM,True
train,15929,aizu,UNKNOWN_DIFFICULTY,False
train,15930,geeksforgeeks,MEDIUM,True
train,15931,aizu,UNKNOWN_DIFFICULTY,False
train,15933,hackerearth,UNKNOWN_DIFFICULTY,False
train,15934,codeforces,EASY,True
train,15935,codeforces,MEDIUM_HARD,True
train,15937,leetcode,MEDIUM_HARD,True
train,15939,codewars,EASY,True
train,15941,codechef,EASY,True
train,15943,codeforces,HARD,True
train,15945,codeforces,HARD,True
train,15946,codewars,EASY,True
train,15948,hackerearth,MEDIUM,False
train,15949,codeforces,HARD,True
train,15951,codeforces,EASY,True
train,15952,atcoder,EASY,True
train,15954,codeforces,EASY,True
train,15956,hackerearth,EASY,False
train,15958,codeforces,HARD,True
train,15959,codewars,EASY,True
train,15962,geeksforgeeks,EASY,True
train,15963,codeforces,EASY,True
train,15965,codeforces,EASY,True
train,15966,atcoder,VERY_HARD,True
train,15967,codewars,EASY,True
train,15969,aizu,UNKNOWN_DIFFICULTY,False
train,15973,codewars,EASY,True
train,15974,leetcode,MEDIUM,True
train,15976,atcoder,MEDIUM,True
train,15978,hackerearth,MEDIUM,False
train,15982,codewars,EASY,True
train,15983,codeforces,EASY,True
train,15985,codeforces,MEDIUM,True
train,15986,geeksforgeeks,EASY,True
train,15987,geeksforgeeks,MEDIUM_HARD,True
train,15988,hackerearth,EASY,False
train,15990,codeforces,EASY,True
train,15993,hackerearth,UNKNOWN_DIFFICULTY,False
train,15995,codechef,EASY,True
train,15996,geeksforgeeks,MEDIUM_HARD,True
train,15997,codechef,MEDIUM_HARD,True
train,15998,codechef,UNKNOWN_DIFFICULTY,True
train,16000,aizu,UNKNOWN_DIFFICULTY,False
train,16001,codechef,EASY,True
train,16002,codeforces,HARD,True
train,16004,codewars,EASY,True
train,16005,codewars,EASY,True
train,16006,geeksforgeeks,MEDIUM,True
train,16009,atcoder,UNKNOWN_DIFFICULTY,False
train,16011,codeforces,EASY,True
train,16013,codeforces,MEDIUM,True
train,16014,aizu,UNKNOWN_DIFFICULTY,False
train,16016,geeksforgeeks,MEDIUM,True
train,16017,codeforces,MEDIUM_HARD,True
train,16018,atcoder,EASY,True
train,16019,codeforces,EASY,True
train,16020,atcoder,EASY,True
train,16021,codeforces,HARD,True
train,16022,hackerearth,EASY,False
train,16023,codewars,EASY,True
train,16024,geeksforgeeks,MEDIUM,True
train,16026,codeforces,HARD,True
train,16028,codeforces,VERY_HARD,True
train,16029,aizu,UNKNOWN_DIFFICULTY,False
train,16030,atcoder,EASY,True
train,16032,leetcode,MEDIUM,True
train,16033,atcoder,HARD,True
train,16038,aizu,UNKNOWN_DIFFICULTY,False
train,16040,codeforces,MEDIUM,True
train,16041,codeforces,HARD,True
train,16043,leetcode,MEDIUM_HARD,True
train,16044,codeforces,HARD,True
train,16045,geeksforgeeks,MEDIUM,True
train,16046,geeksforgeeks,MEDIUM,True
train,16048,codewars,EASY,True
train,16049,codeforces,MEDIUM,True
train,16050,geeksforgeeks,EASY,True
train,16051,geeksforgeeks,EASY,True
train,16053,codeforces,EASY,True
train,16054,codeforces,MEDIUM_HARD,True
train,16055,codechef,HARD,True
train,16056,geeksforgeeks,MEDIUM,True
train,16058,atcoder,VERY_HARD,True
train,16059,geeksforgeeks,EASY,True
train,16060,aizu,UNKNOWN_DIFFICULTY,False
train,16062,hackerearth,EASY,False
train,16064,codechef,UNKNOWN_DIFFICULTY,True
train,16065,hackerearth,EASY,False
train,16067,geeksforgeeks,EASY,True
train,16068,codeforces,EASY,True
train,16069,leetcode,MEDIUM,True
train,16070,codeforces,EASY,True
train,16071,codewars,EASY,True
train,16072,geeksforgeeks,MEDIUM,True
train,16073,codeforces,EASY,True
train,16074,codeforces,MEDIUM,True
train,16075,codechef,UNKNOWN_DIFFICULTY,True
train,16077,leetcode,MEDIUM,True
train,16078,codeforces,HARD,True
train,16080,codechef,UNKNOWN_DIFFICULTY,True
train,16083,codechef,EASY,True
train,16084,aizu,UNKNOWN_DIFFICULTY,False
train,16085,atcoder,UNKNOWN_DIFFICULTY,False
train,16086,leetcode,MEDIUM,True
train,16087,codeforces,HARD,True
train,16088,codeforces,EASY,True
train,16090,aizu,UNKNOWN_DIFFICULTY,False
train,16092,aizu,UNKNOWN_DIFFICULTY,False
train,16094,geeksforgeeks,MEDIUM,True
train,16096,hackerearth,UNKNOWN_DIFFICULTY,False
train,16097,geeksforgeeks,MEDIUM,True
train,16099,aizu,UNKNOWN_DIFFICULTY,False
train,16100,hackerearth,MEDIUM,False
train,16101,codewars,EASY,True
train,16105,codewars,EASY,True
train,16106,codeforces,MEDIUM_HARD,True
train,16107,codechef,MEDIUM,True
train,16108,geeksforgeeks,EASY,True
train,16109,geeksforgeeks,EASY,True
train,16110,codeforces,MEDIUM_HARD,True
train,16111,aizu,UNKNOWN_DIFFICULTY,False
train,16112,aizu,UNKNOWN_DIFFICULTY,False
train,16114,leetcode,MEDIUM_HARD,True
train,16116,codechef,UNKNOWN_DIFFICULTY,True
train,16117,codewars,EASY,True
train,16120,geeksforgeeks,EASY,True
train,16122,codeforces,VERY_HARD,True
train,16123,geeksforgeeks,MEDIUM,True
train,16124,codeforces,EASY,True
train,16125,codewars,EASY,True
train,16126,aizu,UNKNOWN_DIFFICULTY,False
train,16128,codeforces,HARD,True
train,16129,codewars,EASY,True
train,16130,geeksforgeeks,EASY,True
train,16131,codeforces,EASY,True
train,16132,geeksforgeeks,EASY,True
train,16133,codewars,EASY,True
train,16134,geeksforgeeks,MEDIUM,True
train,16135,codechef,UNKNOWN_DIFFICULTY,True
train,16136,codeforces,VERY_HARD,True
train,16137,geeksforgeeks,EASY,True
train,16138,hackerearth,UNKNOWN_DIFFICULTY,False
train,16141,aizu,UNKNOWN_DIFFICULTY,False
train,16142,codechef,VERY_HARD,True
train,16143,geeksforgeeks,MEDIUM,True
train,16144,codechef,EASY,True
train,16145,codewars,EASY,True
train,16146,leetcode,MEDIUM,True
train,16148,geeksforgeeks,MEDIUM,True
train,16149,codewars,EASY,True
train,16150,codeforces,MEDIUM,True
train,16151,aizu,UNKNOWN_DIFFICULTY,False
train,16153,codeforces,MEDIUM_HARD,True
train,16154,codewars,EASY,True
train,16157,atcoder,HARD,True
train,16158,atcoder,EASY,True
train,16161,codechef,EASY,True
train,16162,codeforces,MEDIUM_HARD,True
train,16163,codechef,EASY,True
train,16164,hackerearth,EASY,False
train,16166,codewars,EASY,True
train,16167,aizu,UNKNOWN_DIFFICULTY,False
train,16168,codechef,VERY_HARD,True
train,16169,aizu,UNKNOWN_DIFFICULTY,False
train,16170,codeforces,EASY,True
train,16171,codewars,EASY,True
train,16172,codechef,UNKNOWN_DIFFICULTY,True
train,16173,geeksforgeeks,EASY,True
train,16174,codeforces,EASY,True
train,16175,codewars,EASY,True
train,16178,codeforces,EASY,True
train,16179,codeforces,HARD,True
train,16180,codeforces,HARD,True
train,16181,codeforces,EASY,True
train,16182,hackerearth,MEDIUM,False
train,16183,atcoder,MEDIUM_HARD,True
train,16186,codewars,EASY,True
train,16187,aizu,UNKNOWN_DIFFICULTY,False
train,16188,codechef,EASY,True
train,16189,codeforces,HARD,True
train,16191,atcoder,EASY,True
train,16194,codeforces,MEDIUM_HARD,True
train,16195,codeforces,EASY,True
train,16196,codechef,UNKNOWN_DIFFICULTY,True
train,16199,codewars,EASY,True
train,16200,codewars,EASY,True
train,16201,atcoder,UNKNOWN_DIFFICULTY,False
train,16202,leetcode,MEDIUM_HARD,True
train,16203,codeforces,MEDIUM,True
train,16204,aizu,UNKNOWN_DIFFICULTY,False
train,16205,codeforces,MEDIUM_HARD,True
train,16207,geeksforgeeks,EASY,True
train,16208,codeforces,MEDIUM_HARD,True
train,16209,geeksforgeeks,MEDIUM_HARD,True
train,16211,codeforces,VERY_HARD,True
train,16212,geeksforgeeks,MEDIUM,True
train,16213,codechef,EASY,True
train,16214,hackerearth,UNKNOWN_DIFFICULTY,False
train,16215,codechef,HARD,True
train,16217,geeksforgeeks,EASY,True
train,16218,codeforces,HARD,True
train,16219,codeforces,MEDIUM_HARD,True
train,16220,codewars,EASY,True
train,16221,geeksforgeeks,EASY,True
train,16222,hackerearth,EASY,False
train,16225,codeforces,MEDIUM,True
train,16226,codeforces,HARD,True
train,16227,codeforces,EASY,True
train,16228,codeforces,MEDIUM_HARD,True
train,16230,codewars,EASY,True
train,16231,aizu,UNKNOWN_DIFFICULTY,False
train,16232,hackerearth,UNKNOWN_DIFFICULTY,False
train,16233,codewars,EASY,True
train,16234,codeforces,EASY,True
train,16235,atcoder,EASY,True
train,16236,codewars,EASY,True
train,16237,geeksforgeeks,EASY,True
train,16238,codewars,EASY,True
train,16241,codechef,UNKNOWN_DIFFICULTY,True
train,16242,atcoder,UNKNOWN_DIFFICULTY,False
train,16243,codeforces,MEDIUM,True
train,16244,geeksforgeeks,EASY,True
train,16245,atcoder,MEDIUM,True
train,16247,codechef,HARD,True
train,16248,leetcode,EASY,True
train,16249,codeforces,MEDIUM,True
train,16250,geeksforgeeks,MEDIUM,True
train,16251,geeksforgeeks,EASY,True
train,16252,codeforces,HARD,True
train,16253,aizu,UNKNOWN_DIFFICULTY,False
train,16256,aizu,UNKNOWN_DIFFICULTY,False
train,16257,codechef,EASY,True
train,16259,atcoder,UNKNOWN_DIFFICULTY,False
train,16261,codechef,EASY,True
train,16262,codeforces,MEDIUM_HARD,True
train,16264,codeforces,HARD,True
train,16265,codechef,UNKNOWN_DIFFICULTY,True
train,16268,codechef,UNKNOWN_DIFFICULTY,True
train,16270,codewars,EASY,True
train,16271,codeforces,MEDIUM_HARD,True
train,16272,codechef,EASY,True
train,16273,aizu,UNKNOWN_DIFFICULTY,False
train,16274,hackerearth,UNKNOWN_DIFFICULTY,False
train,16275,codeforces,EASY,True
train,16276,hackerearth,UNKNOWN_DIFFICULTY,False
train,16277,geeksforgeeks,MEDIUM,True
train,16278,atcoder,UNKNOWN_DIFFICULTY,False
train,16279,codeforces,EASY,True
train,16282,codechef,MEDIUM,True
train,16283,leetcode,EASY,True
train,16284,codeforces,EASY,True
train,16285,codeforces,MEDIUM,True
train,16287,atcoder,UNKNOWN_DIFFICULTY,False
train,16289,codewars,EASY,True
train,16290,aizu,UNKNOWN_DIFFICULTY,False
train,16291,codewars,EASY,True
train,16292,atcoder,HARD,True
train,16293,geeksforgeeks,EASY,True
train,16295,hackerearth,EASY,False
train,16296,codeforces,MEDIUM,True
train,16298,atcoder,HARD,True
train,16299,atcoder,UNKNOWN_DIFFICULTY,False
train,16300,codechef,UNKNOWN_DIFFICULTY,True
train,16301,codechef,EASY,True
train,16304,codeforces,HARD,True
train,16306,codechef,VERY_HARD,True
train,16307,codeforces,MEDIUM_HARD,True
train,16310,codechef,MEDIUM,True
train,16311,codewars,EASY,True
train,16312,codeforces,MEDIUM,True
train,16313,codechef,MEDIUM_HARD,True
train,16315,codewars,EASY,True
train,16316,codewars,EASY,True
train,16318,codeforces,EASY,True
train,16319,codeforces,HARD,True
train,16320,atcoder,UNKNOWN_DIFFICULTY,False
train,16321,leetcode,MEDIUM,True
train,16322,codeforces,EASY,True
train,16323,aizu,UNKNOWN_DIFFICULTY,False
train,16324,codeforces,VERY_HARD,True
train,16328,codeforces,MEDIUM_HARD,True
train,16329,geeksforgeeks,EASY,True
train,16331,codeforces,HARD,True
train,16332,geeksforgeeks,EASY,True
train,16334,codeforces,HARD,True
train,16335,codeforces,MEDIUM,True
train,16336,codeforces,MEDIUM,True
train,16337,aizu,UNKNOWN_DIFFICULTY,False
train,16339,geeksforgeeks,EASY,True
train,16340,codewars,EASY,True
train,16342,codechef,UNKNOWN_DIFFICULTY,True
train,16343,geeksforgeeks,MEDIUM,True
train,16344,codechef,HARD,True
train,16345,geeksforgeeks,EASY,True
train,16347,hackerearth,UNKNOWN_DIFFICULTY,False
train,16348,codeforces,EASY,True
train,16350,hackerearth,UNKNOWN_DIFFICULTY,False
train,16351,aizu,UNKNOWN_DIFFICULTY,False
train,16352,atcoder,EASY,True
train,16353,leetcode,EASY,True
train,16354,codeforces,EASY,True
train,16355,hackerearth,UNKNOWN_DIFFICULTY,False
train,16356,codeforces,EASY,True
train,16357,codeforces,MEDIUM,True
train,16358,codeforces,MEDIUM_HARD,True
train,16359,codechef,MEDIUM,True
train,16360,geeksforgeeks,EASY,True
train,16361,codeforces,EASY,True
train,16362,atcoder,EASY,True
train,16363,geeksforgeeks,MEDIUM,True
train,16364,codeforces,MEDIUM_HARD,True
train,16366,hackerearth,EASY,False
train,16368,codeforces,MEDIUM_HARD,True
train,16369,codeforces,EASY,True
train,16370,codechef,EASY,True
train,16372,codeforces,EASY,True
train,16374,codechef,EASY,True
train,16376,codechef,MEDIUM,True
train,16377,codechef,MEDIUM,True
train,16378,geeksforgeeks,EASY,True
train,16379,codeforces,EASY,True
train,16380,codeforces,MEDIUM_HARD,True
train,16381,codewars,EASY,True
train,16383,atcoder,EASY,True
train,16384,geeksforgeeks,MEDIUM_HARD,True
train,16385,codechef,EASY,True
train,16386,codechef,MEDIUM,True
train,16387,geeksforgeeks,MEDIUM,True
train,16388,codewars,EASY,True
train,16389,codeforces,EASY,True
train,16390,codeforces,MEDIUM_HARD,True
train,16391,codeforces,HARD,True
train,16394,geeksforgeeks,EASY,True
train,16395,codechef,UNKNOWN_DIFFICULTY,True
train,16396,geeksforgeeks,EASY,True
train,16397,codeforces,MEDIUM,True
train,16398,codechef,EASY,True
train,16399,codeforces,HARD,True
train,16400,codeforces,MEDIUM_HARD,True
train,16402,leetcode,MEDIUM_HARD,True
train,16403,codeforces,EASY,True
train,16404,codeforces,MEDIUM_HARD,True
train,16405,codeforces,EASY,True
train,16407,codechef,UNKNOWN_DIFFICULTY,True
train,16408,codeforces,MEDIUM_HARD,True
train,16409,codeforces,MEDIUM,True
train,16410,geeksforgeeks,EASY,True
train,16412,codewars,EASY,True
train,16413,codeforces,EASY,True
train,16414,codechef,EASY,True
train,16415,aizu,UNKNOWN_DIFFICULTY,False
train,16416,atcoder,MEDIUM,True
train,16419,geeksforgeeks,MEDIUM,True
train,16421,codeforces,HARD,True
train,16423,codechef,EASY,True
train,16424,codeforces,MEDIUM_HARD,True
train,16425,codeforces,HARD,True
train,16426,leetcode,EASY,True
train,16427,codewars,EASY,True
train,16428,aizu,UNKNOWN_DIFFICULTY,False
train,16429,codeforces,EASY,True
train,16432,codechef,UNKNOWN_DIFFICULTY,True
train,16433,atcoder,UNKNOWN_DIFFICULTY,False
train,16434,leetcode,MEDIUM,True
train,16436,leetcode,MEDIUM,True
train,16437,codewars,EASY,True
train,16438,atcoder,MEDIUM_HARD,True
train,16440,codechef,HARD,True
train,16442,aizu,UNKNOWN_DIFFICULTY,False
train,16444,codeforces,EASY,True
train,16447,codeforces,HARD,True
train,16451,codewars,EASY,True
train,16453,codeforces,EASY,True
train,16454,codeforces,HARD,True
train,16455,codeforces,HARD,True
train,16457,codeforces,MEDIUM,True
train,16458,geeksforgeeks,EASY,True
train,16460,codeforces,MEDIUM,True
train,16462,geeksforgeeks,EASY,True
train,16464,atcoder,EASY,True
train,16465,codeforces,EASY,True
train,16466,codechef,EASY,True
train,16469,codeforces,EASY,True
train,16470,codeforces,HARD,True
train,16472,codeforces,EASY,True
train,16473,codechef,VERY_HARD,True
train,16474,geeksforgeeks,EASY,True
train,16475,codeforces,MEDIUM_HARD,True
train,16477,atcoder,UNKNOWN_DIFFICULTY,False
train,16478,atcoder,MEDIUM,True
train,16479,codeforces,MEDIUM_HARD,True
train,16482,codewars,EASY,True
train,16485,codeforces,MEDIUM,True
train,16487,aizu,UNKNOWN_DIFFICULTY,False
train,16488,codewars,EASY,True
train,16489,geeksforgeeks,EASY,True
train,16490,aizu,UNKNOWN_DIFFICULTY,False
train,16492,codewars,EASY,True
train,16494,geeksforgeeks,EASY,True
train,16495,leetcode,MEDIUM,True
train,16496,geeksforgeeks,MEDIUM,True
train,16497,codeforces,HARD,True
train,16498,codechef,UNKNOWN_DIFFICULTY,True
train,16502,codewars,MEDIUM,True
train,16503,geeksforgeeks,EASY,True
train,16504,aizu,UNKNOWN_DIFFICULTY,False
train,16506,geeksforgeeks,EASY,True
train,16507,codechef,EASY,True
train,16509,codechef,EASY,True
train,16511,leetcode,MEDIUM_HARD,True
train,16512,aizu,UNKNOWN_DIFFICULTY,False
train,16513,codechef,EASY,True
train,16514,aizu,UNKNOWN_DIFFICULTY,False
train,16515,codewars,EASY,True
train,16516,geeksforgeeks,EASY,True
train,16517,codeforces,EASY,True
train,16519,geeksforgeeks,EASY,True
train,16520,hackerearth,UNKNOWN_DIFFICULTY,False
train,16522,geeksforgeeks,EASY,True
train,16523,codeforces,HARD,True
train,16524,codewars,EASY,True
train,16525,codeforces,MEDIUM,True
train,16526,codewars,EASY,True
train,16528,codewars,EASY,True
train,16529,codechef,MEDIUM_HARD,True
train,16531,geeksforgeeks,EASY,True
train,16533,codewars,EASY,True
train,16534,codeforces,EASY,True
train,16536,codeforces,EASY,True
train,16539,codewars,EASY,True
train,16540,codewars,EASY,True
train,16541,aizu,UNKNOWN_DIFFICULTY,False
train,16542,geeksforgeeks,EASY,True
train,16543,aizu,UNKNOWN_DIFFICULTY,False
train,16545,hackerearth,UNKNOWN_DIFFICULTY,False
train,16547,geeksforgeeks,MEDIUM,True
train,16549,geeksforgeeks,EASY,True
train,16550,codechef,MEDIUM_HARD,True
train,16551,aizu,UNKNOWN_DIFFICULTY,False
train,16552,codechef,UNKNOWN_DIFFICULTY,True
train,16555,geeksforgeeks,EASY,True
train,16556,codewars,EASY,True
train,16557,codeforces,EASY,True
train,16558,codechef,EASY,True
train,16560,aizu,UNKNOWN_DIFFICULTY,False
train,16561,codechef,MEDIUM_HARD,True
train,16562,aizu,UNKNOWN_DIFFICULTY,False
train,16564,codeforces,MEDIUM,True
train,16565,codeforces,HARD,True
train,16566,codeforces,HARD,True
train,16567,codeforces,HARD,True
train,16569,atcoder,EASY,True
train,16570,codeforces,MEDIUM,True
train,16571,geeksforgeeks,EASY,True
train,16572,hackerearth,UNKNOWN_DIFFICULTY,False
train,16573,codeforces,HARD,True
train,16574,codechef,EASY,True
train,16575,codeforces,MEDIUM_HARD,True
train,16576,atcoder,EASY,True
train,16577,atcoder,EASY,True
train,16578,codeforces,MEDIUM_HARD,True
train,16579,codewars,EASY,True
train,16580,geeksforgeeks,MEDIUM_HARD,True
train,16581,codechef,EASY,True
train,16582,codeforces,EASY,True
train,16585,codechef,EASY,True
train,16586,codewars,EASY,True
train,16587,codeforces,VERY_HARD,True
train,16589,codechef,MEDIUM_HARD,True
train,16590,codewars,EASY,True
train,16591,codeforces,MEDIUM,True
train,16593,aizu,UNKNOWN_DIFFICULTY,False
train,16594,atcoder,MEDIUM,True
train,16596,geeksforgeeks,MEDIUM,True
train,16597,codeforces,HARD,True
train,16598,codechef,HARD,True
train,16600,codewars,EASY,True
train,16601,codechef,MEDIUM_HARD,True
train,16602,codeforces,EASY,True
train,16604,atcoder,EASY,True
train,16605,codechef,MEDIUM_HARD,True
train,16606,codeforces,VERY_HARD,True
train,16607,codechef,EASY,True
train,16608,codeforces,HARD,True
train,16609,codeforces,MEDIUM,True
train,16610,codechef,UNKNOWN_DIFFICULTY,True
train,16611,atcoder,UNKNOWN_DIFFICULTY,False
train,16613,atcoder,MEDIUM_HARD,True
train,16615,codechef,UNKNOWN_DIFFICULTY,True
train,16616,codeforces,MEDIUM_HARD,True
train,16617,codeforces,EASY,True
train,16620,codeforces,EASY,True
train,16621,codechef,MEDIUM_HARD,True
train,16622,codechef,VERY_HARD,True
train,16624,geeksforgeeks,EASY,True
train,16625,geeksforgeeks,MEDIUM_HARD,True
train,16627,codeforces,EASY,True
train,16628,codeforces,EASY,True
train,16630,codechef,HARD,True
train,16631,codeforces,MEDIUM_HARD,True
train,16632,hackerearth,EASY,False
train,16633,codeforces,MEDIUM_HARD,True
train,16634,geeksforgeeks,EASY,True
train,16636,codeforces,EASY,True
train,16638,codeforces,VERY_HARD,True
train,16639,hackerearth,EASY,False
train,16641,hackerearth,EASY,False
train,16642,codeforces,EASY,True
train,16644,codeforces,HARD,True
train,16645,geeksforgeeks,EASY,True
train,16646,codechef,MEDIUM,True
train,16647,codewars,EASY,True
train,16648,codeforces,HARD,True
train,16649,codewars,EASY,True
train,16650,codeforces,EASY,True
train,16651,hackerearth,MEDIUM,False
train,16652,codeforces,HARD,True
train,16653,hackerearth,UNKNOWN_DIFFICULTY,False
train,16654,hackerearth,EASY,False
train,16655,codeforces,VERY_HARD,True
train,16656,codechef,MEDIUM_HARD,True
train,16657,codeforces,MEDIUM,True
train,16658,codewars,EASY,True
train,16659,codeforces,EASY,True
train,16660,atcoder,UNKNOWN_DIFFICULTY,False
train,16662,codechef,EASY,True
train,16665,codeforces,HARD,True
train,16666,codeforces,EASY,True
train,16667,codeforces,HARD,True
train,16668,geeksforgeeks,EASY,True
train,16669,codewars,EASY,True
train,16670,geeksforgeeks,EASY,True
train,16673,codeforces,HARD,True
train,16674,codeforces,HARD,True
train,16677,aizu,UNKNOWN_DIFFICULTY,False
train,16678,codeforces,MEDIUM_HARD,True
train,16680,codeforces,EASY,True
train,16682,codeforces,EASY,True
train,16685,aizu,UNKNOWN_DIFFICULTY,False
train,16686,codewars,EASY,True
train,16688,codechef,UNKNOWN_DIFFICULTY,True
train,16691,codeforces,EASY,True
train,16692,codechef,UNKNOWN_DIFFICULTY,True
train,16693,aizu,UNKNOWN_DIFFICULTY,False
train,16694,geeksforgeeks,EASY,True
train,16695,codewars,EASY,True
train,16696,codeforces,HARD,True
train,16700,hackerearth,EASY,False
train,16703,codeforces,VERY_HARD,True
train,16704,codeforces,HARD,True
train,16705,atcoder,EASY,True
train,16706,codechef,UNKNOWN_DIFFICULTY,True
train,16707,codeforces,MEDIUM_HARD,True
train,16709,codewars,EASY,True
train,16711,codewars,EASY,True
train,16712,codewars,EASY,True
train,16713,codechef,MEDIUM_HARD,True
train,16715,codeforces,EASY,True
train,16717,aizu,UNKNOWN_DIFFICULTY,False
train,16718,geeksforgeeks,EASY,True
train,16719,geeksforgeeks,EASY,True
train,16720,codechef,MEDIUM_HARD,True
train,16721,codewars,EASY,True
train,16722,atcoder,UNKNOWN_DIFFICULTY,False
train,16723,codeforces,EASY,True
train,16724,atcoder,VERY_HARD,True
train,16725,aizu,UNKNOWN_DIFFICULTY,False
train,16727,codeforces,MEDIUM_HARD,True
train,16729,codeforces,MEDIUM_HARD,True
train,16732,atcoder,UNKNOWN_DIFFICULTY,False
train,16733,geeksforgeeks,MEDIUM_HARD,True
train,16734,geeksforgeeks,EASY,True
train,16735,geeksforgeeks,MEDIUM,True
train,16737,codeforces,HARD,True
train,16738,codeforces,VERY_HARD,True
train,16739,codechef,EASY,True
train,16740,codeforces,EASY,True
train,16742,hackerearth,MEDIUM,False
train,16744,codeforces,VERY_HARD,True
train,16745,codeforces,HARD,True
train,16746,codewars,EASY,True
train,16748,codechef,EASY,True
train,16749,codeforces,HARD,True
train,16750,codechef,EASY,True
train,16752,codeforces,HARD,True
train,16753,codeforces,MEDIUM,True
train,16754,codechef,MEDIUM,True
train,16755,atcoder,UNKNOWN_DIFFICULTY,False
train,16756,geeksforgeeks,MEDIUM,True
train,16757,hackerearth,UNKNOWN_DIFFICULTY,False
train,16758,aizu,UNKNOWN_DIFFICULTY,False
train,16759,codewars,MEDIUM,True
train,16760,codeforces,EASY,True
train,16762,geeksforgeeks,EASY,True
train,16763,codechef,EASY,True
train,16764,codechef,MEDIUM,True
train,16766,hackerearth,MEDIUM_HARD,False
train,16768,codeforces,EASY,True
train,16769,codeforces,HARD,True
train,16770,atcoder,MEDIUM_HARD,True
train,16771,codewars,EASY,True
train,16772,codewars,EASY,True
train,16775,atcoder,UNKNOWN_DIFFICULTY,False
train,16776,atcoder,UNKNOWN_DIFFICULTY,False
train,16778,codeforces,EASY,True
train,16780,codewars,EASY,True
train,16783,codechef,MEDIUM_HARD,True
train,16786,codewars,EASY,True
train,16788,codechef,VERY_HARD,True
train,16789,leetcode,EASY,True
train,16791,codechef,EASY,True
train,16792,codechef,EASY,True
train,16793,leetcode,MEDIUM_HARD,True
train,16796,aizu,UNKNOWN_DIFFICULTY,False
train,16797,codeforces,HARD,True
train,16798,hackerearth,UNKNOWN_DIFFICULTY,False
train,16799,codewars,EASY,True
train,16800,aizu,UNKNOWN_DIFFICULTY,False
train,16801,codewars,EASY,True
train,16802,codeforces,HARD,True
train,16803,codechef,HARD,True
train,16804,codechef,EASY,True
train,16808,geeksforgeeks,MEDIUM_HARD,True
train,16809,geeksforgeeks,EASY,True
train,16810,codeforces,MEDIUM_HARD,True
train,16811,codeforces,HARD,True
train,16812,codeforces,EASY,True
train,16813,codewars,EASY,True
train,16814,codewars,EASY,True
train,16816,codechef,UNKNOWN_DIFFICULTY,True
train,16817,codeforces,HARD,True
train,16818,codechef,EASY,True
train,16819,geeksforgeeks,MEDIUM_HARD,True
train,16820,codeforces,MEDIUM_HARD,True
train,16824,aizu,UNKNOWN_DIFFICULTY,False
train,16827,geeksforgeeks,EASY,True
train,16828,codechef,MEDIUM_HARD,True
train,16829,hackerearth,UNKNOWN_DIFFICULTY,False
train,16831,hackerearth,UNKNOWN_DIFFICULTY,False
train,16832,geeksforgeeks,EASY,True
train,16834,codeforces,EASY,True
train,16836,codewars,EASY,True
train,16837,codechef,VERY_HARD,True
train,16838,aizu,UNKNOWN_DIFFICULTY,False
train,16839,codeforces,EASY,True
train,16840,geeksforgeeks,MEDIUM,True
train,16842,atcoder,UNKNOWN_DIFFICULTY,False
train,16843,codewars,EASY,True
train,16845,geeksforgeeks,MEDIUM,True
train,16847,codechef,MEDIUM_HARD,True
train,16848,codewars,EASY,True
train,16849,atcoder,EASY,True
train,16850,codewars,EASY,True
train,16853,geeksforgeeks,EASY,True
train,16855,codechef,EASY,True
train,16857,geeksforgeeks,MEDIUM_HARD,True
train,16858,codechef,EASY,True
train,16860,atcoder,EASY,True
train,16861,codeforces,EASY,True
train,16862,geeksforgeeks,MEDIUM,True
train,16866,codechef,VERY_HARD,True
train,16867,codechef,MEDIUM,True
train,16870,geeksforgeeks,EASY,True
train,16873,codechef,EASY,True
train,16874,codeforces,MEDIUM_HARD,True
train,16876,geeksforgeeks,EASY,True
train,16877,hackerearth,EASY,False
train,16880,codeforces,HARD,True
train,16882,codechef,UNKNOWN_DIFFICULTY,True
train,16883,hackerearth,EASY,False
train,16885,geeksforgeeks,EASY,True
train,16887,codeforces,EASY,True
train,16889,leetcode,MEDIUM,True
train,16890,atcoder,UNKNOWN_DIFFICULTY,False
train,16891,aizu,UNKNOWN_DIFFICULTY,False
train,16894,codeforces,MEDIUM_HARD,True
train,16895,codeforces,EASY,True
train,16897,atcoder,UNKNOWN_DIFFICULTY,False
train,16898,aizu,UNKNOWN_DIFFICULTY,False
train,16899,leetcode,MEDIUM_HARD,True
train,16900,codewars,EASY,True
train,16901,codechef,EASY,True
train,16902,codeforces,EASY,True
train,16904,hackerearth,EASY,False
train,16905,geeksforgeeks,EASY,True
train,16909,leetcode,EASY,True
train,16910,codeforces,MEDIUM_HARD,True
train,16911,codewars,EASY,True
train,16912,codewars,EASY,True
train,16913,aizu,UNKNOWN_DIFFICULTY,False
train,16915,codeforces,EASY,True
train,16918,codeforces,EASY,True
train,16919,geeksforgeeks,EASY,True
train,16922,codeforces,EASY,True
train,16923,codeforces,EASY,True
train,16924,codechef,MEDIUM_HARD,True
train,16926,geeksforgeeks,EASY,True
train,16927,geeksforgeeks,MEDIUM,True
train,16928,codeforces,EASY,True
train,16930,codeforces,EASY,True
train,16932,aizu,UNKNOWN_DIFFICULTY,False
train,16933,codechef,EASY,True
train,16935,codechef,UNKNOWN_DIFFICULTY,True
train,16936,aizu,UNKNOWN_DIFFICULTY,False
train,16937,codeforces,EASY,True
train,16939,codechef,MEDIUM_HARD,True
train,16940,codechef,VERY_HARD,True
train,16941,codeforces,MEDIUM,True
train,16942,hackerearth,EASY,False
train,16943,codeforces,MEDIUM_HARD,True
train,16944,codechef,HARD,True
train,16946,atcoder,EASY,True
train,16948,codechef,HARD,True
train,16950,codeforces,EASY,True
train,16951,aizu,UNKNOWN_DIFFICULTY,False
train,16952,codeforces,EASY,True
train,16954,codewars,EASY,True
train,16955,hackerearth,MEDIUM,False
train,16956,codeforces,EASY,True
train,16957,codeforces,HARD,True
train,16958,leetcode,MEDIUM,True
train,16959,codewars,EASY,True
train,16961,aizu,UNKNOWN_DIFFICULTY,False
train,16964,codewars,EASY,True
train,16966,codeforces,MEDIUM_HARD,True
train,16967,codechef,EASY,True
train,16968,geeksforgeeks,EASY,True
train,16972,codeforces,HARD,True
train,16974,atcoder,EASY,True
train,16977,codeforces,VERY_HARD,True
train,16978,aizu,UNKNOWN_DIFFICULTY,False
train,16980,codechef,MEDIUM_HARD,True
train,16981,leetcode,MEDIUM,True
train,16984,codeforces,EASY,True
train,16986,codeforces,EASY,True
train,16987,geeksforgeeks,EASY,True
train,16988,codewars,EASY,True
train,16990,codeforces,EASY,True
train,16994,codechef,UNKNOWN_DIFFICULTY,True
train,16995,codeforces,EASY,True
train,16996,codeforces,MEDIUM,True
train,16998,codewars,EASY,True
train,16999,atcoder,MEDIUM,True
train,17000,codewars,EASY,True
train,17003,codechef,UNKNOWN_DIFFICULTY,True
train,17004,aizu,UNKNOWN_DIFFICULTY,False
train,17008,codeforces,EASY,True
train,17009,geeksforgeeks,EASY,True
train,17010,geeksforgeeks,MEDIUM_HARD,True
train,17012,hackerearth,EASY,False
train,17013,codewars,EASY,True
train,17014,hackerearth,EASY,False
train,17015,leetcode,MEDIUM,True
train,17016,aizu,UNKNOWN_DIFFICULTY,False
train,17017,codewars,EASY,True
train,17018,codeforces,EASY,True
train,17019,aizu,UNKNOWN_DIFFICULTY,False
train,17020,aizu,UNKNOWN_DIFFICULTY,False
train,17022,geeksforgeeks,MEDIUM,True
train,17026,codeforces,MEDIUM_HARD,True
train,17027,codechef,UNKNOWN_DIFFICULTY,True
train,17029,geeksforgeeks,MEDIUM,True
train,17031,codewars,EASY,True
train,17033,geeksforgeeks,MEDIUM_HARD,True
train,17035,codewars,EASY,True
train,17036,atcoder,EASY,True
train,17037,codeforces,MEDIUM,True
train,17038,geeksforgeeks,EASY,True
train,17039,aizu,UNKNOWN_DIFFICULTY,False
train,17040,codechef,VERY_HARD,True
train,17042,codewars,EASY,True
train,17043,codechef,EASY,True
train,17044,aizu,UNKNOWN_DIFFICULTY,False
train,17045,geeksforgeeks,EASY,True
train,17046,aizu,UNKNOWN_DIFFICULTY,False
train,17047,codechef,HARD,True
train,17048,codechef,EASY,True
train,17049,codeforces,EASY,True
train,17051,leetcode,MEDIUM,True
train,17054,codeforces,MEDIUM_HARD,True
train,17055,geeksforgeeks,EASY,True
train,17056,codeforces,MEDIUM_HARD,True
train,17057,codeforces,EASY,True
train,17060,codechef,MEDIUM_HARD,True
train,17064,codeforces,HARD,True
train,17065,codeforces,EASY,True
train,17066,hackerearth,MEDIUM,False
train,17069,codewars,EASY,True
train,17070,codechef,VERY_HARD,True
train,17074,codewars,EASY,True
train,17075,codewars,EASY,True
train,17078,codeforces,VERY_HARD,True
train,17079,leetcode,MEDIUM_HARD,True
train,17080,codewars,EASY,True
train,17081,codeforces,MEDIUM,True
train,17082,geeksforgeeks,MEDIUM,True
train,17085,codewars,EASY,True
train,17086,codeforces,HARD,True
train,17087,codechef,HARD,True
train,17090,codeforces,MEDIUM_HARD,True
train,17091,codechef,UNKNOWN_DIFFICULTY,True
train,17092,codechef,EASY,True
train,17098,codechef,EASY,True
train,17099,geeksforgeeks,EASY,True
train,17100,codechef,VERY_HARD,True
train,17101,geeksforgeeks,EASY,True
train,17102,atcoder,UNKNOWN_DIFFICULTY,False
train,17103,geeksforgeeks,EASY,True
train,17104,codeforces,MEDIUM_HARD,True
train,17105,codeforces,MEDIUM,True
train,17106,codechef,EASY,True
train,17107,geeksforgeeks,EASY,True
train,17109,codewars,EASY,True
train,17110,codewars,EASY,True
train,17113,codeforces,HARD,True
train,17114,codewars,EASY,True
train,17118,atcoder,EASY,True
train,17119,codewars,EASY,True
train,17120,codeforces,EASY,True
train,17122,atcoder,VERY_HARD,True
train,17123,geeksforgeeks,EASY,True
train,17124,codechef,EASY,True
train,17127,codeforces,EASY,True
train,17128,codechef,EASY,True
train,17129,codechef,UNKNOWN_DIFFICULTY,True
train,17130,codewars,MEDIUM_HARD,True
train,17132,atcoder,EASY,True
train,17133,atcoder,EASY,True
train,17135,leetcode,EASY,True
train,17136,codechef,EASY,True
train,17138,codeforces,HARD,True
train,17139,atcoder,EASY,True
train,17141,aizu,UNKNOWN_DIFFICULTY,False
train,17142,codewars,EASY,True
train,17143,codechef,UNKNOWN_DIFFICULTY,True
train,17144,atcoder,MEDIUM,True
train,17145,codechef,MEDIUM_HARD,True
train,17149,codeforces,MEDIUM_HARD,True
train,17151,geeksforgeeks,MEDIUM,True
train,17153,codeforces,HARD,True
train,17155,leetcode,EASY,True
train,17156,codeforces,EASY,True
train,17157,codeforces,EASY,True
train,17160,codeforces,HARD,True
train,17162,codechef,VERY_HARD,True
train,17163,codeforces,HARD,True
train,17164,aizu,UNKNOWN_DIFFICULTY,False
train,17165,codeforces,VERY_HARD,True
train,17166,codeforces,MEDIUM_HARD,True
train,17167,geeksforgeeks,EASY,True
train,17168,leetcode,EASY,True
train,17169,geeksforgeeks,EASY,True
train,17171,codechef,UNKNOWN_DIFFICULTY,True
train,17173,atcoder,UNKNOWN_DIFFICULTY,False
train,17174,codechef,UNKNOWN_DIFFICULTY,True
train,17176,codewars,EASY,True
train,17177,geeksforgeeks,MEDIUM,True
train,17179,codewars,EASY,True
train,17180,leetcode,MEDIUM,True
train,17182,atcoder,EASY,True
train,17183,codechef,MEDIUM_HARD,True
train,17186,codechef,UNKNOWN_DIFFICULTY,True
train,17187,codeforces,MEDIUM_HARD,True
train,17193,atcoder,MEDIUM_HARD,True
train,17195,hackerearth,UNKNOWN_DIFFICULTY,False
train,17196,aizu,UNKNOWN_DIFFICULTY,False
train,17197,geeksforgeeks,EASY,True
train,17201,aizu,UNKNOWN_DIFFICULTY,False
train,17203,codeforces,EASY,True
train,17204,codeforces,MEDIUM_HARD,True
train,17205,codechef,HARD,True
train,17206,codeforces,MEDIUM_HARD,True
train,17209,codewars,EASY,True
train,17210,codeforces,EASY,True
train,17212,atcoder,UNKNOWN_DIFFICULTY,False
train,17213,codeforces,EASY,True
train,17214,codeforces,MEDIUM_HARD,True
train,17215,atcoder,UNKNOWN_DIFFICULTY,False
train,17216,codeforces,MEDIUM,True
train,17217,codechef,VERY_HARD,True
train,17220,codechef,MEDIUM_HARD,True
train,17223,codeforces,HARD,True
train,17224,aizu,UNKNOWN_DIFFICULTY,False
train,17226,codewars,EASY,True
train,17227,geeksforgeeks,EASY,True
train,17228,aizu,UNKNOWN_DIFFICULTY,False
train,17229,aizu,UNKNOWN_DIFFICULTY,False
train,17231,codewars,MEDIUM_HARD,True
train,17232,codeforces,EASY,True
train,17234,geeksforgeeks,EASY,True
train,17235,codewars,EASY,True
train,17236,aizu,UNKNOWN_DIFFICULTY,False
train,17237,codeforces,MEDIUM,True
train,17238,codewars,EASY,True
train,17239,geeksforgeeks,EASY,True
train,17240,codeforces,HARD,True
train,17241,aizu,UNKNOWN_DIFFICULTY,False
train,17242,codewars,EASY,True
train,17243,codeforces,MEDIUM,True
train,17244,codewars,EASY,True
train,17245,codeforces,MEDIUM,True
train,17247,atcoder,MEDIUM_HARD,True
train,17250,geeksforgeeks,MEDIUM,True
train,17251,atcoder,UNKNOWN_DIFFICULTY,False
train,17252,codeforces,MEDIUM,True
train,17253,hackerearth,EASY,False
train,17255,atcoder,MEDIUM_HARD,True
train,17256,hackerearth,MEDIUM_HARD,False
train,17257,atcoder,MEDIUM_HARD,True
train,17260,codewars,EASY,True
train,17261,codechef,EASY,True
train,17262,codechef,MEDIUM_HARD,True
train,17263,codeforces,MEDIUM_HARD,True
train,17264,codechef,EASY,True
train,17265,geeksforgeeks,EASY,True
train,17266,atcoder,UNKNOWN_DIFFICULTY,False
train,17270,codeforces,VERY_HARD,True
train,17271,codechef,UNKNOWN_DIFFICULTY,True
train,17272,codechef,EASY,True
train,17273,codewars,EASY,True
train,17274,codeforces,MEDIUM,True
train,17277,codechef,MEDIUM_HARD,True
train,17278,atcoder,EASY,True
train,17280,aizu,UNKNOWN_DIFFICULTY,False
train,17281,atcoder,EASY,True
train,17283,codechef,UNKNOWN_DIFFICULTY,True
train,17284,geeksforgeeks,EASY,True
train,17285,geeksforgeeks,EASY,True
train,17286,codewars,EASY,True
train,17287,codeforces,EASY,True
train,17290,codewars,EASY,True
train,17292,codeforces,MEDIUM_HARD,True
train,17296,aizu,UNKNOWN_DIFFICULTY,False
train,17297,hackerearth,EASY,False
train,17298,atcoder,EASY,True
train,17300,codeforces,EASY,True
train,17301,codeforces,MEDIUM,True
train,17302,geeksforgeeks,EASY,True
train,17304,leetcode,EASY,True
train,17307,codeforces,VERY_HARD,True
train,17308,atcoder,HARD,True
train,17309,codeforces,VERY_HARD,True
train,17310,codeforces,HARD,True
train,17311,codeforces,HARD,True
train,17312,codeforces,EASY,True
train,17313,atcoder,UNKNOWN_DIFFICULTY,False
train,17314,codeforces,EASY,True
train,17315,codechef,MEDIUM_HARD,True
train,17318,codechef,UNKNOWN_DIFFICULTY,True
train,17319,atcoder,UNKNOWN_DIFFICULTY,False
train,17322,geeksforgeeks,EASY,True
train,17325,geeksforgeeks,MEDIUM,True
train,17326,geeksforgeeks,EASY,True
train,17327,codewars,EASY,True
train,17329,codeforces,MEDIUM_HARD,True
train,17330,codeforces,HARD,True
train,17331,codechef,VERY_HARD,True
train,17338,geeksforgeeks,EASY,True
train,17339,codeforces,EASY,True
train,17340,codechef,UNKNOWN_DIFFICULTY,True
train,17341,geeksforgeeks,EASY,True
train,17342,codeforces,VERY_HARD,True
train,17343,codeforces,MEDIUM_HARD,True
train,17345,codeforces,EASY,True
train,17346,atcoder,UNKNOWN_DIFFICULTY,False
train,17347,codewars,MEDIUM,True
train,17348,hackerearth,UNKNOWN_DIFFICULTY,False
train,17350,codechef,MEDIUM,True
train,17351,aizu,UNKNOWN_DIFFICULTY,False
train,17352,geeksforgeeks,MEDIUM,True
train,17353,hackerearth,EASY,False
train,17354,aizu,UNKNOWN_DIFFICULTY,False
train,17355,codeforces,EASY,True
train,17357,atcoder,UNKNOWN_DIFFICULTY,False
train,17358,atcoder,UNKNOWN_DIFFICULTY,False
train,17360,codewars,EASY,True
train,17361,codeforces,EASY,True
train,17362,aizu,UNKNOWN_DIFFICULTY,False
train,17364,codeforces,EASY,True
train,17365,aizu,UNKNOWN_DIFFICULTY,False
train,17368,geeksforgeeks,EASY,True
train,17369,codeforces,HARD,True
train,17371,codewars,EASY,True
train,17372,geeksforgeeks,EASY,True
train,17375,atcoder,UNKNOWN_DIFFICULTY,False
train,17379,leetcode,MEDIUM,True
train,17380,hackerearth,UNKNOWN_DIFFICULTY,False
train,17381,geeksforgeeks,MEDIUM,True
train,17382,codeforces,HARD,True
train,17384,codeforces,MEDIUM_HARD,True
train,17388,codechef,VERY_HARD,True
train,17389,codechef,MEDIUM,True
train,17390,codeforces,VERY_HARD,True
train,17391,atcoder,EASY,True
train,17392,codechef,UNKNOWN_DIFFICULTY,True
train,17393,codeforces,MEDIUM,True
train,17394,codeforces,MEDIUM,True
train,17395,codeforces,EASY,True
train,17396,codeforces,EASY,True
train,17397,codechef,VERY_HARD,True
train,17398,codechef,MEDIUM_HARD,True
train,17399,geeksforgeeks,EASY,True
train,17400,geeksforgeeks,EASY,True
train,17402,geeksforgeeks,MEDIUM,True
train,17403,geeksforgeeks,EASY,True
train,17404,codeforces,MEDIUM_HARD,True
train,17405,geeksforgeeks,MEDIUM,True
train,17406,aizu,UNKNOWN_DIFFICULTY,False
train,17407,atcoder,EASY,True
train,17408,codechef,EASY,True
train,17410,geeksforgeeks,EASY,True
train,17411,hackerearth,UNKNOWN_DIFFICULTY,False
train,17412,geeksforgeeks,MEDIUM,True
train,17413,geeksforgeeks,MEDIUM,True
train,17415,codechef,EASY,True
train,17416,codeforces,EASY,True
train,17417,codechef,VERY_HARD,True
train,17418,codeforces,MEDIUM_HARD,True
train,17419,codewars,EASY,True
train,17421,aizu,UNKNOWN_DIFFICULTY,False
train,17423,codeforces,HARD,True
train,17424,codeforces,HARD,True
train,17425,codeforces,MEDIUM_HARD,True
train,17426,codeforces,EASY,True
train,17429,codeforces,MEDIUM,True
train,17432,geeksforgeeks,EASY,True
train,17434,atcoder,MEDIUM,True
train,17435,codechef,EASY,True
train,17436,geeksforgeeks,EASY,True
train,17437,codeforces,HARD,True
train,17438,aizu,UNKNOWN_DIFFICULTY,False
train,17439,geeksforgeeks,EASY,True
train,17440,codeforces,HARD,True
train,17441,hackerearth,EASY,False
train,17442,aizu,UNKNOWN_DIFFICULTY,False
train,17444,codechef,EASY,True
train,17445,geeksforgeeks,EASY,True
train,17447,leetcode,MEDIUM,True
train,17448,codeforces,MEDIUM_HARD,True
train,17449,codeforces,EASY,True
train,17450,atcoder,VERY_HARD,True
train,17451,codechef,HARD,True
train,17452,geeksforgeeks,MEDIUM,True
train,17453,geeksforgeeks,EASY,True
train,17454,leetcode,MEDIUM_HARD,True
train,17455,codeforces,EASY,True
train,17456,codeforces,EASY,True
train,17457,codewars,EASY,True
train,17458,geeksforgeeks,EASY,True
train,17461,codeforces,MEDIUM,True
train,17462,hackerearth,UNKNOWN_DIFFICULTY,False
train,17464,geeksforgeeks,MEDIUM,True
train,17468,leetcode,MEDIUM_HARD,True
train,17470,hackerearth,UNKNOWN_DIFFICULTY,False
train,17471,atcoder,EASY,True
train,17472,codechef,VERY_HARD,True
train,17473,atcoder,MEDIUM_HARD,True
train,17474,codeforces,MEDIUM_HARD,True
train,17476,geeksforgeeks,EASY,True
train,17477,aizu,UNKNOWN_DIFFICULTY,False
train,17479,atcoder,UNKNOWN_DIFFICULTY,False
train,17480,codechef,EASY,True
train,17481,codeforces,MEDIUM,True
train,17482,codeforces,HARD,True
train,17484,hackerearth,UNKNOWN_DIFFICULTY,False
train,17488,aizu,UNKNOWN_DIFFICULTY,False
train,17490,geeksforgeeks,MEDIUM,True
train,17491,codeforces,EASY,True
train,17492,codewars,EASY,True
train,17493,leetcode,EASY,True
train,17494,codewars,EASY,True
train,17495,aizu,UNKNOWN_DIFFICULTY,False
train,17497,codeforces,MEDIUM_HARD,True
train,17499,atcoder,EASY,True
train,17500,geeksforgeeks,MEDIUM,True
train,17504,codechef,HARD,True
train,17505,codechef,UNKNOWN_DIFFICULTY,True
train,17506,geeksforgeeks,MEDIUM,True
train,17507,hackerearth,MEDIUM,False
train,17509,codeforces,EASY,True
train,17510,codeforces,MEDIUM_HARD,True
train,17512,codechef,EASY,True
train,17514,codeforces,MEDIUM,True
train,17515,codewars,EASY,True
train,17516,leetcode,MEDIUM,True
train,17517,codewars,EASY,True
train,17518,aizu,UNKNOWN_DIFFICULTY,False
train,17520,codechef,EASY,True
train,17522,geeksforgeeks,EASY,True
train,17523,codeforces,MEDIUM_HARD,True
train,17524,codechef,EASY,True
train,17525,codeforces,MEDIUM,True
train,17526,hackerearth,EASY,False
train,17527,aizu,UNKNOWN_DIFFICULTY,False
train,17530,codeforces,MEDIUM_HARD,True
train,17533,geeksforgeeks,MEDIUM,True
train,17534,geeksforgeeks,MEDIUM,True
train,17535,aizu,UNKNOWN_DIFFICULTY,False
train,17537,codeforces,MEDIUM_HARD,True
train,17538,codewars,EASY,True
train,17539,codeforces,MEDIUM,True
train,17540,hackerearth,EASY,False
train,17541,aizu,UNKNOWN_DIFFICULTY,False
train,17542,atcoder,UNKNOWN_DIFFICULTY,False
train,17543,codeforces,HARD,True
train,17544,codewars,EASY,True
train,17545,codewars,EASY,True
train,17549,aizu,UNKNOWN_DIFFICULTY,False
train,17550,codechef,MEDIUM,True
train,17551,codeforces,EASY,True
train,17553,codewars,EASY,True
train,17558,codewars,EASY,True
train,17559,hackerearth,UNKNOWN_DIFFICULTY,False
train,17560,codechef,MEDIUM,True
train,17561,codeforces,EASY,True
train,17563,leetcode,MEDIUM_HARD,True
train,17564,codeforces,HARD,True
train,17565,geeksforgeeks,MEDIUM,True
train,17566,codeforces,HARD,True
train,17569,codechef,UNKNOWN_DIFFICULTY,True
train,17572,aizu,UNKNOWN_DIFFICULTY,False
train,17573,aizu,UNKNOWN_DIFFICULTY,False
train,17575,geeksforgeeks,MEDIUM,True
train,17576,aizu,UNKNOWN_DIFFICULTY,False
train,17577,codeforces,EASY,True
train,17578,codeforces,HARD,True
train,17579,codeforces,MEDIUM_HARD,True
train,17580,codeforces,EASY,True
train,17581,codechef,EASY,True
train,17584,geeksforgeeks,EASY,True
train,17585,codechef,MEDIUM,True
train,17587,codechef,EASY,True
train,17588,codechef,VERY_HARD,True
train,17590,codewars,EASY,True
train,17591,atcoder,EASY,True
train,17594,codeforces,EASY,True
train,17595,codechef,UNKNOWN_DIFFICULTY,True
train,17596,leetcode,EASY,True
train,17598,hackerearth,EASY,False
train,17599,codeforces,MEDIUM,True
train,17600,codechef,HARD,True
train,17602,codeforces,EASY,True
train,17603,codeforces,EASY,True
train,17604,aizu,UNKNOWN_DIFFICULTY,False
train,17605,codechef,MEDIUM,True
train,17606,codeforces,MEDIUM,True
train,17607,codewars,EASY,True
train,17608,codeforces,MEDIUM_HARD,True
train,17610,geeksforgeeks,EASY,True
train,17611,codeforces,EASY,True
train,17613,codeforces,VERY_HARD,True
train,17614,atcoder,UNKNOWN_DIFFICULTY,False
train,17616,geeksforgeeks,MEDIUM_HARD,True
train,17619,codeforces,EASY,True
train,17620,geeksforgeeks,EASY,True
train,17621,codechef,MEDIUM_HARD,True
train,17622,aizu,UNKNOWN_DIFFICULTY,False
train,17625,geeksforgeeks,EASY,True
train,17626,geeksforgeeks,MEDIUM,True
train,17627,codeforces,VERY_HARD,True
train,17628,hackerearth,EASY,False
train,17629,codeforces,HARD,True
train,17630,codechef,UNKNOWN_DIFFICULTY,True
train,17631,geeksforgeeks,EASY,True
train,17633,codechef,EASY,True
train,17634,codewars,EASY,True
train,17635,codechef,UNKNOWN_DIFFICULTY,True
train,17637,hackerearth,EASY,False
train,17638,atcoder,UNKNOWN_DIFFICULTY,False
train,17639,codechef,EASY,True
train,17640,aizu,UNKNOWN_DIFFICULTY,False
train,17641,codewars,EASY,True
train,17642,codeforces,HARD,True
train,17644,hackerearth,UNKNOWN_DIFFICULTY,False
train,17645,codechef,UNKNOWN_DIFFICULTY,True
train,17646,codechef,UNKNOWN_DIFFICULTY,True
train,17647,codeforces,MEDIUM_HARD,True
train,17648,codeforces,HARD,True
train,17649,codechef,MEDIUM,True
train,17651,codechef,VERY_HARD,True
train,17652,codeforces,EASY,True
train,17655,codeforces,HARD,True
train,17656,codeforces,HARD,True
train,17657,atcoder,MEDIUM_HARD,True
train,17659,aizu,UNKNOWN_DIFFICULTY,False
train,17660,aizu,UNKNOWN_DIFFICULTY,False
train,17662,codechef,UNKNOWN_DIFFICULTY,True
train,17663,geeksforgeeks,MEDIUM,True
train,17665,geeksforgeeks,MEDIUM,True
train,17666,codewars,EASY,True
train,17670,geeksforgeeks,EASY,True
train,17671,codechef,UNKNOWN_DIFFICULTY,True
train,17672,codewars,EASY,True
train,17673,codeforces,MEDIUM_HARD,True
train,17675,leetcode,MEDIUM_HARD,True
train,17676,codechef,MEDIUM,True
train,17677,codeforces,EASY,True
train,17678,codeforces,MEDIUM_HARD,True
train,17679,hackerearth,EASY,False
train,17680,codeforces,EASY,True
train,17681,codewars,EASY,True
train,17682,aizu,UNKNOWN_DIFFICULTY,False
train,17683,codeforces,HARD,True
train,17684,codechef,UNKNOWN_DIFFICULTY,True
train,17685,codeforces,MEDIUM_HARD,True
train,17686,codeforces,EASY,True
train,17687,codeforces,MEDIUM_HARD,True
train,17689,codeforces,EASY,True
train,17690,codeforces,MEDIUM,True
train,17691,codechef,EASY,True
train,17693,codeforces,EASY,True
train,17696,codeforces,MEDIUM_HARD,True
train,17697,codewars,EASY,True
train,17699,codechef,VERY_HARD,True
train,17700,codechef,MEDIUM,True
train,17701,codechef,UNKNOWN_DIFFICULTY,True
train,17702,codeforces,EASY,True
train,17703,codeforces,MEDIUM,True
train,17705,codeforces,MEDIUM_HARD,True
train,17707,geeksforgeeks,MEDIUM,True
train,17709,atcoder,EASY,True
train,17711,codeforces,MEDIUM_HARD,True
train,17712,hackerearth,EASY,False
train,17713,codewars,EASY,True
train,17714,codewars,EASY,True
train,17715,codewars,EASY,True
train,17717,codechef,HARD,True
train,17719,codeforces,EASY,True
train,17720,atcoder,MEDIUM_HARD,True
train,17722,codeforces,EASY,True
train,17725,geeksforgeeks,MEDIUM,True
train,17727,aizu,UNKNOWN_DIFFICULTY,False
train,17729,aizu,UNKNOWN_DIFFICULTY,False
train,17730,codechef,UNKNOWN_DIFFICULTY,True
train,17731,hackerearth,EASY,False
train,17732,codeforces,MEDIUM,True
train,17733,aizu,UNKNOWN_DIFFICULTY,False
train,17734,atcoder,MEDIUM,True
train,17735,geeksforgeeks,EASY,True
train,17736,codeforces,HARD,True
train,17737,hackerearth,EASY,False
train,17738,codeforces,HARD,True
train,17739,codechef,MEDIUM,True
train,17740,codewars,EASY,True
train,17741,hackerearth,MEDIUM,False
train,17742,codechef,VERY_HARD,True
train,17743,geeksforgeeks,EASY,True
train,17744,codechef,UNKNOWN_DIFFICULTY,True
train,17746,codeforces,MEDIUM,True
train,17747,hackerearth,EASY,False
train,17748,codeforces,EASY,True
train,17749,codeforces,EASY,True
train,17750,geeksforgeeks,MEDIUM,True
train,17751,leetcode,MEDIUM,True
train,17752,codeforces,EASY,True
train,17753,codeforces,MEDIUM_HARD,True
train,17754,codeforces,HARD,True
train,17755,codeforces,MEDIUM_HARD,True
train,17756,codewars,EASY,True
train,17757,codewars,EASY,True
train,17758,geeksforgeeks,EASY,True
train,17759,hackerearth,EASY,False
train,17761,codeforces,HARD,True
train,17762,codewars,EASY,True
train,17763,codeforces,EASY,True
train,17764,codechef,HARD,True
train,17766,codeforces,HARD,True
train,17767,codeforces,HARD,True
train,17769,atcoder,EASY,True
train,17770,codechef,UNKNOWN_DIFFICULTY,True
train,17773,geeksforgeeks,EASY,True
train,17774,geeksforgeeks,EASY,True
train,17775,atcoder,UNKNOWN_DIFFICULTY,False
train,17776,geeksforgeeks,MEDIUM,True
train,17777,codewars,EASY,True
train,17778,geeksforgeeks,MEDIUM,True
train,17779,codeforces,MEDIUM_HARD,True
train,17780,codeforces,EASY,True
train,17784,hackerearth,EASY,False
train,17785,codechef,VERY_HARD,True
train,17786,codeforces,EASY,True
train,17787,codeforces,EASY,True
train,17788,geeksforgeeks,EASY,True
train,17789,codeforces,MEDIUM,True
train,17790,codeforces,EASY,True
train,17791,codewars,EASY,True
train,17792,atcoder,EASY,True
train,17793,codechef,VERY_HARD,True
train,17794,codeforces,EASY,True
train,17795,codeforces,EASY,True
train,17796,codeforces,MEDIUM,True
train,17797,codeforces,MEDIUM,True
train,17799,codewars,EASY,True
train,17802,aizu,UNKNOWN_DIFFICULTY,False
train,17805,aizu,UNKNOWN_DIFFICULTY,False
train,17806,codeforces,EASY,True
train,17807,codewars,EASY,True
train,17808,codewars,EASY,True
train,17809,codeforces,HARD,True
train,17810,codeforces,EASY,True
train,17811,leetcode,MEDIUM,True
train,17812,geeksforgeeks,EASY,True
train,17813,codeforces,HARD,True
train,17814,aizu,UNKNOWN_DIFFICULTY,False
train,17815,geeksforgeeks,EASY,True
train,17816,codewars,EASY,True
train,17818,codeforces,EASY,True
train,17819,codeforces,EASY,True
train,17820,codeforces,EASY,True
train,17821,codewars,EASY,True
train,17823,codeforces,MEDIUM_HARD,True
train,17825,codechef,MEDIUM_HARD,True
train,17826,geeksforgeeks,EASY,True
train,17829,aizu,UNKNOWN_DIFFICULTY,False
train,17830,hackerearth,EASY,False
train,17831,codeforces,MEDIUM,True
train,17832,codechef,HARD,True
train,17833,codechef,VERY_HARD,True
train,17834,atcoder,MEDIUM_HARD,True
train,17835,aizu,UNKNOWN_DIFFICULTY,False
train,17836,codeforces,MEDIUM,True
train,17838,geeksforgeeks,MEDIUM,True
train,17839,geeksforgeeks,EASY,True
train,17840,codeforces,MEDIUM_HARD,True
train,17842,geeksforgeeks,EASY,True
train,17843,codewars,EASY,True
train,17844,codeforces,EASY,True
train,17845,codewars,EASY,True
train,17846,codeforces,EASY,True
train,17847,codeforces,HARD,True
train,17850,codeforces,EASY,True
train,17852,aizu,UNKNOWN_DIFFICULTY,False
train,17853,geeksforgeeks,MEDIUM,True
train,17854,codeforces,MEDIUM_HARD,True
train,17855,codeforces,EASY,True
train,17856,geeksforgeeks,EASY,True
train,17857,codechef,HARD,True
train,17858,codeforces,MEDIUM,True
train,17861,codeforces,EASY,True
train,17862,codeforces,EASY,True
train,17863,codewars,EASY,True
train,17864,codechef,UNKNOWN_DIFFICULTY,True
train,17866,codeforces,MEDIUM_HARD,True
train,17868,codeforces,MEDIUM,True
train,17870,aizu,UNKNOWN_DIFFICULTY,False
train,17871,codeforces,MEDIUM_HARD,True
train,17872,codeforces,MEDIUM_HARD,True
train,17873,codeforces,HARD,True
train,17874,codeforces,MEDIUM,True
train,17875,codechef,MEDIUM_HARD,True
train,17876,geeksforgeeks,EASY,True
train,17877,aizu,UNKNOWN_DIFFICULTY,False
train,17878,hackerearth,UNKNOWN_DIFFICULTY,False
train,17882,geeksforgeeks,MEDIUM,True
train,17883,codechef,UNKNOWN_DIFFICULTY,True
train,17884,codewars,EASY,True
train,17886,codeforces,HARD,True
train,17889,codechef,HARD,True
train,17891,hackerearth,UNKNOWN_DIFFICULTY,False
train,17892,geeksforgeeks,EASY,True
train,17893,codeforces,MEDIUM_HARD,True
train,17895,codeforces,HARD,True
train,17896,geeksforgeeks,EASY,True
train,17898,codechef,EASY,True
train,17900,leetcode,MEDIUM,True
train,17901,codeforces,EASY,True
train,17902,codechef,UNKNOWN_DIFFICULTY,True
train,17903,aizu,UNKNOWN_DIFFICULTY,False
train,17905,codeforces,HARD,True
train,17906,codeforces,EASY,True
train,17907,aizu,UNKNOWN_DIFFICULTY,False
train,17909,codewars,EASY,True
train,17910,codechef,EASY,True
train,17916,codechef,EASY,True
train,17919,hackerearth,EASY,False
train,17920,aizu,UNKNOWN_DIFFICULTY,False
train,17923,codechef,MEDIUM_HARD,True
train,17924,geeksforgeeks,MEDIUM_HARD,True
train,17926,geeksforgeeks,MEDIUM,True
train,17927,codeforces,MEDIUM_HARD,True
train,17928,geeksforgeeks,EASY,True
train,17930,geeksforgeeks,MEDIUM,True
train,17931,codechef,EASY,True
train,17932,codeforces,EASY,True
train,17933,codechef,VERY_HARD,True
train,17934,codeforces,EASY,True
train,17935,codeforces,MEDIUM_HARD,True
train,17936,codewars,EASY,True
train,17937,codeforces,VERY_HARD,True
train,17939,hackerearth,UNKNOWN_DIFFICULTY,False
train,17940,codeforces,MEDIUM_HARD,True
train,17941,codeforces,MEDIUM_HARD,True
train,17943,codeforces,MEDIUM,True
train,17944,geeksforgeeks,MEDIUM,True
train,17945,codechef,MEDIUM,True
train,17947,codeforces,VERY_HARD,True
train,17948,codechef,HARD,True
train,17951,geeksforgeeks,MEDIUM_HARD,True
train,17953,codechef,EASY,True
train,17954,codeforces,EASY,True
train,17955,codeforces,HARD,True
train,17956,codewars,EASY,True
train,17957,codeforces,EASY,True
train,17958,codeforces,MEDIUM,True
train,17959,geeksforgeeks,EASY,True
train,17960,codeforces,HARD,True
train,17962,codewars,EASY,True
train,17963,codewars,EASY,True
train,17964,codeforces,EASY,True
train,17965,codeforces,EASY,True
train,17967,hackerearth,EASY,False
train,17968,codeforces,VERY_HARD,True
train,17969,codechef,VERY_HARD,True
train,17975,atcoder,EASY,True
train,17977,codeforces,HARD,True
train,17979,codeforces,MEDIUM,True
train,17981,geeksforgeeks,EASY,True
train,17982,codeforces,MEDIUM_HARD,True
train,17983,codeforces,HARD,True
train,17985,codeforces,MEDIUM_HARD,True
train,17986,codechef,VERY_HARD,True
train,17988,atcoder,MEDIUM,True
train,17989,codeforces,EASY,True
train,17990,codewars,EASY,True
train,17992,codewars,EASY,True
train,17993,codechef,VERY_HARD,True
train,17994,leetcode,MEDIUM_HARD,True
train,17995,codechef,VERY_HARD,True
train,17996,geeksforgeeks,MEDIUM,True
train,17998,codeforces,MEDIUM_HARD,True
train,17999,codeforces,HARD,True
train,18000,codeforces,MEDIUM,True
train,18001,geeksforgeeks,EASY,True
train,18003,atcoder,UNKNOWN_DIFFICULTY,False
train,18004,geeksforgeeks,EASY,True
train,18009,codechef,MEDIUM_HARD,True
train,18011,codeforces,EASY,True
train,18012,codewars,EASY,True
train,18013,geeksforgeeks,EASY,True
train,18014,aizu,UNKNOWN_DIFFICULTY,False
train,18016,codeforces,MEDIUM,True
train,18017,atcoder,UNKNOWN_DIFFICULTY,False
train,18018,geeksforgeeks,MEDIUM,True
train,18019,codeforces,MEDIUM_HARD,True
train,18020,codechef,EASY,True
train,18021,codeforces,MEDIUM_HARD,True
train,18023,codeforces,EASY,True
train,18025,codewars,EASY,True
train,18026,codewars,EASY,True
train,18027,codeforces,MEDIUM_HARD,True
train,18029,codechef,UNKNOWN_DIFFICULTY,True
train,18030,codeforces,HARD,True
train,18032,geeksforgeeks,MEDIUM,True
train,18034,codechef,MEDIUM_HARD,True
train,18037,aizu,UNKNOWN_DIFFICULTY,False
train,18038,codechef,EASY,True
train,18039,hackerearth,EASY,False
train,18040,geeksforgeeks,MEDIUM,True
train,18041,hackerearth,UNKNOWN_DIFFICULTY,False
train,18042,atcoder,UNKNOWN_DIFFICULTY,False
train,18043,geeksforgeeks,EASY,True
train,18044,codechef,VERY_HARD,True
train,18045,codeforces,EASY,True
train,18046,aizu,UNKNOWN_DIFFICULTY,False
train,18047,codewars,EASY,True
train,18048,codeforces,MEDIUM,True
train,18051,codeforces,MEDIUM_HARD,True
train,18052,codewars,EASY,True
train,18054,codechef,VERY_HARD,True
train,18055,leetcode,EASY,True
train,18057,geeksforgeeks,MEDIUM,True
train,18058,codechef,UNKNOWN_DIFFICULTY,True
train,18060,codeforces,MEDIUM,True
train,18061,leetcode,MEDIUM,True
train,18062,hackerearth,UNKNOWN_DIFFICULTY,False
train,18063,codeforces,EASY,True
train,18066,codeforces,MEDIUM,True
train,18067,aizu,UNKNOWN_DIFFICULTY,False
train,18072,codechef,UNKNOWN_DIFFICULTY,True
train,18073,geeksforgeeks,EASY,True
train,18074,atcoder,UNKNOWN_DIFFICULTY,False
train,18076,codechef,HARD,True
train,18077,codechef,UNKNOWN_DIFFICULTY,True
train,18078,codechef,MEDIUM,True
train,18079,leetcode,MEDIUM_HARD,True
train,18081,codeforces,VERY_HARD,True
train,18082,codeforces,EASY,True
train,18083,codewars,EASY,True
train,18084,hackerearth,UNKNOWN_DIFFICULTY,False
train,18085,geeksforgeeks,MEDIUM_HARD,True
train,18087,hackerearth,UNKNOWN_DIFFICULTY,False
train,18089,geeksforgeeks,MEDIUM_HARD,True
train,18094,codechef,MEDIUM,True
train,18095,leetcode,EASY,True
train,18096,geeksforgeeks,EASY,True
train,18099,atcoder,EASY,True
train,18100,codeforces,EASY,True
train,18103,codeforces,EASY,True
train,18104,codeforces,MEDIUM_HARD,True
train,18105,atcoder,UNKNOWN_DIFFICULTY,False
train,18106,codeforces,MEDIUM_HARD,True
train,18107,aizu,UNKNOWN_DIFFICULTY,False
train,18108,codeforces,EASY,True
train,18109,codechef,VERY_HARD,True
train,18112,codewars,EASY,True
train,18113,codeforces,EASY,True
train,18116,codeforces,MEDIUM_HARD,True
train,18117,geeksforgeeks,EASY,True
train,18118,codewars,EASY,True
train,18119,codechef,EASY,True
train,18120,codeforces,MEDIUM,True
train,18122,geeksforgeeks,MEDIUM,True
train,18125,codewars,EASY,True
train,18126,geeksforgeeks,EASY,True
train,18127,leetcode,MEDIUM_HARD,True
train,18128,codechef,UNKNOWN_DIFFICULTY,True
train,18129,atcoder,UNKNOWN_DIFFICULTY,False
train,18130,geeksforgeeks,EASY,True
train,18131,geeksforgeeks,EASY,True
train,18132,codeforces,HARD,True
train,18134,hackerearth,UNKNOWN_DIFFICULTY,False
train,18136,codechef,EASY,True
train,18138,codeforces,MEDIUM,True
train,18139,codechef,MEDIUM,True
train,18140,codewars,EASY,True
train,18141,atcoder,MEDIUM,True
train,18142,aizu,UNKNOWN_DIFFICULTY,False
train,18143,hackerearth,EASY,False
train,18144,geeksforgeeks,EASY,True
train,18146,geeksforgeeks,MEDIUM,True
train,18150,codewars,EASY,True
train,18152,codewars,EASY,True
train,18153,codewars,EASY,True
train,18154,leetcode,EASY,True
train,18156,codechef,UNKNOWN_DIFFICULTY,True
train,18158,codewars,EASY,True
train,18160,geeksforgeeks,EASY,True
train,18163,codeforces,MEDIUM_HARD,True
train,18166,codeforces,EASY,True
train,18169,codewars,EASY,True
train,18170,geeksforgeeks,EASY,True
train,18171,codechef,UNKNOWN_DIFFICULTY,True
train,18172,codechef,HARD,True
train,18173,codeforces,VERY_HARD,True
train,18174,codeforces,EASY,True
train,18175,codechef,MEDIUM_HARD,True
train,18177,codechef,MEDIUM,True
train,18179,aizu,UNKNOWN_DIFFICULTY,False
train,18180,leetcode,MEDIUM,True
train,18185,atcoder,UNKNOWN_DIFFICULTY,False
train,18187,atcoder,EASY,True
train,18188,codewars,EASY,True
train,18190,codeforces,MEDIUM_HARD,True
train,18192,codeforces,MEDIUM,True
train,18193,codeforces,VERY_HARD,True
train,18194,codeforces,EASY,True
train,18195,geeksforgeeks,MEDIUM_HARD,True
train,18196,geeksforgeeks,EASY,True
train,18198,aizu,UNKNOWN_DIFFICULTY,False
train,18199,geeksforgeeks,EASY,True
train,18200,codewars,EASY,True
train,18201,codeforces,MEDIUM_HARD,True
train,18203,atcoder,EASY,True
train,18204,atcoder,MEDIUM_HARD,True
train,18206,geeksforgeeks,MEDIUM,True
train,18207,codeforces,EASY,True
train,18208,aizu,UNKNOWN_DIFFICULTY,False
train,18209,geeksforgeeks,MEDIUM_HARD,True
train,18210,geeksforgeeks,MEDIUM,True
train,18211,atcoder,UNKNOWN_DIFFICULTY,False
train,18212,geeksforgeeks,EASY,True
train,18214,codeforces,EASY,True
train,18216,codechef,VERY_HARD,True
train,18217,codechef,UNKNOWN_DIFFICULTY,True
train,18218,codechef,MEDIUM_HARD,True
train,18219,codechef,HARD,True
train,18221,codewars,MEDIUM_HARD,True
train,18222,codeforces,EASY,True
train,18223,codewars,EASY,True
train,18228,codewars,EASY,True
train,18229,codechef,UNKNOWN_DIFFICULTY,True
train,18230,geeksforgeeks,EASY,True
train,18231,codechef,MEDIUM_HARD,True
train,18233,codeforces,EASY,True
train,18236,aizu,UNKNOWN_DIFFICULTY,False
train,18240,atcoder,VERY_HARD,True
train,18243,codeforces,MEDIUM_HARD,True
train,18245,geeksforgeeks,EASY,True
train,18246,geeksforgeeks,EASY,True
train,18247,geeksforgeeks,EASY,True
train,18248,codewars,EASY,True
train,18250,codeforces,EASY,True
train,18251,codeforces,VERY_HARD,True
train,18253,codeforces,EASY,True
train,18254,hackerearth,UNKNOWN_DIFFICULTY,False
train,18256,codechef,MEDIUM,True
train,18257,atcoder,UNKNOWN_DIFFICULTY,False
train,18258,codeforces,HARD,True
train,18259,codewars,EASY,True
train,18261,codewars,EASY,True
train,18265,codechef,UNKNOWN_DIFFICULTY,True
train,18267,codechef,UNKNOWN_DIFFICULTY,True
train,18268,codechef,MEDIUM_HARD,True
train,18270,codewars,EASY,True
train,18271,codeforces,MEDIUM_HARD,True
train,18272,codechef,UNKNOWN_DIFFICULTY,True
train,18274,codechef,UNKNOWN_DIFFICULTY,True
train,18275,codewars,EASY,True
train,18276,codeforces,MEDIUM_HARD,True
train,18278,codechef,VERY_HARD,True
train,18279,codewars,EASY,True
train,18281,geeksforgeeks,EASY,True
train,18283,codeforces,HARD,True
train,18284,aizu,UNKNOWN_DIFFICULTY,False
train,18285,geeksforgeeks,EASY,True
train,18286,codeforces,HARD,True
train,18287,codeforces,HARD,True
train,18288,geeksforgeeks,EASY,True
train,18289,codechef,MEDIUM,True
train,18291,geeksforgeeks,MEDIUM,True
train,18293,codewars,EASY,True
train,18294,codewars,EASY,True
train,18295,codeforces,HARD,True
train,18296,atcoder,UNKNOWN_DIFFICULTY,False
train,18297,codeforces,EASY,True
train,18298,codechef,MEDIUM,True
train,18302,codeforces,EASY,True
train,18303,codeforces,MEDIUM_HARD,True
train,18304,geeksforgeeks,EASY,True
train,18305,codeforces,MEDIUM_HARD,True
train,18306,leetcode,MEDIUM,True
train,18307,codeforces,MEDIUM_HARD,True
train,18311,codewars,EASY,True
train,18313,codeforces,VERY_HARD,True
train,18314,codeforces,HARD,True
train,18317,codechef,VERY_HARD,True
train,18318,leetcode,MEDIUM,True
train,18320,codeforces,HARD,True
train,18321,codechef,UNKNOWN_DIFFICULTY,True
train,18322,codeforces,HARD,True
train,18323,hackerearth,UNKNOWN_DIFFICULTY,False
train,18324,aizu,UNKNOWN_DIFFICULTY,False
train,18325,codewars,EASY,True
train,18326,codeforces,EASY,True
train,18327,leetcode,MEDIUM_HARD,True
train,18328,hackerearth,MEDIUM,False
train,18329,codeforces,HARD,True
train,18330,hackerearth,UNKNOWN_DIFFICULTY,False
train,18333,codeforces,EASY,True
train,18334,aizu,UNKNOWN_DIFFICULTY,False
train,18335,codeforces,EASY,True
train,18336,codeforces,HARD,True
train,18338,leetcode,MEDIUM_HARD,True
train,18340,aizu,UNKNOWN_DIFFICULTY,False
train,18341,geeksforgeeks,EASY,True
train,18342,codechef,MEDIUM,True
train,18343,codeforces,EASY,True
train,18346,hackerearth,MEDIUM,False
train,18347,hackerearth,MEDIUM,False
train,18349,codeforces,EASY,True
train,18351,hackerearth,UNKNOWN_DIFFICULTY,False
train,18352,codeforces,EASY,True
train,18354,codeforces,VERY_HARD,True
train,18355,codewars,EASY,True
train,18356,codeforces,EASY,True
train,18357,codewars,EASY,True
train,18358,geeksforgeeks,EASY,True
train,18359,codewars,EASY,True
train,18360,codeforces,EASY,True
train,18362,geeksforgeeks,MEDIUM,True
train,18363,aizu,UNKNOWN_DIFFICULTY,False
train,18364,codeforces,EASY,True
train,18369,codeforces,MEDIUM_HARD,True
train,18370,leetcode,MEDIUM_HARD,True
train,18372,codeforces,VERY_HARD,True
train,18374,codechef,EASY,True
train,18375,codeforces,HARD,True
train,18376,codewars,EASY,True
train,18377,geeksforgeeks,MEDIUM,True
train,18381,codeforces,EASY,True
train,18382,codechef,MEDIUM_HARD,True
train,18383,codeforces,EASY,True
train,18384,codechef,EASY,True
train,18385,geeksforgeeks,EASY,True
train,18386,codeforces,HARD,True
train,18388,codechef,EASY,True
train,18391,codewars,EASY,True
train,18392,atcoder,EASY,True
train,18393,codeforces,HARD,True
train,18394,codeforces,EASY,True
train,18395,codewars,EASY,True
train,18396,codeforces,VERY_HARD,True
train,18397,geeksforgeeks,EASY,True
train,18398,codeforces,EASY,True
train,18399,geeksforgeeks,MEDIUM,True
train,18400,codechef,UNKNOWN_DIFFICULTY,True
train,18401,aizu,UNKNOWN_DIFFICULTY,False
train,18402,aizu,UNKNOWN_DIFFICULTY,False
train,18403,hackerearth,MEDIUM,False
train,18404,codeforces,VERY_HARD,True
train,18405,codewars,EASY,True
train,18408,leetcode,MEDIUM_HARD,True
train,18410,codeforces,HARD,True
train,18411,hackerearth,EASY,False
train,18413,codeforces,HARD,True
train,18415,aizu,UNKNOWN_DIFFICULTY,False
train,18418,codeforces,MEDIUM_HARD,True
train,18419,geeksforgeeks,EASY,True
train,18421,codechef,EASY,True
train,18422,geeksforgeeks,EASY,True
train,18423,geeksforgeeks,MEDIUM,True
train,18424,codechef,EASY,True
train,18425,codechef,EASY,True
train,18426,codeforces,EASY,True
train,18427,codeforces,MEDIUM_HARD,True
train,18428,codewars,EASY,True
train,18430,codeforces,HARD,True
train,18431,codewars,EASY,True
train,18432,codeforces,VERY_HARD,True
train,18434,hackerearth,UNKNOWN_DIFFICULTY,False
train,18435,leetcode,MEDIUM_HARD,True
train,18436,aizu,UNKNOWN_DIFFICULTY,False
train,18437,codeforces,MEDIUM,True
train,18439,codechef,EASY,True
train,18442,codewars,EASY,True
train,18443,codeforces,MEDIUM,True
train,18445,codeforces,EASY,True
train,18446,codeforces,HARD,True
train,18447,atcoder,MEDIUM_HARD,True
train,18449,codewars,EASY,True
train,18450,geeksforgeeks,MEDIUM,True
train,18451,codechef,VERY_HARD,True
train,18453,codeforces,HARD,True
train,18454,codewars,EASY,True
train,18455,atcoder,EASY,True
train,18456,codeforces,HARD,True
train,18457,atcoder,MEDIUM,True
train,18458,geeksforgeeks,EASY,True
train,18461,codechef,VERY_HARD,True
train,18462,aizu,UNKNOWN_DIFFICULTY,False
train,18463,geeksforgeeks,EASY,True
train,18464,codechef,HARD,True
train,18465,codeforces,MEDIUM_HARD,True
train,18467,geeksforgeeks,EASY,True
train,18468,atcoder,UNKNOWN_DIFFICULTY,False
train,18469,geeksforgeeks,EASY,True
train,18470,codeforces,MEDIUM_HARD,True
train,18473,codeforces,MEDIUM,True
train,18475,codeforces,MEDIUM_HARD,True
train,18478,codechef,UNKNOWN_DIFFICULTY,True
train,18482,codewars,EASY,True
train,18483,codeforces,HARD,True
train,18485,codeforces,MEDIUM_HARD,True
train,18487,codechef,EASY,True
train,18488,codeforces,MEDIUM_HARD,True
train,18489,hackerearth,MEDIUM,False
train,18490,geeksforgeeks,MEDIUM,True
train,18491,codechef,MEDIUM,True
train,18492,hackerearth,UNKNOWN_DIFFICULTY,False
train,18494,hackerearth,EASY,False
train,18495,codechef,MEDIUM,True
train,18496,aizu,UNKNOWN_DIFFICULTY,False
train,18497,codewars,EASY,True
train,18498,leetcode,EASY,True
train,18499,geeksforgeeks,MEDIUM,True
train,18500,codeforces,MEDIUM,True
train,18501,codeforces,HARD,True
train,18503,codeforces,MEDIUM_HARD,True
train,18504,hackerearth,EASY,False
train,18505,atcoder,UNKNOWN_DIFFICULTY,False
train,18506,codechef,EASY,True
train,18509,codeforces,EASY,True
train,18510,codeforces,MEDIUM_HARD,True
train,18511,leetcode,EASY,True
train,18512,hackerearth,UNKNOWN_DIFFICULTY,False
train,18513,codeforces,EASY,True
train,18514,leetcode,MEDIUM_HARD,True
train,18515,codeforces,EASY,True
train,18516,aizu,UNKNOWN_DIFFICULTY,False
train,18517,aizu,UNKNOWN_DIFFICULTY,False
train,18518,codewars,EASY,True
train,18519,codewars,EASY,True
train,18521,codewars,EASY,True
train,18522,codeforces,MEDIUM_HARD,True
train,18523,codechef,EASY,True
train,18524,aizu,UNKNOWN_DIFFICULTY,False
train,18525,codechef,EASY,True
train,18526,codeforces,MEDIUM,True
train,18528,codechef,EASY,True
train,18530,atcoder,EASY,True
train,18531,codeforces,HARD,True
train,18532,codeforces,EASY,True
train,18533,atcoder,EASY,True
train,18534,codeforces,HARD,True
train,18536,codeforces,MEDIUM,True
train,18537,codeforces,VERY_HARD,True
train,18538,codeforces,EASY,True
train,18540,geeksforgeeks,MEDIUM,True
train,18541,aizu,UNKNOWN_DIFFICULTY,False
train,18543,codewars,EASY,True
train,18544,codewars,EASY,True
train,18545,hackerearth,UNKNOWN_DIFFICULTY,False
train,18546,atcoder,MEDIUM_HARD,True
train,18547,codechef,MEDIUM_HARD,True
train,18552,codeforces,VERY_HARD,True
train,18554,geeksforgeeks,EASY,True
train,18555,codechef,MEDIUM_HARD,True
train,18557,codewars,EASY,True
train,18558,codeforces,EASY,True
train,18559,codechef,EASY,True
train,18560,codeforces,EASY,True
train,18561,codeforces,HARD,True
train,18562,leetcode,EASY,True
train,18563,hackerearth,EASY,False
train,18564,codechef,VERY_HARD,True
train,18565,codewars,EASY,True
train,18567,codeforces,EASY,True
train,18568,codeforces,MEDIUM,True
train,18570,leetcode,MEDIUM,True
train,18573,codeforces,MEDIUM,True
train,18574,codeforces,VERY_HARD,True
train,18577,codeforces,HARD,True
train,18578,codechef,VERY_HARD,True
train,18579,geeksforgeeks,EASY,True
train,18583,atcoder,MEDIUM,True
train,18585,codechef,EASY,True
train,18587,codewars,EASY,True
train,18588,hackerearth,EASY,False
train,18589,codeforces,EASY,True
train,18591,codeforces,HARD,True
train,18592,codewars,EASY,True
train,18595,aizu,UNKNOWN_DIFFICULTY,False
train,18596,codeforces,MEDIUM,True
train,18598,geeksforgeeks,EASY,True
train,18601,codeforces,EASY,True
train,18602,hackerearth,EASY,False
train,18604,codewars,EASY,True
train,18605,leetcode,EASY,True
train,18607,aizu,UNKNOWN_DIFFICULTY,False
train,18608,geeksforgeeks,EASY,True
train,18609,aizu,UNKNOWN_DIFFICULTY,False
train,18610,atcoder,MEDIUM,True
train,18611,codeforces,MEDIUM_HARD,True
train,18612,aizu,UNKNOWN_DIFFICULTY,False
train,18613,aizu,UNKNOWN_DIFFICULTY,False
train,18614,geeksforgeeks,MEDIUM,True
train,18615,geeksforgeeks,EASY,True
train,18616,atcoder,UNKNOWN_DIFFICULTY,False
train,18617,codewars,EASY,True
train,18618,hackerearth,EASY,False
train,18619,atcoder,EASY,True
train,18620,codewars,EASY,True
train,18621,geeksforgeeks,EASY,True
train,18625,hackerearth,EASY,False
train,18629,geeksforgeeks,EASY,True
train,18631,atcoder,UNKNOWN_DIFFICULTY,False
train,18632,aizu,UNKNOWN_DIFFICULTY,False
train,18633,codeforces,MEDIUM_HARD,True
train,18634,codechef,UNKNOWN_DIFFICULTY,True
train,18638,codewars,EASY,True
train,18640,codeforces,MEDIUM,True
train,18641,codechef,UNKNOWN_DIFFICULTY,True
train,18642,geeksforgeeks,EASY,True
train,18644,geeksforgeeks,MEDIUM,True
train,18645,atcoder,UNKNOWN_DIFFICULTY,False
train,18647,codechef,UNKNOWN_DIFFICULTY,True
train,18651,codeforces,EASY,True
train,18652,codechef,EASY,True
train,18654,aizu,UNKNOWN_DIFFICULTY,False
train,18656,codechef,MEDIUM_HARD,True
train,18658,atcoder,UNKNOWN_DIFFICULTY,False
train,18659,codewars,EASY,True
train,18660,codechef,UNKNOWN_DIFFICULTY,True
train,18661,codeforces,EASY,True
train,18666,codeforces,HARD,True
train,18667,codeforces,EASY,True
train,18668,codechef,MEDIUM_HARD,True
train,18669,leetcode,MEDIUM,True
train,18671,codewars,EASY,True
train,18672,codeforces,EASY,True
train,18675,codechef,HARD,True
train,18677,codeforces,EASY,True
train,18678,aizu,UNKNOWN_DIFFICULTY,False
train,18680,codeforces,MEDIUM_HARD,True
train,18681,geeksforgeeks,EASY,True
train,18682,hackerearth,EASY,False
train,18683,codeforces,MEDIUM_HARD,True
train,18685,codeforces,MEDIUM_HARD,True
train,18686,codeforces,HARD,True
train,18687,atcoder,UNKNOWN_DIFFICULTY,False
train,18688,codechef,MEDIUM_HARD,True
train,18689,geeksforgeeks,EASY,True
train,18690,atcoder,EASY,True
train,18691,codechef,EASY,True
train,18692,geeksforgeeks,MEDIUM,True
train,18694,atcoder,EASY,True
train,18698,codeforces,EASY,True
train,18699,hackerearth,UNKNOWN_DIFFICULTY,False
train,18700,geeksforgeeks,EASY,True
train,18702,codechef,HARD,True
train,18703,codeforces,EASY,True
train,18704,codechef,MEDIUM,True
train,18705,geeksforgeeks,EASY,True
train,18707,geeksforgeeks,MEDIUM,True
train,18709,leetcode,EASY,True
train,18710,codeforces,EASY,True
train,18711,codechef,MEDIUM_HARD,True
train,18713,codeforces,EASY,True
train,18714,codechef,MEDIUM_HARD,True
train,18715,aizu,UNKNOWN_DIFFICULTY,False
train,18716,codewars,MEDIUM,True
train,18718,codewars,EASY,True
train,18720,codeforces,EASY,True
train,18721,atcoder,UNKNOWN_DIFFICULTY,False
train,18723,codewars,EASY,True
train,18725,atcoder,UNKNOWN_DIFFICULTY,False
train,18727,atcoder,UNKNOWN_DIFFICULTY,False
train,18731,aizu,UNKNOWN_DIFFICULTY,False
train,18734,codewars,EASY,True
train,18735,hackerearth,UNKNOWN_DIFFICULTY,False
train,18738,codeforces,HARD,True
train,18739,codeforces,HARD,True
train,18741,leetcode,MEDIUM,True
train,18742,leetcode,MEDIUM_HARD,True
train,18746,atcoder,UNKNOWN_DIFFICULTY,False
train,18747,codechef,HARD,True
train,18749,codechef,MEDIUM_HARD,True
train,18750,codechef,MEDIUM_HARD,True
train,18751,codeforces,MEDIUM_HARD,True
train,18752,codewars,EASY,True
train,18753,hackerearth,MEDIUM,False
train,18754,codechef,MEDIUM_HARD,True
train,18756,geeksforgeeks,MEDIUM,True
train,18757,aizu,UNKNOWN_DIFFICULTY,False
train,18759,atcoder,MEDIUM,True
train,18761,codeforces,VERY_HARD,True
train,18762,aizu,UNKNOWN_DIFFICULTY,False
train,18763,codeforces,HARD,True
train,18764,atcoder,UNKNOWN_DIFFICULTY,False
train,18765,geeksforgeeks,EASY,True
train,18768,geeksforgeeks,MEDIUM,True
train,18769,codeforces,EASY,True
train,18770,codeforces,MEDIUM,True
train,18771,aizu,UNKNOWN_DIFFICULTY,False
train,18772,codeforces,MEDIUM,True
train,18773,aizu,UNKNOWN_DIFFICULTY,False
train,18775,geeksforgeeks,MEDIUM,True
train,18776,hackerearth,EASY,False
train,18778,codechef,EASY,True
train,18779,hackerearth,MEDIUM,False
train,18781,codeforces,MEDIUM_HARD,True
train,18782,codeforces,HARD,True
train,18783,codechef,EASY,True
train,18785,atcoder,UNKNOWN_DIFFICULTY,False
train,18788,codeforces,MEDIUM,True
train,18791,codeforces,MEDIUM,True
train,18792,codeforces,HARD,True
train,18795,aizu,UNKNOWN_DIFFICULTY,False
train,18798,codechef,UNKNOWN_DIFFICULTY,True
train,18799,geeksforgeeks,EASY,True
train,18801,codechef,UNKNOWN_DIFFICULTY,True
train,18803,codeforces,MEDIUM_HARD,True
train,18804,geeksforgeeks,EASY,True
train,18805,hackerearth,EASY,False
train,18806,geeksforgeeks,EASY,True
train,18808,codeforces,MEDIUM,True
train,18809,codeforces,EASY,True
train,18810,codeforces,EASY,True
train,18811,atcoder,EASY,True
train,18812,codeforces,VERY_HARD,True
train,18814,codeforces,MEDIUM_HARD,True
train,18815,codeforces,MEDIUM,True
train,18816,codechef,VERY_HARD,True
train,18818,codewars,EASY,True
train,18819,aizu,UNKNOWN_DIFFICULTY,False
train,18820,codewars,EASY,True
train,18821,codewars,EASY,True
train,18823,codeforces,EASY,True
train,18825,codechef,EASY,True
train,18826,codechef,EASY,True
train,18827,codeforces,EASY,True
train,18829,codechef,VERY_HARD,True
train,18830,hackerearth,UNKNOWN_DIFFICULTY,False
train,18834,atcoder,EASY,True
train,18836,hackerearth,EASY,False
train,18838,codeforces,MEDIUM_HARD,True
train,18839,aizu,UNKNOWN_DIFFICULTY,False
train,18840,codechef,EASY,True
train,18841,codechef,VERY_HARD,True
train,18842,codewars,EASY,True
train,18843,aizu,UNKNOWN_DIFFICULTY,False
train,18844,aizu,UNKNOWN_DIFFICULTY,False
train,18845,codeforces,HARD,True
train,18846,codechef,MEDIUM,True
train,18847,aizu,UNKNOWN_DIFFICULTY,False
train,18848,codechef,EASY,True
train,18850,codeforces,EASY,True
train,18851,aizu,UNKNOWN_DIFFICULTY,False
train,18852,hackerearth,EASY,False
train,18853,aizu,UNKNOWN_DIFFICULTY,False
train,18854,codewars,EASY,True
train,18855,codewars,EASY,True
train,18856,codechef,MEDIUM_HARD,True
train,18861,geeksforgeeks,EASY,True
train,18862,codechef,MEDIUM,True
train,18863,aizu,UNKNOWN_DIFFICULTY,False
train,18865,atcoder,EASY,True
train,18866,geeksforgeeks,EASY,True
train,18868,codeforces,EASY,True
train,18869,atcoder,EASY,True
train,18871,atcoder,UNKNOWN_DIFFICULTY,False
train,18873,codeforces,MEDIUM_HARD,True
train,18874,codewars,EASY,True
train,18875,atcoder,UNKNOWN_DIFFICULTY,False
train,18876,aizu,UNKNOWN_DIFFICULTY,False
train,18877,geeksforgeeks,MEDIUM,True
train,18878,codeforces,VERY_HARD,True
train,18879,codechef,VERY_HARD,True
train,18880,codewars,EASY,True
train,18881,codeforces,MEDIUM_HARD,True
train,18882,codeforces,MEDIUM_HARD,True
train,18883,codeforces,MEDIUM_HARD,True
train,18884,codechef,EASY,True
train,18885,geeksforgeeks,EASY,True
train,18886,geeksforgeeks,EASY,True
train,18887,aizu,UNKNOWN_DIFFICULTY,False
train,18888,codechef,VERY_HARD,True
train,18889,codeforces,HARD,True
train,18890,geeksforgeeks,EASY,True
train,18891,codechef,VERY_HARD,True
train,18893,atcoder,UNKNOWN_DIFFICULTY,False
train,18897,atcoder,UNKNOWN_DIFFICULTY,False
train,18898,geeksforgeeks,EASY,True
train,18899,leetcode,MEDIUM,True
train,18900,codeforces,MEDIUM,True
train,18901,codewars,EASY,True
train,18902,codeforces,MEDIUM_HARD,True
train,18903,codechef,UNKNOWN_DIFFICULTY,True
train,18905,codechef,VERY_HARD,True
train,18906,codeforces,HARD,True
train,18907,codechef,HARD,True
train,18908,codeforces,HARD,True
train,18910,codeforces,HARD,True
train,18914,codeforces,EASY,True
train,18916,atcoder,UNKNOWN_DIFFICULTY,False
train,18917,aizu,UNKNOWN_DIFFICULTY,False
train,18919,geeksforgeeks,EASY,True
train,18921,atcoder,UNKNOWN_DIFFICULTY,False
train,18923,atcoder,MEDIUM_HARD,True
train,18924,codechef,EASY,True
train,18925,codechef,UNKNOWN_DIFFICULTY,True
train,18926,hackerearth,MEDIUM,False
train,18927,hackerearth,EASY,False
train,18929,geeksforgeeks,EASY,True
train,18930,codechef,MEDIUM_HARD,True
train,18931,geeksforgeeks,EASY,True
train,18932,codechef,VERY_HARD,True
train,18933,codechef,VERY_HARD,True
train,18935,codechef,EASY,True
train,18936,hackerearth,UNKNOWN_DIFFICULTY,False
train,18938,codeforces,EASY,True
train,18939,codewars,EASY,True
train,18940,aizu,UNKNOWN_DIFFICULTY,False
train,18941,codewars,EASY,True
train,18942,codeforces,EASY,True
train,18943,aizu,UNKNOWN_DIFFICULTY,False
train,18944,geeksforgeeks,EASY,True
train,18945,codeforces,EASY,True
train,18946,atcoder,UNKNOWN_DIFFICULTY,False
train,18949,hackerearth,EASY,False
train,18951,hackerearth,MEDIUM,False
train,18952,codeforces,EASY,True
train,18953,codewars,EASY,True
train,18955,leetcode,EASY,True
train,18956,atcoder,MEDIUM,True
train,18960,leetcode,EASY,True
train,18961,geeksforgeeks,EASY,True
train,18963,codeforces,HARD,True
train,18964,codeforces,EASY,True
train,18965,hackerearth,EASY,False
train,18966,aizu,UNKNOWN_DIFFICULTY,False
train,18967,codewars,EASY,True
train,18969,codechef,UNKNOWN_DIFFICULTY,True
train,18971,aizu,UNKNOWN_DIFFICULTY,False
train,18972,codeforces,MEDIUM_HARD,True
train,18973,codechef,VERY_HARD,True
train,18974,atcoder,MEDIUM_HARD,True
train,18976,geeksforgeeks,EASY,True
train,18977,codechef,EASY,True
train,18978,leetcode,MEDIUM,True
train,18980,codechef,VERY_HARD,True
train,18982,codeforces,MEDIUM,True
train,18983,aizu,UNKNOWN_DIFFICULTY,False
train,18984,codeforces,EASY,True
train,18986,aizu,UNKNOWN_DIFFICULTY,False
train,18987,geeksforgeeks,EASY,True
train,18988,codewars,EASY,True
train,18989,aizu,UNKNOWN_DIFFICULTY,False
train,18990,codeforces,MEDIUM_HARD,True
train,18992,geeksforgeeks,EASY,True
train,18994,codeforces,HARD,True
train,18995,codewars,EASY,True
train,18996,codeforces,HARD,True
train,18998,atcoder,EASY,True
train,19000,codeforces,EASY,True
train,19002,codechef,VERY_HARD,True
train,19003,codeforces,EASY,True
train,19004,atcoder,UNKNOWN_DIFFICULTY,False
train,19005,codechef,EASY,True
train,19007,codechef,VERY_HARD,True
train,19009,codeforces,MEDIUM_HARD,True
train,19010,hackerearth,EASY,False
train,19012,aizu,UNKNOWN_DIFFICULTY,False
train,19013,aizu,UNKNOWN_DIFFICULTY,False
train,19014,codewars,EASY,True
train,19016,codewars,EASY,True
train,19017,codewars,EASY,True
train,19018,codewars,EASY,True
train,19019,codeforces,MEDIUM_HARD,True
train,19020,codeforces,EASY,True
train,19021,codeforces,HARD,True
train,19022,codechef,EASY,True
train,19023,codeforces,EASY,True
train,19025,codewars,EASY,True
train,19026,aizu,UNKNOWN_DIFFICULTY,False
train,19027,geeksforgeeks,EASY,True
train,19028,hackerearth,EASY,False
train,19029,geeksforgeeks,MEDIUM,True
train,19030,codechef,UNKNOWN_DIFFICULTY,True
train,19032,atcoder,EASY,True
train,19034,hackerearth,UNKNOWN_DIFFICULTY,False
train,19036,geeksforgeeks,EASY,True
train,19037,codewars,EASY,True
train,19038,codeforces,EASY,True
train,19039,hackerearth,UNKNOWN_DIFFICULTY,False
train,19040,geeksforgeeks,MEDIUM,True
train,19042,hackerearth,EASY,False
train,19043,codeforces,MEDIUM,True
train,19044,codeforces,MEDIUM_HARD,True
train,19045,codechef,EASY,True
train,19046,codeforces,EASY,True
train,19047,codeforces,UNKNOWN_DIFFICULTY,True
train,19048,codeforces,HARD,True
train,19049,codeforces,EASY,True
train,19050,codeforces,HARD,True
train,19052,hackerearth,UNKNOWN_DIFFICULTY,False
train,19053,codewars,EASY,True
train,19054,codechef,EASY,True
train,19055,geeksforgeeks,EASY,True
train,19057,codeforces,HARD,True
train,19058,geeksforgeeks,MEDIUM_HARD,True
train,19059,geeksforgeeks,MEDIUM_HARD,True
train,19060,hackerearth,UNKNOWN_DIFFICULTY,False
train,19062,aizu,UNKNOWN_DIFFICULTY,False
train,19063,codechef,HARD,True
train,19066,codewars,EASY,True
train,19068,geeksforgeeks,EASY,True
train,19071,geeksforgeeks,MEDIUM,True
train,19073,aizu,UNKNOWN_DIFFICULTY,False
train,19074,codeforces,HARD,True
train,19075,codeforces,EASY,True
train,19076,codechef,UNKNOWN_DIFFICULTY,True
train,19077,codewars,EASY,True
train,19079,codeforces,MEDIUM_HARD,True
train,19081,codechef,UNKNOWN_DIFFICULTY,True
train,19083,codewars,EASY,True
train,19084,codeforces,HARD,True
train,19086,codechef,EASY,True
train,19088,codeforces,MEDIUM_HARD,True
train,19090,leetcode,MEDIUM_HARD,True
train,19093,codechef,EASY,True
train,19094,codewars,EASY,True
train,19095,codeforces,EASY,True
train,19096,codeforces,EASY,True
train,19097,codeforces,HARD,True
train,19098,codeforces,MEDIUM_HARD,True
train,19099,atcoder,UNKNOWN_DIFFICULTY,False
train,19103,codewars,EASY,True
train,19104,codeforces,HARD,True
train,19105,codechef,MEDIUM_HARD,True
train,19107,codeforces,EASY,True
train,19109,codewars,EASY,True
train,19110,aizu,UNKNOWN_DIFFICULTY,False
train,19111,hackerearth,UNKNOWN_DIFFICULTY,False
train,19114,geeksforgeeks,EASY,True
train,19115,geeksforgeeks,EASY,True
train,19116,codechef,EASY,True
train,19117,codeforces,MEDIUM,True
train,19118,aizu,UNKNOWN_DIFFICULTY,False
train,19119,codechef,MEDIUM_HARD,True
train,19122,codewars,EASY,True
train,19123,codewars,MEDIUM,True
train,19124,aizu,UNKNOWN_DIFFICULTY,False
train,19125,aizu,UNKNOWN_DIFFICULTY,False
train,19127,geeksforgeeks,MEDIUM,True
train,19128,geeksforgeeks,EASY,True
train,19129,leetcode,MEDIUM_HARD,True
train,19130,geeksforgeeks,EASY,True
train,19131,codeforces,HARD,True
train,19132,geeksforgeeks,EASY,True
train,19133,aizu,UNKNOWN_DIFFICULTY,False
train,19134,codeforces,HARD,True
train,19135,atcoder,UNKNOWN_DIFFICULTY,False
train,19136,codeforces,MEDIUM,True
train,19137,geeksforgeeks,EASY,True
train,19138,geeksforgeeks,EASY,True
train,19139,codewars,EASY,True
train,19143,codewars,EASY,True
train,19144,codechef,EASY,True
train,19145,geeksforgeeks,EASY,True
train,19146,codechef,HARD,True
train,19147,hackerearth,UNKNOWN_DIFFICULTY,False
train,19149,geeksforgeeks,MEDIUM,True
train,19150,atcoder,UNKNOWN_DIFFICULTY,False
train,19151,codeforces,HARD,True
train,19152,atcoder,HARD,True
train,19154,codechef,HARD,True
train,19155,codechef,VERY_HARD,True
train,19156,codechef,UNKNOWN_DIFFICULTY,True
train,19157,codeforces,VERY_HARD,True
train,19158,codeforces,MEDIUM_HARD,True
train,19160,hackerearth,EASY,False
train,19161,atcoder,EASY,True
train,19163,codeforces,HARD,True
train,19164,aizu,UNKNOWN_DIFFICULTY,False
train,19167,codewars,EASY,True
train,19168,geeksforgeeks,EASY,True
train,19169,codeforces,MEDIUM,True
train,19171,codechef,MEDIUM_HARD,True
train,19174,geeksforgeeks,EASY,True
train,19176,codewars,EASY,True
train,19177,hackerearth,EASY,False
train,19179,codewars,EASY,True
train,19180,codechef,MEDIUM_HARD,True
train,19183,codechef,EASY,True
train,19184,codeforces,EASY,True
train,19186,geeksforgeeks,MEDIUM,True
train,19187,codeforces,VERY_HARD,True
train,19188,geeksforgeeks,MEDIUM_HARD,True
train,19189,codechef,EASY,True
train,19191,codeforces,HARD,True
train,19195,codeforces,EASY,True
train,19197,aizu,UNKNOWN_DIFFICULTY,False
train,19198,atcoder,EASY,True
train,19199,atcoder,VERY_HARD,True
train,19201,codeforces,HARD,True
train,19202,atcoder,MEDIUM_HARD,True
train,19205,codeforces,HARD,True
train,19207,codewars,EASY,True
train,19208,aizu,UNKNOWN_DIFFICULTY,False
train,19209,codeforces,HARD,True
train,19210,codeforces,MEDIUM,True
train,19211,codewars,EASY,True
train,19212,atcoder,UNKNOWN_DIFFICULTY,False
train,19213,codewars,EASY,True
train,19214,codechef,EASY,True
train,19215,aizu,UNKNOWN_DIFFICULTY,False
train,19216,codeforces,VERY_HARD,True
train,19217,aizu,UNKNOWN_DIFFICULTY,False
train,19218,geeksforgeeks,MEDIUM,True
train,19220,atcoder,HARD,True
train,19222,codechef,UNKNOWN_DIFFICULTY,True
train,19224,geeksforgeeks,EASY,True
train,19226,codeforces,EASY,True
train,19229,geeksforgeeks,EASY,True
train,19232,codeforces,EASY,True
train,19233,atcoder,MEDIUM_HARD,True
train,19235,geeksforgeeks,MEDIUM,True
train,19236,codeforces,VERY_HARD,True
train,19237,codeforces,MEDIUM,True
train,19238,atcoder,EASY,True
train,19240,codeforces,MEDIUM,True
train,19241,aizu,UNKNOWN_DIFFICULTY,False
train,19242,codeforces,EASY,True
train,19243,codechef,MEDIUM,True
train,19244,codewars,EASY,True
train,19248,geeksforgeeks,EASY,True
train,19249,codechef,UNKNOWN_DIFFICULTY,True
train,19250,codeforces,HARD,True
train,19251,atcoder,EASY,True
train,19253,leetcode,MEDIUM,True
train,19254,codeforces,MEDIUM_HARD,True
train,19255,geeksforgeeks,EASY,True
train,19256,codewars,EASY,True
train,19257,leetcode,MEDIUM,True
train,19258,codechef,UNKNOWN_DIFFICULTY,True
train,19259,codewars,EASY,True
train,19260,codewars,EASY,True
train,19261,leetcode,EASY,True
train,19263,atcoder,UNKNOWN_DIFFICULTY,False
train,19264,codechef,UNKNOWN_DIFFICULTY,True
train,19268,hackerearth,EASY,False
train,19270,codeforces,HARD,True
train,19272,aizu,UNKNOWN_DIFFICULTY,False
train,19273,codeforces,HARD,True
train,19274,hackerearth,UNKNOWN_DIFFICULTY,False
train,19275,aizu,UNKNOWN_DIFFICULTY,False
train,19276,aizu,UNKNOWN_DIFFICULTY,False
train,19277,aizu,UNKNOWN_DIFFICULTY,False
train,19278,aizu,UNKNOWN_DIFFICULTY,False
train,19279,codeforces,MEDIUM_HARD,True
train,19281,codeforces,EASY,True
train,19282,codeforces,EASY,True
train,19284,codechef,UNKNOWN_DIFFICULTY,True
train,19286,codechef,EASY,True
train,19288,geeksforgeeks,MEDIUM,True
train,19289,codewars,EASY,True
train,19291,codeforces,HARD,True
train,19292,codeforces,HARD,True
train,19293,codeforces,EASY,True
train,19296,codechef,UNKNOWN_DIFFICULTY,True
train,19297,codeforces,HARD,True
train,19299,geeksforgeeks,EASY,True
train,19300,codechef,EASY,True
train,19302,geeksforgeeks,MEDIUM,True
train,19303,aizu,UNKNOWN_DIFFICULTY,False
train,19304,geeksforgeeks,EASY,True
train,19305,codewars,EASY,True
train,19308,hackerearth,UNKNOWN_DIFFICULTY,False
train,19309,geeksforgeeks,MEDIUM,True
train,19310,hackerearth,EASY,False
train,19312,codewars,EASY,True
train,19318,codeforces,MEDIUM,True
train,19319,geeksforgeeks,EASY,True
train,19320,codewars,EASY,True
train,19321,codeforces,EASY,True
train,19323,atcoder,EASY,True
train,19324,hackerearth,UNKNOWN_DIFFICULTY,False
train,19325,geeksforgeeks,EASY,True
train,19326,codeforces,EASY,True
train,19328,geeksforgeeks,MEDIUM,True
train,19329,aizu,UNKNOWN_DIFFICULTY,False
train,19330,codeforces,MEDIUM_HARD,True
train,19331,atcoder,MEDIUM_HARD,True
train,19332,geeksforgeeks,MEDIUM,True
train,19333,codechef,EASY,True
train,19335,codewars,EASY,True
train,19336,codechef,EASY,True
train,19337,atcoder,HARD,True
train,19338,codechef,MEDIUM_HARD,True
train,19339,aizu,UNKNOWN_DIFFICULTY,False
train,19340,leetcode,MEDIUM_HARD,True
train,19341,atcoder,EASY,True
train,19342,leetcode,MEDIUM_HARD,True
train,19343,codeforces,EASY,True
train,19344,hackerearth,UNKNOWN_DIFFICULTY,False
train,19347,codeforces,EASY,True
train,19349,codeforces,MEDIUM,True
train,19351,codeforces,MEDIUM_HARD,True
train,19352,codechef,HARD,True
train,19354,codewars,EASY,True
train,19355,codechef,MEDIUM_HARD,True
train,19357,codeforces,MEDIUM_HARD,True
train,19358,codeforces,MEDIUM_HARD,True
train,19363,codewars,EASY,True
train,19364,codeforces,MEDIUM_HARD,True
train,19365,hackerearth,UNKNOWN_DIFFICULTY,False
train,19366,codeforces,HARD,True
train,19367,codechef,UNKNOWN_DIFFICULTY,True
train,19368,codeforces,MEDIUM,True
train,19370,geeksforgeeks,MEDIUM,True
train,19374,geeksforgeeks,MEDIUM,True
train,19375,codechef,EASY,True
train,19377,aizu,UNKNOWN_DIFFICULTY,False
train,19379,geeksforgeeks,EASY,True
train,19380,codechef,UNKNOWN_DIFFICULTY,True
train,19381,geeksforgeeks,EASY,True
train,19382,geeksforgeeks,EASY,True
train,19383,codechef,EASY,True
train,19384,atcoder,MEDIUM_HARD,True
train,19385,atcoder,EASY,True
train,19387,aizu,UNKNOWN_DIFFICULTY,False
train,19388,codechef,EASY,True
train,19390,codeforces,EASY,True
train,19392,geeksforgeeks,MEDIUM,True
train,19395,geeksforgeeks,EASY,True
train,19396,codeforces,VERY_HARD,True
train,19397,codeforces,HARD,True
train,19398,codeforces,HARD,True
train,19399,geeksforgeeks,EASY,True
train,19400,codechef,UNKNOWN_DIFFICULTY,True
train,19401,codechef,MEDIUM_HARD,True
train,19402,codeforces,EASY,True
train,19404,aizu,UNKNOWN_DIFFICULTY,False
train,19406,codeforces,EASY,True
train,19407,codeforces,HARD,True
train,19409,codeforces,EASY,True
train,19410,codechef,UNKNOWN_DIFFICULTY,True
train,19412,atcoder,UNKNOWN_DIFFICULTY,False
train,19414,codeforces,MEDIUM,True
train,19415,atcoder,EASY,True
train,19416,codechef,MEDIUM_HARD,True
train,19417,codeforces,MEDIUM,True
train,19418,codeforces,HARD,True
train,19419,codeforces,HARD,True
train,19421,atcoder,UNKNOWN_DIFFICULTY,False
train,19424,geeksforgeeks,MEDIUM,True
train,19425,atcoder,MEDIUM,True
train,19426,codeforces,EASY,True
train,19427,codeforces,MEDIUM,True
train,19429,codeforces,EASY,True
train,19430,codeforces,EASY,True
train,19431,codechef,MEDIUM_HARD,True
train,19432,codeforces,MEDIUM_HARD,True
train,19433,hackerearth,UNKNOWN_DIFFICULTY,False
train,19434,codeforces,MEDIUM,True
train,19436,codewars,EASY,True
train,19437,leetcode,MEDIUM_HARD,True
train,19439,codeforces,EASY,True
train,19442,codeforces,MEDIUM_HARD,True
train,19443,codeforces,EASY,True
train,19445,codewars,EASY,True
train,19446,codeforces,MEDIUM_HARD,True
train,19447,codewars,EASY,True
train,19448,atcoder,UNKNOWN_DIFFICULTY,False
train,19449,codeforces,MEDIUM,True
train,19450,hackerearth,EASY,False
train,19451,codechef,UNKNOWN_DIFFICULTY,True
train,19454,geeksforgeeks,EASY,True
train,19455,codechef,EASY,True
train,19456,codeforces,EASY,True
train,19457,codechef,EASY,True
train,19458,codechef,UNKNOWN_DIFFICULTY,True
train,19459,codechef,MEDIUM_HARD,True
train,19463,codewars,EASY,True
train,19464,geeksforgeeks,MEDIUM,True
train,19465,geeksforgeeks,MEDIUM_HARD,True
train,19466,codechef,EASY,True
train,19467,codechef,EASY,True
train,19469,codeforces,EASY,True
train,19471,geeksforgeeks,EASY,True
train,19472,atcoder,MEDIUM_HARD,True
train,19473,codewars,EASY,True
train,19475,aizu,UNKNOWN_DIFFICULTY,False
train,19476,codeforces,HARD,True
train,19478,hackerearth,UNKNOWN_DIFFICULTY,False
train,19479,codeforces,MEDIUM_HARD,True
train,19480,atcoder,EASY,True
train,19484,codeforces,EASY,True
train,19486,codechef,MEDIUM_HARD,True
train,19487,atcoder,UNKNOWN_DIFFICULTY,False
train,19489,aizu,UNKNOWN_DIFFICULTY,False
train,19491,codechef,MEDIUM_HARD,True
train,19492,hackerearth,EASY,False
train,19493,codeforces,MEDIUM,True
train,19494,codeforces,HARD,True
train,19495,codechef,MEDIUM,True
train,19496,codewars,EASY,True
train,19497,codechef,HARD,True
train,19498,atcoder,UNKNOWN_DIFFICULTY,False
train,19500,atcoder,UNKNOWN_DIFFICULTY,False
train,19501,codechef,MEDIUM_HARD,True
train,19502,codewars,EASY,True
train,19503,aizu,UNKNOWN_DIFFICULTY,False
train,19505,codewars,EASY,True
train,19507,geeksforgeeks,EASY,True
train,19509,codewars,EASY,True
train,19510,codewars,EASY,True
train,19511,atcoder,EASY,True
train,19512,codewars,EASY,True
train,19514,codewars,EASY,True
train,19515,codechef,EASY,True
train,19516,geeksforgeeks,MEDIUM,True
train,19517,codeforces,HARD,True
train,19518,hackerearth,EASY,False
train,19519,hackerearth,EASY,False
train,19520,codeforces,MEDIUM,True
train,19521,codeforces,EASY,True
train,19522,codechef,EASY,True
train,19524,codeforces,HARD,True
train,19527,codechef,UNKNOWN_DIFFICULTY,True
train,19528,aizu,UNKNOWN_DIFFICULTY,False
train,19529,codewars,EASY,True
train,19530,codeforces,MEDIUM_HARD,True
train,19533,codechef,MEDIUM_HARD,True
train,19534,codeforces,VERY_HARD,True
train,19535,aizu,UNKNOWN_DIFFICULTY,False
train,19536,codeforces,EASY,True
train,19540,aizu,UNKNOWN_DIFFICULTY,False
train,19541,codechef,MEDIUM_HARD,True
train,19542,codeforces,EASY,True
train,19543,codeforces,EASY,True
train,19544,codewars,EASY,True
train,19545,aizu,UNKNOWN_DIFFICULTY,False
train,19546,codeforces,MEDIUM,True
train,19547,hackerearth,EASY,False
train,19548,hackerearth,UNKNOWN_DIFFICULTY,False
train,19551,codechef,EASY,True
train,19553,atcoder,UNKNOWN_DIFFICULTY,False
train,19554,geeksforgeeks,EASY,True
train,19555,codeforces,EASY,True
train,19556,codechef,VERY_HARD,True
train,19557,leetcode,MEDIUM_HARD,True
train,19558,codeforces,HARD,True
train,19559,atcoder,EASY,True
train,19560,geeksforgeeks,EASY,True
train,19561,codeforces,HARD,True
train,19563,codeforces,EASY,True
train,19564,leetcode,MEDIUM,True
train,19566,codechef,MEDIUM,True
train,19567,codewars,EASY,True
train,19568,codeforces,EASY,True
train,19569,codechef,MEDIUM,True
train,19571,codewars,EASY,True
train,19573,hackerearth,EASY,False
train,19574,atcoder,MEDIUM,True
train,19575,codeforces,MEDIUM_HARD,True
train,19576,codeforces,MEDIUM_HARD,True
train,19577,codewars,EASY,True
train,19578,codeforces,MEDIUM_HARD,True
train,19579,hackerearth,EASY,False
train,19580,hackerearth,UNKNOWN_DIFFICULTY,False
train,19582,codeforces,EASY,True
train,19583,geeksforgeeks,EASY,True
train,19584,codeforces,MEDIUM_HARD,True
train,19585,geeksforgeeks,MEDIUM,True
train,19588,codechef,MEDIUM,True
train,19589,codechef,UNKNOWN_DIFFICULTY,True
train,19590,hackerearth,UNKNOWN_DIFFICULTY,False
train,19593,codeforces,HARD,True
train,19594,geeksforgeeks,MEDIUM,True
train,19595,codeforces,HARD,True
train,19604,geeksforgeeks,MEDIUM,True
train,19605,codeforces,HARD,True
train,19606,leetcode,MEDIUM_HARD,True
train,19608,leetcode,MEDIUM_HARD,True
train,19609,codechef,UNKNOWN_DIFFICULTY,True
train,19610,aizu,UNKNOWN_DIFFICULTY,False
train,19611,atcoder,MEDIUM,True
train,19612,codeforces,MEDIUM,True
train,19616,codeforces,EASY,True
train,19617,codeforces,HARD,True
train,19618,atcoder,UNKNOWN_DIFFICULTY,False
train,19619,codechef,HARD,True
train,19620,codewars,EASY,True
train,19621,codechef,UNKNOWN_DIFFICULTY,True
train,19622,geeksforgeeks,EASY,True
train,19624,geeksforgeeks,EASY,True
train,19625,codeforces,MEDIUM_HARD,True
train,19627,codewars,EASY,True
train,19628,codeforces,VERY_HARD,True
train,19630,codeforces,MEDIUM_HARD,True
train,19631,codewars,EASY,True
train,19632,codeforces,EASY,True
train,19633,hackerearth,EASY,False
train,19637,codeforces,MEDIUM_HARD,True
train,19638,codeforces,VERY_HARD,True
train,19639,geeksforgeeks,EASY,True
train,19641,codechef,MEDIUM_HARD,True
train,19644,aizu,UNKNOWN_DIFFICULTY,False
train,19645,codechef,HARD,True
train,19646,hackerearth,UNKNOWN_DIFFICULTY,False
train,19647,geeksforgeeks,EASY,True
train,19648,hackerearth,UNKNOWN_DIFFICULTY,False
train,19649,aizu,UNKNOWN_DIFFICULTY,False
train,19650,atcoder,UNKNOWN_DIFFICULTY,False
train,19651,codeforces,VERY_HARD,True
train,19652,geeksforgeeks,EASY,True
train,19653,codechef,VERY_HARD,True
train,19654,codechef,EASY,True
train,19655,codechef,VERY_HARD,True
train,19656,codeforces,MEDIUM_HARD,True
train,19658,hackerearth,EASY,False
train,19660,aizu,UNKNOWN_DIFFICULTY,False
train,19661,codewars,EASY,True
train,19662,geeksforgeeks,MEDIUM,True
train,19663,atcoder,MEDIUM_HARD,True
train,19673,codeforces,MEDIUM,True
train,19674,codeforces,MEDIUM_HARD,True
train,19675,codewars,EASY,True
train,19677,codeforces,EASY,True
train,19679,atcoder,UNKNOWN_DIFFICULTY,False
train,19680,geeksforgeeks,EASY,True
train,19681,codechef,MEDIUM_HARD,True
train,19682,codeforces,MEDIUM_HARD,True
train,19685,codechef,UNKNOWN_DIFFICULTY,True
train,19690,codeforces,MEDIUM,True
train,19691,codechef,MEDIUM,True
train,19693,geeksforgeeks,EASY,True
train,19696,codechef,UNKNOWN_DIFFICULTY,True
train,19698,hackerearth,UNKNOWN_DIFFICULTY,False
train,19700,codeforces,MEDIUM_HARD,True
train,19701,aizu,UNKNOWN_DIFFICULTY,False
train,19702,codechef,UNKNOWN_DIFFICULTY,True
train,19703,codechef,UNKNOWN_DIFFICULTY,True
train,19704,hackerearth,UNKNOWN_DIFFICULTY,False
train,19705,leetcode,MEDIUM,True
train,19706,aizu,UNKNOWN_DIFFICULTY,False
train,19707,geeksforgeeks,MEDIUM,True
train,19708,atcoder,UNKNOWN_DIFFICULTY,False
train,19711,hackerearth,EASY,False
train,19712,geeksforgeeks,EASY,True
train,19713,codechef,VERY_HARD,True
train,19714,atcoder,EASY,True
train,19716,atcoder,EASY,True
train,19717,atcoder,MEDIUM,True
train,19718,geeksforgeeks,EASY,True
train,19719,codewars,EASY,True
train,19720,geeksforgeeks,EASY,True
train,19722,atcoder,HARD,True
train,19723,codeforces,HARD,True
train,19725,codeforces,HARD,True
train,19727,hackerearth,UNKNOWN_DIFFICULTY,False
train,19729,codeforces,MEDIUM,True
train,19730,codeforces,EASY,True
train,19731,codeforces,EASY,True
train,19732,codeforces,MEDIUM,True
train,19733,codechef,VERY_HARD,True
train,19734,geeksforgeeks,MEDIUM,True
train,19736,codeforces,VERY_HARD,True
train,19738,codeforces,MEDIUM_HARD,True
train,19739,codeforces,HARD,True
train,19740,leetcode,MEDIUM,True
train,19741,codewars,MEDIUM_HARD,True
train,19742,hackerearth,EASY,False
train,19744,aizu,UNKNOWN_DIFFICULTY,False
train,19745,leetcode,MEDIUM,True
train,19746,leetcode,EASY,True
train,19747,codeforces,EASY,True
train,19748,geeksforgeeks,EASY,True
train,19749,codeforces,HARD,True
train,19750,hackerearth,UNKNOWN_DIFFICULTY,False
train,19752,atcoder,EASY,True
train,19755,codeforces,HARD,True
train,19759,codeforces,HARD,True
train,19760,codeforces,MEDIUM,True
train,19761,codeforces,MEDIUM_HARD,True
train,19762,codeforces,EASY,True
train,19763,atcoder,EASY,True
train,19764,atcoder,EASY,True
train,19766,codeforces,HARD,True
train,19769,atcoder,MEDIUM_HARD,True
train,19772,codechef,EASY,True
train,19773,codewars,EASY,True
train,19774,codeforces,MEDIUM_HARD,True
train,19778,codechef,UNKNOWN_DIFFICULTY,True
train,19779,hackerearth,MEDIUM,False
train,19780,codeforces,MEDIUM_HARD,True
train,19782,leetcode,MEDIUM,True
train,19784,codewars,EASY,True
train,19785,codeforces,HARD,True
train,19786,codewars,EASY,True
train,19787,hackerearth,EASY,False
train,19788,geeksforgeeks,MEDIUM,True
train,19790,geeksforgeeks,EASY,True
train,19791,hackerearth,MEDIUM,False
train,19796,codewars,EASY,True
train,19797,codeforces,HARD,True
train,19798,codewars,EASY,True
train,19799,hackerearth,MEDIUM,False
train,19800,geeksforgeeks,MEDIUM,True
train,19801,aizu,UNKNOWN_DIFFICULTY,False
train,19802,geeksforgeeks,MEDIUM_HARD,True
train,19803,codeforces,HARD,True
train,19804,codeforces,EASY,True
train,19806,hackerearth,EASY,False
train,19807,hackerearth,UNKNOWN_DIFFICULTY,False
train,19808,geeksforgeeks,EASY,True
train,19811,hackerearth,MEDIUM_HARD,False
train,19812,codeforces,HARD,True
train,19815,geeksforgeeks,MEDIUM,True
train,19816,atcoder,EASY,True
train,19817,codechef,MEDIUM_HARD,True
train,19818,codewars,EASY,True
train,19819,atcoder,EASY,True
train,19821,hackerearth,EASY,False
train,19823,aizu,UNKNOWN_DIFFICULTY,False
train,19824,atcoder,UNKNOWN_DIFFICULTY,False
train,19825,codeforces,EASY,True
train,19826,geeksforgeeks,EASY,True
train,19828,geeksforgeeks,MEDIUM_HARD,True
train,19830,codewars,EASY,True
train,19834,codewars,EASY,True
train,19835,codeforces,EASY,True
train,19836,codewars,EASY,True
train,19838,codeforces,MEDIUM_HARD,True
train,19839,codeforces,MEDIUM_HARD,True
train,19841,codeforces,MEDIUM_HARD,True
train,19842,aizu,UNKNOWN_DIFFICULTY,False
train,19844,geeksforgeeks,MEDIUM,True
train,19846,codeforces,EASY,True
train,19848,codechef,HARD,True
train,19849,codechef,HARD,True
train,19851,codechef,UNKNOWN_DIFFICULTY,True
train,19852,geeksforgeeks,MEDIUM,True
train,19855,codechef,UNKNOWN_DIFFICULTY,True
train,19857,atcoder,UNKNOWN_DIFFICULTY,False
train,19858,geeksforgeeks,MEDIUM_HARD,True
train,19859,codeforces,EASY,True
train,19861,codeforces,MEDIUM,True
train,19863,atcoder,EASY,True
train,19865,atcoder,EASY,True
train,19867,codeforces,MEDIUM_HARD,True
train,19868,codeforces,EASY,True
train,19869,geeksforgeeks,MEDIUM,True
train,19870,aizu,UNKNOWN_DIFFICULTY,False
train,19871,geeksforgeeks,MEDIUM,True
train,19872,codechef,MEDIUM,True
train,19873,codeforces,MEDIUM,True
train,19874,aizu,UNKNOWN_DIFFICULTY,False
train,19876,codeforces,EASY,True
train,19877,codeforces,MEDIUM_HARD,True
train,19878,geeksforgeeks,EASY,True
train,19880,aizu,UNKNOWN_DIFFICULTY,False
train,19881,codeforces,MEDIUM_HARD,True
train,19882,atcoder,EASY,True
train,19883,codeforces,HARD,True
train,19884,aizu,UNKNOWN_DIFFICULTY,False
train,19885,leetcode,EASY,True
train,19890,codeforces,MEDIUM,True
train,19891,geeksforgeeks,EASY,True
train,19893,codechef,HARD,True
train,19894,codeforces,HARD,True
train,19897,aizu,UNKNOWN_DIFFICULTY,False
train,19899,leetcode,EASY,True
train,19901,codeforces,HARD,True
train,19902,codeforces,MEDIUM,True
train,19903,codechef,VERY_HARD,True
train,19906,hackerearth,MEDIUM,False
train,19908,codeforces,MEDIUM_HARD,True
train,19909,codechef,EASY,True
train,19910,geeksforgeeks,MEDIUM,True
train,19911,aizu,UNKNOWN_DIFFICULTY,False
train,19912,aizu,UNKNOWN_DIFFICULTY,False
train,19913,codeforces,VERY_HARD,True
train,19914,codewars,EASY,True
train,19916,codeforces,EASY,True
train,19918,atcoder,EASY,True
train,19919,hackerearth,EASY,False
train,19920,codeforces,HARD,True
train,19921,codeforces,EASY,True
train,19923,hackerearth,MEDIUM,False
train,19924,codeforces,HARD,True
train,19927,codechef,VERY_HARD,True
train,19930,codeforces,EASY,True
train,19931,codechef,UNKNOWN_DIFFICULTY,True
train,19932,codeforces,EASY,True
train,19933,aizu,UNKNOWN_DIFFICULTY,False
train,19934,geeksforgeeks,EASY,True
train,19935,codeforces,HARD,True
train,19936,codewars,EASY,True
train,19937,codeforces,EASY,True
train,19938,hackerearth,EASY,False
train,19939,codeforces,EASY,True
train,19940,hackerearth,EASY,False
train,19941,aizu,UNKNOWN_DIFFICULTY,False
train,19942,codeforces,EASY,True
train,19943,atcoder,MEDIUM_HARD,True
train,19944,codeforces,MEDIUM,True
train,19946,codeforces,EASY,True
train,19947,codewars,EASY,True
train,19948,codeforces,HARD,True
train,19950,codewars,EASY,True
train,19952,geeksforgeeks,MEDIUM,True
train,19953,codechef,UNKNOWN_DIFFICULTY,True
train,19954,codewars,EASY,True
train,19955,codeforces,EASY,True
train,19957,codeforces,MEDIUM_HARD,True
train,19958,leetcode,MEDIUM_HARD,True
train,19959,codeforces,VERY_HARD,True
train,19960,atcoder,UNKNOWN_DIFFICULTY,False
train,19961,codeforces,HARD,True
train,19963,hackerearth,EASY,False
train,19964,codewars,EASY,True
train,19965,geeksforgeeks,MEDIUM,True
train,19967,aizu,UNKNOWN_DIFFICULTY,False
train,19968,codeforces,VERY_HARD,True
train,19969,codeforces,EASY,True
train,19970,hackerearth,MEDIUM_HARD,False
train,19972,hackerearth,EASY,False
train,19973,codewars,EASY,True
train,19974,aizu,UNKNOWN_DIFFICULTY,False
train,19976,hackerearth,UNKNOWN_DIFFICULTY,False
train,19980,atcoder,EASY,True
train,19984,codeforces,MEDIUM,True
train,19986,geeksforgeeks,EASY,True
train,19989,codeforces,EASY,True
train,19991,codechef,HARD,True
train,19992,codewars,EASY,True
train,19993,leetcode,EASY,True
train,19994,codeforces,MEDIUM_HARD,True
train,19995,hackerearth,UNKNOWN_DIFFICULTY,False
train,19997,geeksforgeeks,EASY,True
train,19999,codeforces,EASY,True
train,20002,codechef,VERY_HARD,True
train,20005,codeforces,MEDIUM,True
train,20007,codechef,UNKNOWN_DIFFICULTY,True
train,20009,codeforces,HARD,True
train,20010,codechef,UNKNOWN_DIFFICULTY,True
train,20012,codeforces,EASY,True
train,20014,codechef,EASY,True
train,20017,geeksforgeeks,EASY,True
train,20019,geeksforgeeks,MEDIUM,True
train,20020,leetcode,MEDIUM,True
train,20021,codeforces,EASY,True
train,20022,codechef,MEDIUM_HARD,True
train,20026,codeforces,MEDIUM,True
train,20029,geeksforgeeks,MEDIUM,True
train,20030,geeksforgeeks,EASY,True
train,20034,leetcode,EASY,True
train,20035,codewars,EASY,True
train,20036,codewars,EASY,True
train,20042,geeksforgeeks,EASY,True
train,20043,codechef,EASY,True
train,20045,codewars,EASY,True
train,20046,hackerearth,UNKNOWN_DIFFICULTY,False
train,20047,codeforces,MEDIUM_HARD,True
train,20048,codeforces,EASY,True
train,20049,codechef,HARD,True
train,20050,codeforces,VERY_HARD,True
train,20053,atcoder,EASY,True
train,20054,codewars,EASY,True
train,20055,aizu,UNKNOWN_DIFFICULTY,False
train,20056,geeksforgeeks,EASY,True
train,20057,aizu,UNKNOWN_DIFFICULTY,False
train,20058,codeforces,EASY,True
train,20059,codeforces,EASY,True
train,20060,codewars,EASY,True
train,20061,geeksforgeeks,MEDIUM,True
train,20062,geeksforgeeks,MEDIUM_HARD,True
train,20063,geeksforgeeks,EASY,True
train,20064,codewars,EASY,True
train,20065,atcoder,MEDIUM_HARD,True
train,20066,codeforces,EASY,True
train,20067,codeforces,EASY,True
train,20069,atcoder,MEDIUM_HARD,True
train,20071,codeforces,EASY,True
train,20072,codeforces,HARD,True
train,20076,aizu,UNKNOWN_DIFFICULTY,False
train,20077,codechef,UNKNOWN_DIFFICULTY,True
train,20079,aizu,UNKNOWN_DIFFICULTY,False
train,20081,codewars,EASY,True
train,20082,codeforces,MEDIUM,True
train,20083,geeksforgeeks,EASY,True
train,20085,geeksforgeeks,EASY,True
train,20086,codewars,EASY,True
train,20087,codechef,MEDIUM_HARD,True
train,20089,codeforces,MEDIUM_HARD,True
train,20094,codeforces,MEDIUM_HARD,True
train,20095,codechef,UNKNOWN_DIFFICULTY,True
train,20097,hackerearth,EASY,False
train,20098,geeksforgeeks,MEDIUM,True
train,20099,codewars,EASY,True
train,20100,atcoder,EASY,True
train,20102,codewars,EASY,True
train,20103,hackerearth,MEDIUM_HARD,False
train,20104,aizu,UNKNOWN_DIFFICULTY,False
train,20106,codeforces,EASY,True
train,20107,codeforces,MEDIUM_HARD,True
train,20108,codechef,EASY,True
train,20111,codechef,MEDIUM,True
train,20112,codechef,MEDIUM,True
train,20113,hackerearth,UNKNOWN_DIFFICULTY,False
train,20115,codeforces,EASY,True
train,20116,atcoder,EASY,True
train,20117,codechef,VERY_HARD,True
train,20118,codeforces,HARD,True
train,20119,atcoder,UNKNOWN_DIFFICULTY,False
train,20121,codeforces,MEDIUM,True
train,20122,geeksforgeeks,MEDIUM_HARD,True
train,20123,geeksforgeeks,EASY,True
train,20124,codeforces,HARD,True
train,20127,codeforces,EASY,True
train,20128,aizu,UNKNOWN_DIFFICULTY,False
train,20129,leetcode,MEDIUM_HARD,True
train,20131,codeforces,HARD,True
train,20132,aizu,UNKNOWN_DIFFICULTY,False
train,20133,leetcode,MEDIUM_HARD,True
train,20135,codechef,EASY,True
train,20136,codewars,EASY,True
train,20137,codeforces,MEDIUM_HARD,True
train,20138,codeforces,MEDIUM_HARD,True
train,20141,codewars,EASY,True
train,20142,codeforces,MEDIUM,True
train,20143,codeforces,EASY,True
train,20145,aizu,UNKNOWN_DIFFICULTY,False
train,20146,leetcode,MEDIUM_HARD,True
train,20147,aizu,UNKNOWN_DIFFICULTY,False
train,20148,codechef,MEDIUM_HARD,True
train,20149,leetcode,EASY,True
train,20150,codeforces,HARD,True
train,20151,codeforces,EASY,True
train,20152,geeksforgeeks,EASY,True
train,20154,codechef,UNKNOWN_DIFFICULTY,True
train,20155,geeksforgeeks,EASY,True
train,20157,hackerearth,UNKNOWN_DIFFICULTY,False
train,20158,hackerearth,UNKNOWN_DIFFICULTY,False
train,20159,codeforces,MEDIUM_HARD,True
train,20161,atcoder,UNKNOWN_DIFFICULTY,False
train,20164,codechef,HARD,True
train,20165,aizu,UNKNOWN_DIFFICULTY,False
train,20166,codeforces,HARD,True
train,20168,codewars,EASY,True
train,20169,codechef,MEDIUM_HARD,True
train,20170,aizu,UNKNOWN_DIFFICULTY,False
train,20171,codeforces,HARD,True
train,20172,atcoder,UNKNOWN_DIFFICULTY,False
train,20173,codeforces,EASY,True
train,20175,codewars,EASY,True
train,20178,geeksforgeeks,EASY,True
train,20180,codewars,EASY,True
train,20183,codewars,EASY,True
train,20185,geeksforgeeks,MEDIUM,True
train,20186,atcoder,UNKNOWN_DIFFICULTY,False
train,20187,codeforces,EASY,True
train,20188,codeforces,EASY,True
train,20189,codechef,EASY,True
train,20190,codewars,EASY,True
train,20191,codewars,EASY,True
train,20192,codechef,EASY,True
train,20193,codeforces,MEDIUM,True
train,20194,codechef,UNKNOWN_DIFFICULTY,True
train,20195,aizu,UNKNOWN_DIFFICULTY,False
train,20197,geeksforgeeks,MEDIUM,True
train,20198,codeforces,EASY,True
train,20200,codeforces,MEDIUM,True
train,20201,geeksforgeeks,EASY,True
train,20202,codeforces,MEDIUM_HARD,True
train,20205,aizu,UNKNOWN_DIFFICULTY,False
train,20206,codeforces,VERY_HARD,True
train,20207,codechef,UNKNOWN_DIFFICULTY,True
train,20210,aizu,UNKNOWN_DIFFICULTY,False
train,20214,geeksforgeeks,EASY,True
train,20215,codewars,EASY,True
train,20217,geeksforgeeks,MEDIUM,True
train,20218,codeforces,MEDIUM,True
train,20219,aizu,UNKNOWN_DIFFICULTY,False
train,20222,codechef,EASY,True
train,20223,atcoder,EASY,True
train,20224,codewars,EASY,True
train,20226,codeforces,MEDIUM,True
train,20227,codeforces,EASY,True
train,20228,codewars,EASY,True
train,20229,codewars,EASY,True
train,20230,codeforces,MEDIUM_HARD,True
train,20231,geeksforgeeks,EASY,True
train,20233,atcoder,MEDIUM_HARD,True
train,20234,codewars,EASY,True
train,20235,geeksforgeeks,EASY,True
train,20237,codeforces,HARD,True
train,20239,codewars,EASY,True
train,20240,codeforces,HARD,True
train,20241,codewars,EASY,True
train,20242,geeksforgeeks,EASY,True
train,20243,codeforces,MEDIUM_HARD,True
train,20244,hackerearth,UNKNOWN_DIFFICULTY,False
train,20245,codeforces,VERY_HARD,True
train,20246,codechef,EASY,True
train,20248,codewars,EASY,True
train,20249,geeksforgeeks,MEDIUM_HARD,True
train,20250,codeforces,EASY,True
train,20252,codeforces,MEDIUM_HARD,True
train,20253,hackerearth,EASY,False
train,20255,atcoder,HARD,True
train,20257,codeforces,HARD,True
train,20258,codechef,EASY,True
train,20259,codechef,EASY,True
train,20260,codeforces,EASY,True
train,20261,codeforces,EASY,True
train,20262,codechef,EASY,True
train,20263,codewars,EASY,True
train,20265,codeforces,EASY,True
train,20267,codewars,EASY,True
train,20268,codewars,EASY,True
train,20271,aizu,UNKNOWN_DIFFICULTY,False
train,20275,codeforces,VERY_HARD,True
train,20276,aizu,UNKNOWN_DIFFICULTY,False
train,20277,codeforces,MEDIUM_HARD,True
train,20279,codechef,MEDIUM_HARD,True
train,20280,codeforces,MEDIUM,True
train,20284,geeksforgeeks,EASY,True
train,20285,hackerearth,UNKNOWN_DIFFICULTY,False
train,20286,codeforces,MEDIUM,True
train,20287,hackerearth,UNKNOWN_DIFFICULTY,False
train,20289,codeforces,EASY,True
train,20290,codechef,UNKNOWN_DIFFICULTY,True
train,20291,codewars,EASY,True
train,20296,aizu,UNKNOWN_DIFFICULTY,False
train,20297,codeforces,MEDIUM_HARD,True
train,20301,geeksforgeeks,EASY,True
train,20302,codeforces,EASY,True
train,20303,geeksforgeeks,EASY,True
train,20305,codechef,EASY,True
train,20306,codechef,VERY_HARD,True
train,20307,hackerearth,EASY,False
train,20308,codewars,EASY,True
train,20311,hackerearth,MEDIUM,False
train,20312,codeforces,EASY,True
train,20314,codeforces,EASY,True
train,20316,codeforces,MEDIUM_HARD,True
train,20317,geeksforgeeks,MEDIUM,True
train,20318,codeforces,HARD,True
train,20319,codeforces,EASY,True
train,20320,geeksforgeeks,EASY,True
train,20321,codeforces,HARD,True
train,20322,codechef,VERY_HARD,True
train,20324,codeforces,MEDIUM,True
train,20325,codechef,UNKNOWN_DIFFICULTY,True
train,20326,atcoder,EASY,True
train,20327,geeksforgeeks,MEDIUM,True
train,20329,geeksforgeeks,MEDIUM,True
train,20330,geeksforgeeks,EASY,True
train,20331,hackerearth,MEDIUM,False
train,20332,aizu,UNKNOWN_DIFFICULTY,False
train,20333,codeforces,HARD,True
train,20336,geeksforgeeks,EASY,True
train,20337,codeforces,EASY,True
train,20338,hackerearth,EASY,False
train,20339,codewars,EASY,True
train,20340,codewars,EASY,True
train,20341,codechef,EASY,True
train,20343,codeforces,EASY,True
train,20344,geeksforgeeks,EASY,True
train,20345,aizu,UNKNOWN_DIFFICULTY,False
train,20347,geeksforgeeks,EASY,True
train,20348,codeforces,HARD,True
train,20349,atcoder,EASY,True
train,20351,geeksforgeeks,MEDIUM_HARD,True
train,20353,codeforces,EASY,True
train,20355,codeforces,EASY,True
train,20356,codewars,EASY,True
train,20357,aizu,UNKNOWN_DIFFICULTY,False
train,20360,codechef,UNKNOWN_DIFFICULTY,True
train,20361,codechef,EASY,True
train,20362,codeforces,VERY_HARD,True
train,20363,codeforces,MEDIUM,True
train,20364,geeksforgeeks,EASY,True
train,20366,atcoder,HARD,True
train,20368,geeksforgeeks,EASY,True
train,20369,aizu,UNKNOWN_DIFFICULTY,False
train,20371,codeforces,HARD,True
train,20372,codewars,EASY,True
train,20374,codechef,EASY,True
train,20375,codechef,MEDIUM_HARD,True
train,20376,codeforces,MEDIUM_HARD,True
train,20377,codeforces,HARD,True
train,20378,codeforces,EASY,True
train,20379,aizu,UNKNOWN_DIFFICULTY,False
train,20380,codechef,UNKNOWN_DIFFICULTY,True
train,20381,codewars,EASY,True
train,20383,codeforces,EASY,True
train,20385,codeforces,HARD,True
train,20386,geeksforgeeks,MEDIUM,True
train,20387,codeforces,HARD,True
train,20388,atcoder,EASY,True
train,20389,codechef,EASY,True
train,20390,codeforces,MEDIUM,True
train,20392,codeforces,MEDIUM,True
train,20393,atcoder,UNKNOWN_DIFFICULTY,False
train,20394,aizu,UNKNOWN_DIFFICULTY,False
train,20396,geeksforgeeks,EASY,True
train,20397,hackerearth,UNKNOWN_DIFFICULTY,False
train,20398,hackerearth,EASY,False
train,20399,codewars,EASY,True
train,20401,hackerearth,UNKNOWN_DIFFICULTY,False
train,20404,geeksforgeeks,MEDIUM,True
train,20406,codewars,EASY,True
train,20409,codechef,MEDIUM_HARD,True
train,20410,codechef,HARD,True
train,20411,geeksforgeeks,MEDIUM,True
train,20412,codeforces,MEDIUM,True
train,20415,codeforces,MEDIUM,True
train,20417,codechef,VERY_HARD,True
train,20418,geeksforgeeks,EASY,True
train,20420,hackerearth,EASY,False
train,20421,aizu,UNKNOWN_DIFFICULTY,False
train,20423,aizu,UNKNOWN_DIFFICULTY,False
train,20424,aizu,UNKNOWN_DIFFICULTY,False
train,20426,codeforces,MEDIUM,True
train,20428,leetcode,MEDIUM,True
train,20432,codechef,MEDIUM_HARD,True
train,20433,geeksforgeeks,EASY,True
train,20435,atcoder,VERY_HARD,True
train,20439,codechef,HARD,True
train,20440,atcoder,EASY,True
train,20441,codewars,EASY,True
train,20444,leetcode,EASY,True
train,20445,atcoder,UNKNOWN_DIFFICULTY,False
train,20447,codechef,UNKNOWN_DIFFICULTY,True
train,20448,codechef,UNKNOWN_DIFFICULTY,True
train,20449,geeksforgeeks,EASY,True
train,20450,codeforces,EASY,True
train,20451,codechef,EASY,True
train,20454,codechef,UNKNOWN_DIFFICULTY,True
train,20455,codechef,EASY,True
train,20458,geeksforgeeks,EASY,True
train,20459,geeksforgeeks,EASY,True
train,20461,codeforces,EASY,True
train,20462,atcoder,UNKNOWN_DIFFICULTY,False
train,20463,codeforces,HARD,True
train,20464,hackerearth,UNKNOWN_DIFFICULTY,False
train,20465,codeforces,EASY,True
train,20466,codechef,EASY,True
train,20467,codechef,UNKNOWN_DIFFICULTY,True
train,20468,codeforces,EASY,True
train,20469,codechef,MEDIUM_HARD,True
train,20470,codewars,EASY,True
train,20471,codeforces,MEDIUM,True
train,20472,codewars,EASY,True
train,20474,geeksforgeeks,MEDIUM_HARD,True
train,20475,hackerearth,EASY,False
train,20476,codeforces,HARD,True
train,20478,geeksforgeeks,EASY,True
train,20479,geeksforgeeks,MEDIUM,True
train,20482,geeksforgeeks,EASY,True
train,20483,atcoder,UNKNOWN_DIFFICULTY,False
train,20484,hackerearth,EASY,False
train,20485,codewars,EASY,True
train,20486,geeksforgeeks,EASY,True
train,20487,hackerearth,EASY,False
train,20490,codeforces,EASY,True
train,20492,geeksforgeeks,MEDIUM_HARD,True
train,20493,codechef,EASY,True
train,20495,aizu,UNKNOWN_DIFFICULTY,False
train,20496,codechef,EASY,True
train,20497,codewars,EASY,True
train,20500,codechef,EASY,True
train,20503,hackerearth,EASY,False
train,20505,hackerearth,EASY,False
train,20507,codewars,EASY,True
train,20508,geeksforgeeks,EASY,True
train,20509,codewars,EASY,True
train,20510,aizu,UNKNOWN_DIFFICULTY,False
train,20512,geeksforgeeks,EASY,True
train,20513,codechef,EASY,True
train,20515,codeforces,HARD,True
train,20516,codeforces,EASY,True
train,20517,geeksforgeeks,MEDIUM,True
train,20518,codeforces,HARD,True
train,20519,codewars,EASY,True
train,20520,codeforces,MEDIUM,True
train,20521,geeksforgeeks,EASY,True
train,20522,codeforces,EASY,True
train,20523,aizu,UNKNOWN_DIFFICULTY,False
train,20524,codechef,EASY,True
train,20526,codewars,EASY,True
train,20528,codewars,EASY,True
train,20530,atcoder,EASY,True
train,20531,atcoder,VERY_HARD,True
train,20532,geeksforgeeks,EASY,True
train,20533,geeksforgeeks,MEDIUM,True
train,20535,geeksforgeeks,EASY,True
train,20537,codewars,EASY,True
train,20539,codewars,EASY,True
train,20540,codewars,EASY,True
train,20541,codeforces,MEDIUM_HARD,True
train,20542,hackerearth,EASY,False
train,20543,geeksforgeeks,EASY,True
train,20546,geeksforgeeks,EASY,True
train,20550,aizu,UNKNOWN_DIFFICULTY,False
train,20551,codechef,UNKNOWN_DIFFICULTY,True
train,20552,codechef,EASY,True
train,20554,geeksforgeeks,EASY,True
train,20555,geeksforgeeks,EASY,True
train,20558,codewars,EASY,True
train,20559,codechef,EASY,True
train,20560,hackerearth,UNKNOWN_DIFFICULTY,False
train,20561,codeforces,HARD,True
train,20564,codechef,UNKNOWN_DIFFICULTY,True
train,20565,codechef,UNKNOWN_DIFFICULTY,True
train,20566,hackerearth,UNKNOWN_DIFFICULTY,False
train,20567,codechef,VERY_HARD,True
train,20568,aizu,UNKNOWN_DIFFICULTY,False
train,20569,codewars,EASY,True
train,20571,codechef,EASY,True
train,20573,codeforces,HARD,True
train,20574,atcoder,UNKNOWN_DIFFICULTY,False
train,20576,leetcode,MEDIUM_HARD,True
train,20578,codechef,HARD,True
train,20582,hackerearth,UNKNOWN_DIFFICULTY,False
train,20583,hackerearth,EASY,False
train,20584,codeforces,MEDIUM,True
train,20585,geeksforgeeks,MEDIUM_HARD,True
train,20586,codewars,EASY,True
train,20587,geeksforgeeks,EASY,True
train,20588,codeforces,MEDIUM_HARD,True
train,20590,geeksforgeeks,EASY,True
train,20591,aizu,UNKNOWN_DIFFICULTY,False
train,20592,codewars,EASY,True
train,20593,geeksforgeeks,EASY,True
train,20594,hackerearth,EASY,False
train,20596,codeforces,EASY,True
train,20597,atcoder,UNKNOWN_DIFFICULTY,False
train,20598,codechef,HARD,True
train,20600,aizu,UNKNOWN_DIFFICULTY,False
train,20601,atcoder,MEDIUM_HARD,True
train,20602,codechef,VERY_HARD,True
train,20603,codeforces,MEDIUM_HARD,True
train,20604,codeforces,EASY,True
train,20605,atcoder,UNKNOWN_DIFFICULTY,False
train,20606,geeksforgeeks,MEDIUM,True
train,20607,codewars,EASY,True
train,20608,atcoder,MEDIUM,True
train,20611,codeforces,HARD,True
train,20612,aizu,UNKNOWN_DIFFICULTY,False
train,20613,leetcode,MEDIUM,True
train,20614,codeforces,MEDIUM_HARD,True
train,20615,codewars,EASY,True
train,20616,geeksforgeeks,EASY,True
train,20617,leetcode,MEDIUM,True
train,20619,atcoder,EASY,True
train,20622,codechef,UNKNOWN_DIFFICULTY,True
train,20623,leetcode,MEDIUM,True
train,20624,codeforces,EASY,True
train,20625,codewars,EASY,True
train,20626,atcoder,EASY,True
train,20627,aizu,UNKNOWN_DIFFICULTY,False
train,20629,leetcode,MEDIUM,True
train,20630,aizu,UNKNOWN_DIFFICULTY,False
train,20631,codewars,EASY,True
train,20632,codeforces,MEDIUM,True
train,20633,codeforces,VERY_HARD,True
train,20634,codeforces,HARD,True
train,20635,codeforces,MEDIUM_HARD,True
train,20637,geeksforgeeks,MEDIUM,True
train,20638,codechef,EASY,True
train,20639,codeforces,EASY,True
train,20640,geeksforgeeks,MEDIUM,True
train,20641,hackerearth,EASY,False
train,20644,aizu,UNKNOWN_DIFFICULTY,False
train,20647,atcoder,UNKNOWN_DIFFICULTY,False
train,20648,geeksforgeeks,EASY,True
train,20649,codeforces,MEDIUM,True
train,20650,aizu,UNKNOWN_DIFFICULTY,False
train,20652,codewars,EASY,True
train,20653,codeforces,EASY,True
train,20656,codeforces,MEDIUM,True
train,20660,atcoder,EASY,True
train,20661,codechef,MEDIUM_HARD,True
train,20662,codeforces,EASY,True
train,20663,codeforces,MEDIUM_HARD,True
train,20664,codeforces,MEDIUM_HARD,True
train,20666,codeforces,EASY,True
train,20667,codechef,VERY_HARD,True
train,20668,codeforces,VERY_HARD,True
train,20669,codewars,EASY,True
train,20670,geeksforgeeks,EASY,True
train,20672,codewars,EASY,True
train,20673,geeksforgeeks,EASY,True
train,20674,codeforces,MEDIUM_HARD,True
train,20676,geeksforgeeks,EASY,True
train,20677,codeforces,HARD,True
train,20678,codechef,EASY,True
train,20679,codeforces,HARD,True
train,20680,codeforces,HARD,True
train,20683,codeforces,MEDIUM,True
train,20684,codeforces,HARD,True
train,20685,codechef,EASY,True
train,20686,aizu,UNKNOWN_DIFFICULTY,False
train,20687,aizu,UNKNOWN_DIFFICULTY,False
train,20688,leetcode,MEDIUM,True
train,20689,codeforces,MEDIUM,True
train,20693,atcoder,MEDIUM_HARD,True
train,20694,codeforces,EASY,True
train,20695,aizu,UNKNOWN_DIFFICULTY,False
train,20696,codewars,EASY,True
train,20697,hackerearth,UNKNOWN_DIFFICULTY,False
train,20699,atcoder,UNKNOWN_DIFFICULTY,False
train,20702,atcoder,UNKNOWN_DIFFICULTY,False
train,20703,codewars,EASY,True
train,20704,geeksforgeeks,EASY,True
train,20708,codeforces,EASY,True
train,20710,hackerearth,MEDIUM,False
train,20712,geeksforgeeks,MEDIUM,True
train,20713,geeksforgeeks,EASY,True
train,20714,codeforces,MEDIUM,True
train,20715,leetcode,MEDIUM,True
train,20717,geeksforgeeks,EASY,True
train,20718,leetcode,EASY,True
train,20719,codeforces,HARD,True
train,20722,geeksforgeeks,MEDIUM,True
train,20723,codeforces,VERY_HARD,True
train,20724,aizu,UNKNOWN_DIFFICULTY,False
train,20726,atcoder,MEDIUM_HARD,True
train,20727,codeforces,VERY_HARD,True
train,20728,codeforces,HARD,True
train,20729,codeforces,EASY,True
train,20730,codeforces,VERY_HARD,True
train,20731,codewars,EASY,True
train,20732,aizu,UNKNOWN_DIFFICULTY,False
train,20733,codewars,EASY,True
train,20735,geeksforgeeks,EASY,True
train,20736,codechef,VERY_HARD,True
train,20737,geeksforgeeks,EASY,True
train,20738,codeforces,MEDIUM,True
train,20739,atcoder,HARD,True
train,20740,leetcode,EASY,True
train,20741,aizu,UNKNOWN_DIFFICULTY,False
train,20742,atcoder,UNKNOWN_DIFFICULTY,False
train,20743,geeksforgeeks,EASY,True
train,20744,codechef,MEDIUM,True
train,20745,codechef,UNKNOWN_DIFFICULTY,True
train,20746,geeksforgeeks,MEDIUM,True
train,20747,aizu,UNKNOWN_DIFFICULTY,False
train,20748,codeforces,EASY,True
train,20749,atcoder,UNKNOWN_DIFFICULTY,False
train,20750,codeforces,EASY,True
train,20751,atcoder,MEDIUM_HARD,True
train,20753,codechef,MEDIUM_HARD,True
train,20755,codechef,UNKNOWN_DIFFICULTY,True
train,20756,codechef,MEDIUM,True
train,20757,geeksforgeeks,EASY,True
train,20758,codechef,MEDIUM_HARD,True
train,20759,codechef,HARD,True
train,20760,codechef,MEDIUM,True
train,20761,atcoder,EASY,True
train,20762,codechef,MEDIUM_HARD,True
train,20764,codeforces,EASY,True
train,20765,atcoder,EASY,True
train,20766,codeforces,EASY,True
train,20767,codechef,MEDIUM,True
train,20768,geeksforgeeks,EASY,True
train,20769,codeforces,HARD,True
train,20770,codeforces,VERY_HARD,True
train,20771,codechef,EASY,True
train,20772,codeforces,MEDIUM_HARD,True
train,20773,codeforces,HARD,True
train,20774,codeforces,MEDIUM_HARD,True
train,20776,codewars,EASY,True
train,20777,leetcode,EASY,True
train,20778,geeksforgeeks,EASY,True
train,20779,codechef,MEDIUM_HARD,True
train,20781,codeforces,MEDIUM,True
train,20782,codeforces,HARD,True
train,20783,codeforces,MEDIUM,True
train,20784,aizu,UNKNOWN_DIFFICULTY,False
train,20788,codechef,MEDIUM,True
train,20790,atcoder,UNKNOWN_DIFFICULTY,False
train,20792,codechef,EASY,True
train,20800,hackerearth,EASY,False
train,20802,codewars,EASY,True
train,20803,codewars,EASY,True
train,20805,codewars,EASY,True
train,20806,geeksforgeeks,MEDIUM,True
train,20807,codewars,EASY,True
train,20809,aizu,UNKNOWN_DIFFICULTY,False
train,20810,geeksforgeeks,EASY,True
train,20811,codechef,UNKNOWN_DIFFICULTY,True
train,20812,codeforces,EASY,True
train,20815,atcoder,UNKNOWN_DIFFICULTY,False
train,20818,codeforces,EASY,True
train,20819,codeforces,HARD,True
train,20820,codeforces,MEDIUM_HARD,True
train,20821,aizu,UNKNOWN_DIFFICULTY,False
train,20823,codewars,EASY,True
train,20826,atcoder,UNKNOWN_DIFFICULTY,False
train,20827,codeforces,EASY,True
train,20828,aizu,UNKNOWN_DIFFICULTY,False
train,20829,geeksforgeeks,EASY,True
train,20830,codeforces,EASY,True
train,20831,geeksforgeeks,EASY,True
train,20832,codeforces,MEDIUM_HARD,True
train,20833,geeksforgeeks,MEDIUM,True
train,20834,codechef,UNKNOWN_DIFFICULTY,True
train,20835,codeforces,MEDIUM,True
train,20836,codeforces,EASY,True
train,20838,atcoder,EASY,True
train,20839,codeforces,MEDIUM_HARD,True
train,20842,hackerearth,EASY,False
train,20843,geeksforgeeks,EASY,True
train,20844,codeforces,MEDIUM_HARD,True
train,20845,geeksforgeeks,MEDIUM,True
train,20846,codeforces,MEDIUM_HARD,True
train,20847,codeforces,EASY,True
train,20850,atcoder,UNKNOWN_DIFFICULTY,False
train,20852,codechef,UNKNOWN_DIFFICULTY,True
train,20854,codewars,EASY,True
train,20855,codeforces,MEDIUM_HARD,True
train,20856,aizu,UNKNOWN_DIFFICULTY,False
train,20857,codeforces,MEDIUM_HARD,True
train,20859,codeforces,HARD,True
train,20863,codeforces,MEDIUM_HARD,True
train,20864,codewars,EASY,True
train,20866,codechef,HARD,True
train,20867,codeforces,MEDIUM,True
train,20869,codeforces,EASY,True
train,20871,atcoder,MEDIUM_HARD,True
train,20872,codechef,VERY_HARD,True
train,20877,codewars,EASY,True
train,20882,hackerearth,MEDIUM,False
train,20883,codeforces,HARD,True
train,20885,codeforces,EASY,True
train,20887,codeforces,UNKNOWN_DIFFICULTY,True
train,20888,codeforces,MEDIUM,True
train,20889,atcoder,MEDIUM,True
train,20890,codeforces,MEDIUM,True
train,20891,geeksforgeeks,EASY,True
train,20893,geeksforgeeks,MEDIUM_HARD,True
train,20894,geeksforgeeks,EASY,True
train,20895,codechef,EASY,True
train,20896,aizu,UNKNOWN_DIFFICULTY,False
train,20897,codechef,MEDIUM_HARD,True
train,20898,codewars,EASY,True
train,20899,codewars,EASY,True
train,20902,geeksforgeeks,EASY,True
train,20906,codechef,UNKNOWN_DIFFICULTY,True
train,20907,aizu,UNKNOWN_DIFFICULTY,False
train,20908,codewars,EASY,True
train,20911,codeforces,HARD,True
train,20912,hackerearth,UNKNOWN_DIFFICULTY,False
train,20913,leetcode,MEDIUM,True
train,20914,codechef,MEDIUM,True
train,20916,codeforces,HARD,True
train,20917,geeksforgeeks,EASY,True
train,20918,codeforces,EASY,True
train,20920,geeksforgeeks,EASY,True
train,20921,codechef,MEDIUM,True
train,20923,leetcode,MEDIUM,True
train,20924,hackerearth,UNKNOWN_DIFFICULTY,False
train,20926,geeksforgeeks,EASY,True
train,20927,codewars,EASY,True
train,20928,geeksforgeeks,EASY,True
train,20929,codewars,EASY,True
train,20930,codeforces,MEDIUM,True
train,20932,atcoder,EASY,True
train,20933,hackerearth,EASY,False
train,20934,codeforces,MEDIUM,True
train,20935,codechef,VERY_HARD,True
train,20936,codechef,VERY_HARD,True
train,20937,geeksforgeeks,MEDIUM,True
train,20939,codeforces,HARD,True
train,20940,atcoder,HARD,True
train,20942,codeforces,HARD,True
train,20943,aizu,UNKNOWN_DIFFICULTY,False
train,20944,codechef,VERY_HARD,True
train,20945,codeforces,MEDIUM_HARD,True
train,20946,codeforces,MEDIUM_HARD,True
train,20947,codeforces,MEDIUM,True
train,20948,geeksforgeeks,EASY,True
train,20950,codewars,EASY,True
train,20951,geeksforgeeks,EASY,True
train,20952,codeforces,HARD,True
train,20953,codeforces,VERY_HARD,True
train,20954,codechef,UNKNOWN_DIFFICULTY,True
train,20956,codewars,EASY,True
train,20957,hackerearth,MEDIUM,False
train,20959,hackerearth,MEDIUM,False
train,20962,hackerearth,UNKNOWN_DIFFICULTY,False
train,20963,codewars,EASY,True
train,20964,atcoder,EASY,True
train,20965,hackerearth,EASY,False
train,20966,leetcode,EASY,True
train,20967,codewars,EASY,True
train,20969,geeksforgeeks,EASY,True
train,20971,codeforces,EASY,True
train,20973,aizu,UNKNOWN_DIFFICULTY,False
train,20974,codewars,EASY,True
train,20975,geeksforgeeks,EASY,True
train,20976,codeforces,MEDIUM_HARD,True
train,20977,codeforces,HARD,True
train,20978,codeforces,HARD,True
train,20979,hackerearth,EASY,False
train,20980,codeforces,EASY,True
train,20982,aizu,UNKNOWN_DIFFICULTY,False
train,20983,atcoder,MEDIUM,True
train,20984,hackerearth,UNKNOWN_DIFFICULTY,False
train,20985,hackerearth,EASY,False
train,20986,codechef,MEDIUM_HARD,True
train,20987,geeksforgeeks,EASY,True
train,20988,codechef,UNKNOWN_DIFFICULTY,True
train,20990,codeforces,MEDIUM_HARD,True
train,20991,codeforces,MEDIUM,True
train,20992,codechef,VERY_HARD,True
train,20993,codechef,EASY,True
train,20994,geeksforgeeks,EASY,True
train,20995,codeforces,HARD,True
train,20996,codewars,EASY,True
train,20997,codeforces,EASY,True
train,20999,codewars,EASY,True
train,21000,hackerearth,UNKNOWN_DIFFICULTY,False
train,21002,codeforces,EASY,True
train,21003,codeforces,EASY,True
train,21005,codeforces,UNKNOWN_DIFFICULTY,True
train,21006,codeforces,MEDIUM_HARD,True
train,21007,codechef,VERY_HARD,True
train,21008,hackerearth,EASY,False
train,21009,codeforces,MEDIUM_HARD,True
train,21010,aizu,UNKNOWN_DIFFICULTY,False
train,21012,codechef,UNKNOWN_DIFFICULTY,True
train,21013,aizu,UNKNOWN_DIFFICULTY,False
train,21015,aizu,UNKNOWN_DIFFICULTY,False
train,21016,codechef,EASY,True
train,21019,atcoder,EASY,True
train,21020,atcoder,EASY,True
train,21021,atcoder,UNKNOWN_DIFFICULTY,False
train,21023,geeksforgeeks,MEDIUM,True
train,21025,hackerearth,EASY,False
train,21028,codewars,EASY,True
train,21030,geeksforgeeks,EASY,True
train,21032,codechef,EASY,True
train,21034,codeforces,MEDIUM,True
train,21035,hackerearth,UNKNOWN_DIFFICULTY,False
train,21037,hackerearth,MEDIUM,False
train,21038,codewars,EASY,True
train,21039,codeforces,MEDIUM_HARD,True
train,21040,codeforces,MEDIUM_HARD,True
train,21041,geeksforgeeks,EASY,True
train,21044,codeforces,MEDIUM,True
train,21046,hackerearth,UNKNOWN_DIFFICULTY,False
train,21047,codeforces,MEDIUM,True
train,21050,atcoder,UNKNOWN_DIFFICULTY,False
train,21051,leetcode,EASY,True
train,21052,codewars,EASY,True
train,21053,codewars,EASY,True
train,21054,codeforces,EASY,True
train,21055,codeforces,MEDIUM_HARD,True
train,21057,aizu,UNKNOWN_DIFFICULTY,False
train,21058,codeforces,MEDIUM,True
train,21060,codechef,UNKNOWN_DIFFICULTY,True
train,21061,atcoder,EASY,True
train,21063,atcoder,UNKNOWN_DIFFICULTY,False
train,21064,codechef,EASY,True
train,21065,atcoder,EASY,True
train,21066,codewars,EASY,True
train,21068,codeforces,MEDIUM,True
train,21071,codewars,EASY,True
train,21074,codechef,EASY,True
train,21075,codeforces,VERY_HARD,True
train,21076,codewars,EASY,True
train,21077,codeforces,HARD,True
train,21078,codeforces,EASY,True
train,21079,codechef,EASY,True
train,21080,codechef,VERY_HARD,True
train,21082,aizu,UNKNOWN_DIFFICULTY,False
train,21083,codeforces,MEDIUM_HARD,True
train,21084,codechef,VERY_HARD,True
train,21085,geeksforgeeks,EASY,True
train,21086,geeksforgeeks,MEDIUM,True
train,21088,codechef,EASY,True
train,21089,hackerearth,MEDIUM,False
train,21090,codechef,VERY_HARD,True
train,21091,aizu,UNKNOWN_DIFFICULTY,False
train,21094,codeforces,MEDIUM_HARD,True
train,21095,codeforces,MEDIUM_HARD,True
train,21098,codeforces,EASY,True
train,21099,codechef,UNKNOWN_DIFFICULTY,True
train,21101,codechef,UNKNOWN_DIFFICULTY,True
train,21102,codechef,VERY_HARD,True
train,21103,codeforces,HARD,True
train,21105,codewars,EASY,True
train,21107,codewars,EASY,True
train,21108,geeksforgeeks,MEDIUM,True
train,21109,codeforces,MEDIUM_HARD,True
train,21111,codeforces,EASY,True
train,21112,geeksforgeeks,EASY,True
train,21113,codewars,EASY,True
train,21115,codeforces,MEDIUM_HARD,True
train,21116,codechef,VERY_HARD,True
train,21118,geeksforgeeks,EASY,True
train,21119,codechef,UNKNOWN_DIFFICULTY,True
train,21122,hackerearth,EASY,False
train,21123,geeksforgeeks,EASY,True
train,21124,codechef,EASY,True
train,21126,codeforces,HARD,True
train,21127,codeforces,HARD,True
train,21129,geeksforgeeks,EASY,True
train,21130,hackerearth,EASY,False
train,21132,codeforces,HARD,True
train,21133,leetcode,EASY,True
train,21135,atcoder,MEDIUM,True
train,21136,geeksforgeeks,EASY,True
train,21137,codeforces,HARD,True
train,21140,codeforces,EASY,True
train,21141,codeforces,MEDIUM,True
train,21144,geeksforgeeks,MEDIUM,True
train,21147,codewars,EASY,True
train,21148,codeforces,HARD,True
train,21149,codeforces,EASY,True
train,21150,codeforces,MEDIUM_HARD,True
train,21152,codechef,EASY,True
train,21153,codewars,EASY,True
train,21154,codechef,UNKNOWN_DIFFICULTY,True
train,21156,codeforces,VERY_HARD,True
train,21158,geeksforgeeks,EASY,True
train,21159,codeforces,MEDIUM,True
train,21162,codeforces,MEDIUM_HARD,True
train,21163,codewars,EASY,True
train,21164,codewars,EASY,True
train,21165,codeforces,EASY,True
train,21166,codeforces,MEDIUM_HARD,True
train,21167,codechef,UNKNOWN_DIFFICULTY,True
train,21168,hackerearth,EASY,False
train,21169,codewars,EASY,True
train,21170,geeksforgeeks,MEDIUM,True
train,21171,geeksforgeeks,EASY,True
train,21172,geeksforgeeks,MEDIUM_HARD,True
train,21173,codechef,MEDIUM_HARD,True
train,21174,geeksforgeeks,EASY,True
train,21176,codeforces,EASY,True
train,21177,codeforces,EASY,True
train,21178,aizu,UNKNOWN_DIFFICULTY,False
train,21180,atcoder,MEDIUM,True
train,21182,hackerearth,MEDIUM,False
train,21183,aizu,UNKNOWN_DIFFICULTY,False
train,21184,aizu,UNKNOWN_DIFFICULTY,False
train,21186,atcoder,MEDIUM_HARD,True
train,21187,codechef,HARD,True
train,21188,geeksforgeeks,EASY,True
train,21189,codeforces,EASY,True
train,21190,codechef,UNKNOWN_DIFFICULTY,True
train,21195,leetcode,EASY,True
train,21196,codechef,HARD,True
train,21197,geeksforgeeks,EASY,True
train,21198,atcoder,MEDIUM_HARD,True
train,21200,codeforces,HARD,True
train,21202,codewars,EASY,True
train,21204,codechef,UNKNOWN_DIFFICULTY,True
train,21205,codeforces,MEDIUM,True
train,21206,codechef,MEDIUM_HARD,True
train,21210,aizu,UNKNOWN_DIFFICULTY,False
train,21212,geeksforgeeks,MEDIUM,True
train,21213,codeforces,MEDIUM_HARD,True
train,21215,codechef,MEDIUM_HARD,True
train,21216,codeforces,EASY,True
train,21217,hackerearth,UNKNOWN_DIFFICULTY,False
train,21218,codechef,UNKNOWN_DIFFICULTY,True
train,21220,codeforces,MEDIUM_HARD,True
train,21221,codeforces,VERY_HARD,True
train,21222,codechef,EASY,True
train,21223,codeforces,HARD,True
train,21224,atcoder,MEDIUM,True
train,21225,geeksforgeeks,EASY,True
train,21226,codechef,UNKNOWN_DIFFICULTY,True
train,21227,codechef,VERY_HARD,True
train,21228,codewars,EASY,True
train,21229,geeksforgeeks,EASY,True
train,21230,codeforces,MEDIUM_HARD,True
train,21231,codechef,HARD,True
train,21232,codewars,EASY,True
train,21233,leetcode,EASY,True
train,21235,geeksforgeeks,EASY,True
train,21237,geeksforgeeks,MEDIUM,True
train,21239,codewars,EASY,True
train,21240,codeforces,HARD,True
train,21241,atcoder,UNKNOWN_DIFFICULTY,False
train,21242,codeforces,MEDIUM,True
train,21244,codeforces,HARD,True
train,21245,aizu,UNKNOWN_DIFFICULTY,False
train,21247,geeksforgeeks,EASY,True
train,21249,codeforces,HARD,True
train,21251,codechef,EASY,True
train,21252,codewars,EASY,True
train,21254,atcoder,UNKNOWN_DIFFICULTY,False
train,21255,aizu,UNKNOWN_DIFFICULTY,False
train,21256,aizu,UNKNOWN_DIFFICULTY,False
train,21257,geeksforgeeks,MEDIUM_HARD,True
train,21258,codechef,EASY,True
train,21260,geeksforgeeks,EASY,True
train,21261,hackerearth,EASY,False
train,21262,geeksforgeeks,EASY,True
train,21265,codewars,EASY,True
train,21267,codechef,EASY,True
train,21268,hackerearth,UNKNOWN_DIFFICULTY,False
train,21269,hackerearth,UNKNOWN_DIFFICULTY,False
train,21270,aizu,UNKNOWN_DIFFICULTY,False
train,21271,atcoder,UNKNOWN_DIFFICULTY,False
train,21273,codechef,MEDIUM_HARD,True
train,21274,codeforces,EASY,True
train,21281,hackerearth,EASY,False
train,21283,geeksforgeeks,EASY,True
train,21287,codeforces,HARD,True
train,21288,codeforces,MEDIUM,True
train,21289,codeforces,EASY,True
train,21291,aizu,UNKNOWN_DIFFICULTY,False
train,21292,codechef,UNKNOWN_DIFFICULTY,True
train,21293,codeforces,MEDIUM,True
train,21294,codechef,MEDIUM_HARD,True
train,21295,codeforces,VERY_HARD,True
train,21296,codeforces,EASY,True
train,21297,geeksforgeeks,MEDIUM,True
train,21300,codechef,MEDIUM,True
train,21301,codeforces,EASY,True
train,21302,geeksforgeeks,EASY,True
train,21303,geeksforgeeks,MEDIUM_HARD,True
train,21304,leetcode,MEDIUM_HARD,True
train,21305,codeforces,MEDIUM_HARD,True
train,21306,codeforces,HARD,True
train,21307,geeksforgeeks,EASY,True
train,21309,codewars,EASY,True
train,21311,codechef,UNKNOWN_DIFFICULTY,True
train,21313,codechef,HARD,True
train,21314,codeforces,EASY,True
train,21315,hackerearth,EASY,False
train,21316,codeforces,MEDIUM,True
train,21317,codechef,EASY,True
train,21318,codeforces,EASY,True
train,21319,geeksforgeeks,EASY,True
train,21320,codeforces,MEDIUM_HARD,True
train,21321,geeksforgeeks,EASY,True
train,21322,codechef,MEDIUM_HARD,True
train,21323,atcoder,UNKNOWN_DIFFICULTY,False
train,21324,hackerearth,EASY,False
train,21326,codeforces,EASY,True
train,21327,codewars,EASY,True
train,21328,codeforces,EASY,True
train,21329,codeforces,HARD,True
train,21330,codeforces,HARD,True
train,21331,hackerearth,UNKNOWN_DIFFICULTY,False
train,21332,hackerearth,UNKNOWN_DIFFICULTY,False
train,21333,geeksforgeeks,EASY,True
train,21334,codechef,EASY,True
train,21335,codewars,EASY,True
train,21336,geeksforgeeks,EASY,True
train,21337,codeforces,EASY,True
train,21338,codeforces,EASY,True
train,21340,codeforces,EASY,True
train,21342,codeforces,MEDIUM,True
train,21343,geeksforgeeks,EASY,True
train,21344,aizu,UNKNOWN_DIFFICULTY,False
train,21345,geeksforgeeks,EASY,True
train,21346,atcoder,MEDIUM,True
train,21347,codeforces,HARD,True
train,21348,geeksforgeeks,EASY,True
train,21349,geeksforgeeks,EASY,True
train,21350,aizu,UNKNOWN_DIFFICULTY,False
train,21351,atcoder,EASY,True
train,21352,codeforces,EASY,True
train,21353,geeksforgeeks,MEDIUM,True
train,21354,codewars,EASY,True
train,21356,aizu,UNKNOWN_DIFFICULTY,False
train,21359,codewars,EASY,True
train,21360,codeforces,MEDIUM,True
train,21361,codechef,EASY,True
train,21362,geeksforgeeks,EASY,True
train,21365,codechef,MEDIUM_HARD,True
train,21366,atcoder,UNKNOWN_DIFFICULTY,False
train,21367,codeforces,EASY,True
train,21368,codeforces,EASY,True
train,21369,codechef,EASY,True
train,21370,aizu,UNKNOWN_DIFFICULTY,False
train,21371,codewars,EASY,True
train,21372,geeksforgeeks,MEDIUM,True
train,21375,aizu,UNKNOWN_DIFFICULTY,False
train,21376,codewars,EASY,True
train,21377,geeksforgeeks,EASY,True
train,21378,geeksforgeeks,EASY,True
train,21379,codechef,HARD,True
train,21380,codewars,EASY,True
train,21381,geeksforgeeks,EASY,True
train,21385,geeksforgeeks,MEDIUM_HARD,True
train,21386,codechef,EASY,True
train,21387,codewars,EASY,True
train,21389,codewars,EASY,True
train,21390,atcoder,EASY,True
train,21391,codechef,MEDIUM_HARD,True
train,21392,leetcode,MEDIUM,True
train,21394,codechef,UNKNOWN_DIFFICULTY,True
train,21395,hackerearth,UNKNOWN_DIFFICULTY,False
train,21397,codewars,EASY,True
train,21398,codewars,EASY,True
train,21399,atcoder,EASY,True
train,21400,codeforces,MEDIUM,True
train,21403,codeforces,MEDIUM,True
train,21405,hackerearth,UNKNOWN_DIFFICULTY,False
train,21406,atcoder,UNKNOWN_DIFFICULTY,False
train,21407,codewars,EASY,True
train,21412,hackerearth,EASY,False
train,21414,atcoder,UNKNOWN_DIFFICULTY,False
train,21415,codewars,EASY,True
train,21416,codeforces,MEDIUM,True
train,21417,geeksforgeeks,EASY,True
train,21418,hackerearth,EASY,False
train,21420,codeforces,MEDIUM_HARD,True
train,21422,codeforces,EASY,True
train,21425,codeforces,MEDIUM_HARD,True
train,21426,codewars,EASY,True
train,21427,codechef,EASY,True
train,21428,codeforces,EASY,True
train,21430,codewars,EASY,True
train,21432,codewars,EASY,True
train,21433,codeforces,EASY,True
train,21435,codeforces,MEDIUM_HARD,True
train,21437,geeksforgeeks,EASY,True
train,21438,aizu,UNKNOWN_DIFFICULTY,False
train,21439,codewars,EASY,True
train,21440,geeksforgeeks,MEDIUM_HARD,True
train,21441,atcoder,EASY,True
train,21442,codechef,MEDIUM,True
train,21443,geeksforgeeks,EASY,True
train,21444,atcoder,UNKNOWN_DIFFICULTY,False
train,21445,codechef,EASY,True
train,21446,hackerearth,UNKNOWN_DIFFICULTY,False
train,21447,codeforces,HARD,True
train,21448,codewars,EASY,True
train,21449,geeksforgeeks,EASY,True
train,21450,codeforces,HARD,True
train,21451,hackerearth,MEDIUM,False
train,21453,codechef,EASY,True
train,21454,atcoder,UNKNOWN_DIFFICULTY,False
train,21456,codechef,MEDIUM_HARD,True
train,21458,aizu,UNKNOWN_DIFFICULTY,False
train,21459,atcoder,EASY,True
train,21463,codeforces,EASY,True
train,21465,codeforces,MEDIUM_HARD,True
train,21466,codewars,EASY,True
train,21468,codeforces,MEDIUM_HARD,True
train,21469,codewars,EASY,True
train,21473,codechef,MEDIUM_HARD,True
train,21474,codechef,UNKNOWN_DIFFICULTY,True
train,21479,codeforces,MEDIUM_HARD,True
train,21482,codewars,EASY,True
train,21483,leetcode,MEDIUM_HARD,True
train,21484,codeforces,MEDIUM,True
train,21487,geeksforgeeks,EASY,True
train,21488,codeforces,HARD,True
train,21490,codewars,EASY,True
train,21491,geeksforgeeks,EASY,True
train,21493,codechef,VERY_HARD,True
train,21496,geeksforgeeks,EASY,True
train,21497,codeforces,EASY,True
train,21498,codeforces,MEDIUM_HARD,True
train,21499,codeforces,HARD,True
train,21501,codechef,UNKNOWN_DIFFICULTY,True
train,21502,codewars,EASY,True
train,21503,codechef,MEDIUM_HARD,True
train,21504,codechef,EASY,True
train,21508,codeforces,HARD,True
train,21509,atcoder,VERY_HARD,True
train,21512,atcoder,MEDIUM_HARD,True
train,21513,atcoder,EASY,True
train,21514,codeforces,MEDIUM,True
train,21516,codewars,EASY,True
train,21517,geeksforgeeks,EASY,True
train,21518,aizu,UNKNOWN_DIFFICULTY,False
train,21519,codeforces,HARD,True
train,21520,codechef,MEDIUM_HARD,True
train,21522,geeksforgeeks,MEDIUM_HARD,True
train,21523,atcoder,UNKNOWN_DIFFICULTY,False
train,21524,codechef,EASY,True
train,21526,codechef,UNKNOWN_DIFFICULTY,True
train,21527,codechef,EASY,True
train,21528,codechef,UNKNOWN_DIFFICULTY,True
train,21529,codeforces,MEDIUM_HARD,True
train,21530,codewars,EASY,True
train,21531,codeforces,MEDIUM,True
train,21533,codewars,EASY,True
train,21537,codechef,HARD,True
train,21538,geeksforgeeks,EASY,True
train,21539,codechef,VERY_HARD,True
train,21541,codeforces,EASY,True
train,21542,hackerearth,EASY,False
train,21546,codeforces,MEDIUM,True
train,21547,codewars,EASY,True
train,21548,geeksforgeeks,EASY,True
train,21549,aizu,UNKNOWN_DIFFICULTY,False
train,21551,leetcode,MEDIUM,True
train,21552,codechef,EASY,True
train,21553,geeksforgeeks,MEDIUM,True
train,21554,codeforces,HARD,True
train,21556,geeksforgeeks,EASY,True
train,21559,hackerearth,UNKNOWN_DIFFICULTY,False
train,21561,codeforces,MEDIUM,True
train,21563,atcoder,UNKNOWN_DIFFICULTY,False
train,21564,geeksforgeeks,MEDIUM,True
train,21565,codeforces,MEDIUM_HARD,True
train,21566,codechef,EASY,True
train,21568,codeforces,EASY,True
train,21569,atcoder,EASY,True
train,21570,geeksforgeeks,MEDIUM,True
train,21571,codeforces,EASY,True
train,21573,codewars,EASY,True
train,21576,codeforces,EASY,True
train,21577,geeksforgeeks,EASY,True
train,21578,codeforces,MEDIUM_HARD,True
train,21580,codechef,MEDIUM_HARD,True
train,21581,codeforces,MEDIUM,True
train,21582,codechef,MEDIUM,True
train,21585,codeforces,EASY,True
train,21587,codewars,EASY,True
train,21589,codeforces,VERY_HARD,True
train,21590,geeksforgeeks,EASY,True
train,21593,codechef,UNKNOWN_DIFFICULTY,True
train,21594,codechef,EASY,True
train,21597,atcoder,EASY,True
train,21598,codeforces,VERY_HARD,True
train,21599,codeforces,MEDIUM_HARD,True
train,21600,codeforces,EASY,True
train,21601,codeforces,MEDIUM,True
train,21602,leetcode,MEDIUM,True
train,21604,codeforces,HARD,True
train,21605,codechef,MEDIUM_HARD,True
train,21606,codeforces,MEDIUM_HARD,True
train,21607,codeforces,HARD,True
train,21609,codechef,VERY_HARD,True
train,21610,aizu,UNKNOWN_DIFFICULTY,False
train,21611,codechef,MEDIUM_HARD,True
train,21612,aizu,UNKNOWN_DIFFICULTY,False
train,21613,codeforces,EASY,True
train,21615,aizu,UNKNOWN_DIFFICULTY,False
train,21616,codewars,EASY,True
train,21617,geeksforgeeks,EASY,True
train,21618,leetcode,MEDIUM_HARD,True
train,21620,codeforces,EASY,True
train,21621,geeksforgeeks,MEDIUM,True
train,21622,codechef,MEDIUM,True
train,21623,atcoder,MEDIUM,True
train,21624,codeforces,VERY_HARD,True
train,21625,geeksforgeeks,MEDIUM,True
train,21626,codechef,EASY,True
train,21627,aizu,UNKNOWN_DIFFICULTY,False
train,21628,codewars,EASY,True
train,21629,hackerearth,UNKNOWN_DIFFICULTY,False
train,21630,geeksforgeeks,MEDIUM,True
train,21631,codewars,EASY,True
train,21632,aizu,UNKNOWN_DIFFICULTY,False
train,21633,codeforces,HARD,True
train,21634,aizu,UNKNOWN_DIFFICULTY,False
train,21635,geeksforgeeks,MEDIUM,True
train,21636,geeksforgeeks,EASY,True
train,21637,codeforces,EASY,True
train,21639,codechef,UNKNOWN_DIFFICULTY,True
train,21640,codewars,EASY,True
train,21641,codeforces,MEDIUM,True
train,21643,codeforces,EASY,True
train,21644,hackerearth,UNKNOWN_DIFFICULTY,False
train,21645,codeforces,EASY,True
train,21646,aizu,UNKNOWN_DIFFICULTY,False
train,21647,codeforces,MEDIUM_HARD,True
train,21648,hackerearth,EASY,False
train,21649,codewars,EASY,True
train,21650,codeforces,MEDIUM_HARD,True
train,21651,aizu,UNKNOWN_DIFFICULTY,False
train,21652,geeksforgeeks,EASY,True
train,21657,codeforces,EASY,True
train,21658,codechef,EASY,True
train,21660,codeforces,MEDIUM,True
train,21661,geeksforgeeks,MEDIUM,True
train,21662,codeforces,EASY,True
train,21663,codeforces,EASY,True
train,21665,codeforces,HARD,True
train,21666,leetcode,MEDIUM_HARD,True
train,21667,codeforces,VERY_HARD,True
train,21669,codechef,MEDIUM,True
train,21670,codechef,EASY,True
train,21671,geeksforgeeks,MEDIUM,True
train,21672,atcoder,MEDIUM,True
train,21674,codechef,UNKNOWN_DIFFICULTY,True
train,21675,geeksforgeeks,MEDIUM,True
train,21676,codeforces,HARD,True
train,21677,codeforces,EASY,True
train,21678,codechef,EASY,True
train,21679,geeksforgeeks,EASY,True
train,21680,geeksforgeeks,EASY,True
train,21683,codechef,MEDIUM,True
train,21685,codewars,EASY,True
train,21687,codeforces,MEDIUM,True
train,21690,codewars,EASY,True
train,21692,codeforces,MEDIUM_HARD,True
train,21693,atcoder,MEDIUM,True
train,21694,codeforces,EASY,True
train,21697,geeksforgeeks,EASY,True
train,21698,codeforces,HARD,True
train,21699,codeforces,MEDIUM_HARD,True
train,21702,geeksforgeeks,EASY,True
train,21703,geeksforgeeks,EASY,True
train,21704,aizu,UNKNOWN_DIFFICULTY,False
train,21706,codechef,VERY_HARD,True
train,21708,codeforces,MEDIUM,True
train,21709,codeforces,HARD,True
train,21712,atcoder,EASY,True
train,21714,codechef,MEDIUM_HARD,True
train,21716,codeforces,HARD,True
train,21718,hackerearth,UNKNOWN_DIFFICULTY,False
train,21719,codewars,EASY,True
train,21720,hackerearth,EASY,False
train,21721,codeforces,EASY,True
train,21722,codeforces,HARD,True
train,21723,codeforces,HARD,True
train,21724,atcoder,UNKNOWN_DIFFICULTY,False
train,21725,aizu,UNKNOWN_DIFFICULTY,False
train,21726,codeforces,EASY,True
train,21727,geeksforgeeks,EASY,True
train,21728,hackerearth,EASY,False
train,21729,codeforces,EASY,True
train,21730,atcoder,UNKNOWN_DIFFICULTY,False
train,21731,codeforces,EASY,True
train,21732,hackerearth,UNKNOWN_DIFFICULTY,False
train,21733,codeforces,EASY,True
train,21734,codechef,EASY,True
train,21735,codeforces,MEDIUM_HARD,True
train,21737,codechef,VERY_HARD,True
train,21738,codechef,MEDIUM_HARD,True
train,21739,codechef,EASY,True
train,21741,hackerearth,UNKNOWN_DIFFICULTY,False
train,21742,codewars,EASY,True
train,21744,hackerearth,MEDIUM,False
train,21746,codechef,MEDIUM_HARD,True
train,21748,codeforces,VERY_HARD,True
train,21750,codewars,EASY,True
train,21751,codewars,EASY,True
train,21752,codewars,EASY,True
train,21753,codechef,EASY,True
train,21754,hackerearth,UNKNOWN_DIFFICULTY,False
train,21755,codeforces,MEDIUM,True
train,21756,codeforces,MEDIUM_HARD,True
train,21757,codeforces,EASY,True
train,21758,codechef,MEDIUM_HARD,True
train,21760,geeksforgeeks,EASY,True
train,21762,hackerearth,UNKNOWN_DIFFICULTY,False
train,21763,codewars,EASY,True
train,21765,codechef,VERY_HARD,True
train,21766,geeksforgeeks,MEDIUM,True
train,21767,codeforces,EASY,True
train,21768,codewars,EASY,True
train,21770,geeksforgeeks,MEDIUM_HARD,True
train,21771,codechef,MEDIUM_HARD,True
train,21772,codeforces,EASY,True
train,21773,hackerearth,EASY,False
train,21774,codechef,EASY,True
train,21775,codeforces,HARD,True
train,21777,leetcode,MEDIUM,True
train,21778,codechef,UNKNOWN_DIFFICULTY,True
train,21779,atcoder,VERY_HARD,True
train,21780,aizu,UNKNOWN_DIFFICULTY,False
train,21781,codeforces,MEDIUM,True
train,21782,atcoder,MEDIUM_HARD,True
train,21783,codeforces,MEDIUM_HARD,True
train,21785,aizu,UNKNOWN_DIFFICULTY,False
train,21786,atcoder,UNKNOWN_DIFFICULTY,False
train,21787,codechef,VERY_HARD,True
train,21789,hackerearth,EASY,False
train,21790,geeksforgeeks,EASY,True
train,21791,geeksforgeeks,EASY,True
train,21793,codechef,UNKNOWN_DIFFICULTY,True
train,21794,codewars,EASY,True
train,21796,codechef,MEDIUM_HARD,True
train,21798,codeforces,HARD,True
train,21800,codeforces,MEDIUM_HARD,True
train,21801,codeforces,EASY,True
train,21803,codechef,UNKNOWN_DIFFICULTY,True
train,21804,geeksforgeeks,MEDIUM,True
train,21806,codechef,UNKNOWN_DIFFICULTY,True
train,21807,codechef,VERY_HARD,True
train,21808,geeksforgeeks,EASY,True
train,21809,geeksforgeeks,EASY,True
train,21810,codeforces,EASY,True
train,21812,geeksforgeeks,EASY,True
train,21813,atcoder,MEDIUM,True
train,21814,atcoder,EASY,True
train,21816,codechef,EASY,True
train,21817,codewars,EASY,True
train,21818,codeforces,EASY,True
train,21819,codechef,EASY,True
train,21820,codewars,EASY,True
train,21824,atcoder,EASY,True
train,21825,geeksforgeeks,EASY,True
train,21826,atcoder,EASY,True
train,21828,codewars,EASY,True
train,21829,codeforces,EASY,True
train,21830,codewars,EASY,True
train,21832,hackerearth,UNKNOWN_DIFFICULTY,False
train,21833,codechef,EASY,True
train,21834,codeforces,HARD,True
train,21835,geeksforgeeks,EASY,True
train,21836,codeforces,MEDIUM_HARD,True
train,21838,codewars,EASY,True
train,21840,codeforces,HARD,True
train,21842,codeforces,HARD,True
train,21844,atcoder,HARD,True
train,21845,leetcode,MEDIUM,True
train,21846,geeksforgeeks,MEDIUM_HARD,True
train,21847,codeforces,EASY,True
train,21848,codewars,EASY,True
train,21849,leetcode,EASY,True
train,21850,codechef,HARD,True
train,21851,codeforces,HARD,True
train,21853,codeforces,HARD,True
train,21854,hackerearth,EASY,False
train,21855,hackerearth,EASY,False
train,21856,aizu,UNKNOWN_DIFFICULTY,False
train,21858,codeforces,MEDIUM_HARD,True
train,21860,geeksforgeeks,MEDIUM_HARD,True
train,21861,codewars,EASY,True
train,21862,geeksforgeeks,EASY,True
train,21863,geeksforgeeks,EASY,True
train,21864,geeksforgeeks,MEDIUM,True
train,21865,atcoder,MEDIUM_HARD,True
train,21868,codewars,EASY,True
train,21869,codechef,MEDIUM_HARD,True
train,21870,codeforces,MEDIUM_HARD,True
train,21873,codewars,EASY,True
train,21874,geeksforgeeks,EASY,True
train,21876,codeforces,HARD,True
train,21877,codeforces,EASY,True
train,21878,hackerearth,MEDIUM,False
train,21879,aizu,UNKNOWN_DIFFICULTY,False
train,21880,codewars,EASY,True
train,21881,codewars,EASY,True
train,21882,geeksforgeeks,EASY,True
train,21884,codeforces,EASY,True
train,21885,codewars,EASY,True
train,21886,codeforces,MEDIUM_HARD,True
train,21887,codechef,MEDIUM_HARD,True
train,21888,codechef,MEDIUM_HARD,True
train,21891,geeksforgeeks,EASY,True
train,21892,aizu,UNKNOWN_DIFFICULTY,False
train,21894,hackerearth,UNKNOWN_DIFFICULTY,False
train,21895,atcoder,EASY,True
train,21896,atcoder,UNKNOWN_DIFFICULTY,False
train,21897,codeforces,MEDIUM_HARD,True
train,21898,aizu,UNKNOWN_DIFFICULTY,False
train,21899,atcoder,UNKNOWN_DIFFICULTY,False
train,21900,aizu,UNKNOWN_DIFFICULTY,False
train,21901,aizu,UNKNOWN_DIFFICULTY,False
train,21903,codewars,EASY,True
train,21905,codeforces,MEDIUM_HARD,True
train,21906,codechef,UNKNOWN_DIFFICULTY,True
train,21907,codeforces,EASY,True
train,21908,codechef,UNKNOWN_DIFFICULTY,True
train,21911,codechef,VERY_HARD,True
train,21912,codewars,EASY,True
train,21913,codewars,EASY,True
train,21914,atcoder,EASY,True
train,21915,codewars,EASY,True
train,21918,codechef,EASY,True
train,21919,codeforces,MEDIUM_HARD,True
train,21922,codechef,MEDIUM_HARD,True
train,21923,codeforces,HARD,True
train,21924,aizu,UNKNOWN_DIFFICULTY,False
train,21925,geeksforgeeks,MEDIUM,True
train,21926,codeforces,HARD,True
train,21927,codeforces,HARD,True
train,21929,hackerearth,UNKNOWN_DIFFICULTY,False
train,21930,codechef,MEDIUM_HARD,True
train,21931,codechef,MEDIUM,True
train,21932,codechef,EASY,True
train,21934,codeforces,MEDIUM,True
train,21936,codeforces,EASY,True
train,21938,codeforces,HARD,True
train,21939,codeforces,MEDIUM_HARD,True
train,21940,geeksforgeeks,EASY,True
train,21942,codechef,MEDIUM,True
train,21943,geeksforgeeks,EASY,True
train,21944,codewars,EASY,True
train,21945,codeforces,MEDIUM_HARD,True
train,21946,geeksforgeeks,EASY,True
train,21947,geeksforgeeks,EASY,True
train,21948,codechef,MEDIUM_HARD,True
train,21949,codechef,VERY_HARD,True
train,21951,aizu,UNKNOWN_DIFFICULTY,False
train,21952,codewars,EASY,True
train,21953,codeforces,MEDIUM,True
train,21954,codeforces,EASY,True
train,21955,codeforces,EASY,True
train,21956,codewars,EASY,True
train,21957,codechef,UNKNOWN_DIFFICULTY,True
train,21958,codewars,EASY,True
train,21959,codechef,MEDIUM,True
train,21961,atcoder,UNKNOWN_DIFFICULTY,False
train,21964,leetcode,EASY,True
train,21966,codewars,EASY,True
train,21967,geeksforgeeks,MEDIUM,True
train,21968,codeforces,VERY_HARD,True
train,21969,geeksforgeeks,MEDIUM,True
train,21971,codeforces,HARD,True
train,21972,codeforces,HARD,True
train,21973,atcoder,MEDIUM,True
train,21974,codeforces,EASY,True
train,21975,geeksforgeeks,MEDIUM,True
train,21977,geeksforgeeks,MEDIUM,True
train,21978,codechef,UNKNOWN_DIFFICULTY,True
train,21979,codewars,EASY,True
train,21981,aizu,UNKNOWN_DIFFICULTY,False
train,21983,aizu,UNKNOWN_DIFFICULTY,False
train,21984,aizu,UNKNOWN_DIFFICULTY,False
train,21985,aizu,UNKNOWN_DIFFICULTY,False
train,21987,codeforces,MEDIUM,True
train,21989,geeksforgeeks,EASY,True
train,21990,codeforces,HARD,True
train,21991,hackerearth,EASY,False
train,21993,atcoder,EASY,True
train,21995,codechef,VERY_HARD,True
train,21997,aizu,UNKNOWN_DIFFICULTY,False
train,21998,codeforces,MEDIUM,True
train,21999,codeforces,EASY,True
train,22000,aizu,UNKNOWN_DIFFICULTY,False
train,22002,codechef,MEDIUM,True
train,22003,codewars,EASY,True
train,22004,hackerearth,UNKNOWN_DIFFICULTY,False
train,22005,codeforces,EASY,True
train,22006,codeforces,HARD,True
train,22008,codeforces,EASY,True
train,22010,codewars,EASY,True
train,22011,codeforces,EASY,True
train,22012,codeforces,EASY,True
train,22014,geeksforgeeks,EASY,True
train,22015,codewars,EASY,True
train,22016,codeforces,EASY,True
train,22017,codewars,EASY,True
train,22018,codeforces,HARD,True
train,22019,geeksforgeeks,EASY,True
train,22021,codechef,UNKNOWN_DIFFICULTY,True
train,22022,hackerearth,UNKNOWN_DIFFICULTY,False
train,22023,codeforces,EASY,True
train,22025,geeksforgeeks,EASY,True
train,22028,codeforces,EASY,True
train,22030,geeksforgeeks,EASY,True
train,22032,codeforces,EASY,True
train,22034,codeforces,MEDIUM,True
train,22035,codeforces,EASY,True
train,22036,codewars,EASY,True
train,22037,geeksforgeeks,EASY,True
train,22038,codechef,VERY_HARD,True
train,22039,codeforces,MEDIUM_HARD,True
train,22040,codechef,UNKNOWN_DIFFICULTY,True
train,22041,codewars,EASY,True
train,22042,codewars,EASY,True
train,22043,codeforces,MEDIUM_HARD,True
train,22044,hackerearth,EASY,False
train,22045,geeksforgeeks,EASY,True
train,22047,codeforces,HARD,True
train,22048,atcoder,MEDIUM,True
train,22050,codeforces,EASY,True
train,22052,codewars,EASY,True
train,22054,codechef,MEDIUM_HARD,True
train,22056,codewars,EASY,True
train,22057,geeksforgeeks,MEDIUM,True
train,22059,codechef,MEDIUM,True
train,22062,codeforces,MEDIUM_HARD,True
train,22063,atcoder,EASY,True
train,22064,hackerearth,UNKNOWN_DIFFICULTY,False
train,22068,codechef,UNKNOWN_DIFFICULTY,True
train,22069,aizu,UNKNOWN_DIFFICULTY,False
train,22070,geeksforgeeks,EASY,True
train,22071,geeksforgeeks,EASY,True
train,22072,codeforces,MEDIUM_HARD,True
train,22073,codeforces,EASY,True
train,22074,codeforces,MEDIUM_HARD,True
train,22076,codechef,MEDIUM_HARD,True
train,22078,codeforces,HARD,True
train,22079,atcoder,UNKNOWN_DIFFICULTY,False
train,22081,codeforces,HARD,True
train,22082,geeksforgeeks,MEDIUM,True
train,22083,codechef,UNKNOWN_DIFFICULTY,True
train,22085,atcoder,EASY,True
train,22087,codechef,MEDIUM_HARD,True
train,22088,codechef,EASY,True
train,22090,codeforces,EASY,True
train,22091,codewars,EASY,True
train,22092,codewars,EASY,True
train,22093,aizu,UNKNOWN_DIFFICULTY,False
train,22094,codewars,EASY,True
train,22096,codewars,EASY,True
train,22098,codewars,EASY,True
train,22102,aizu,UNKNOWN_DIFFICULTY,False
train,22103,geeksforgeeks,MEDIUM_HARD,True
train,22104,codeforces,HARD,True
train,22108,aizu,UNKNOWN_DIFFICULTY,False
train,22109,codechef,EASY,True
train,22110,codechef,MEDIUM,True
train,22111,codeforces,EASY,True
train,22112,atcoder,EASY,True
train,22117,codeforces,MEDIUM,True
train,22118,codechef,EASY,True
train,22119,codechef,MEDIUM_HARD,True
train,22120,aizu,UNKNOWN_DIFFICULTY,False
train,22125,codewars,EASY,True
train,22126,aizu,UNKNOWN_DIFFICULTY,False
train,22127,geeksforgeeks,EASY,True
train,22129,codechef,EASY,True
train,22130,geeksforgeeks,MEDIUM,True
train,22131,codeforces,EASY,True
train,22132,codewars,EASY,True
train,22133,geeksforgeeks,MEDIUM,True
train,22134,hackerearth,EASY,False
train,22135,atcoder,UNKNOWN_DIFFICULTY,False
train,22136,leetcode,MEDIUM,True
train,22137,codeforces,MEDIUM_HARD,True
train,22144,codeforces,HARD,True
train,22145,hackerearth,EASY,False
train,22149,codeforces,EASY,True
train,22150,codeforces,MEDIUM_HARD,True
train,22153,atcoder,EASY,True
train,22154,codewars,EASY,True
train,22155,hackerearth,EASY,False
train,22156,codeforces,MEDIUM_HARD,True
train,22157,codeforces,EASY,True
train,22158,geeksforgeeks,EASY,True
train,22159,codewars,EASY,True
train,22162,codechef,UNKNOWN_DIFFICULTY,True
train,22164,codechef,UNKNOWN_DIFFICULTY,True
train,22166,codeforces,EASY,True
train,22167,aizu,UNKNOWN_DIFFICULTY,False
train,22168,geeksforgeeks,MEDIUM,True
train,22170,atcoder,EASY,True
train,22171,codeforces,HARD,True
train,22173,geeksforgeeks,EASY,True
train,22174,codeforces,EASY,True
train,22175,codewars,EASY,True
train,22176,codeforces,EASY,True
train,22177,codewars,EASY,True
train,22179,codechef,EASY,True
train,22180,codeforces,EASY,True
train,22181,aizu,UNKNOWN_DIFFICULTY,False
train,22183,codewars,EASY,True
train,22185,codechef,MEDIUM_HARD,True
train,22186,codewars,EASY,True
train,22187,geeksforgeeks,MEDIUM_HARD,True
train,22188,codewars,EASY,True
train,22189,geeksforgeeks,MEDIUM_HARD,True
train,22190,codechef,MEDIUM,True
train,22191,aizu,UNKNOWN_DIFFICULTY,False
train,22192,geeksforgeeks,MEDIUM,True
train,22193,codeforces,EASY,True
train,22194,geeksforgeeks,MEDIUM,True
train,22196,codeforces,MEDIUM,True
train,22197,codeforces,VERY_HARD,True
train,22199,geeksforgeeks,EASY,True
train,22200,aizu,UNKNOWN_DIFFICULTY,False
train,22202,codeforces,HARD,True
train,22203,hackerearth,UNKNOWN_DIFFICULTY,False
train,22205,hackerearth,EASY,False
train,22206,codechef,MEDIUM_HARD,True
train,22210,codeforces,MEDIUM_HARD,True
train,22211,codeforces,VERY_HARD,True
train,22212,codeforces,EASY,True
train,22214,aizu,UNKNOWN_DIFFICULTY,False
train,22215,codechef,MEDIUM_HARD,True
train,22217,codeforces,MEDIUM_HARD,True
train,22218,codeforces,VERY_HARD,True
train,22219,atcoder,UNKNOWN_DIFFICULTY,False
train,22220,codewars,EASY,True
train,22221,codechef,EASY,True
train,22223,codechef,VERY_HARD,True
train,22226,codechef,MEDIUM_HARD,True
train,22227,codeforces,EASY,True
train,22228,codeforces,HARD,True
train,22231,codeforces,MEDIUM_HARD,True
train,22232,leetcode,EASY,True
train,22233,atcoder,MEDIUM_HARD,True
train,22234,codeforces,EASY,True
train,22235,codechef,UNKNOWN_DIFFICULTY,True
train,22239,codeforces,EASY,True
train,22240,codeforces,MEDIUM_HARD,True
train,22242,codeforces,EASY,True
train,22243,leetcode,MEDIUM_HARD,True
train,22244,codechef,VERY_HARD,True
train,22245,atcoder,MEDIUM_HARD,True
train,22246,geeksforgeeks,EASY,True
train,22248,codechef,HARD,True
train,22249,codewars,EASY,True
train,22252,codewars,EASY,True
train,22253,codechef,EASY,True
train,22254,codewars,EASY,True
train,22255,codewars,EASY,True
train,22259,codechef,MEDIUM_HARD,True
train,22260,hackerearth,EASY,False
train,22263,codeforces,VERY_HARD,True
train,22264,codeforces,HARD,True
train,22266,codeforces,EASY,True
train,22267,codechef,EASY,True
train,22268,codeforces,EASY,True
train,22270,codeforces,EASY,True
train,22271,codewars,EASY,True
train,22272,geeksforgeeks,EASY,True
train,22274,aizu,UNKNOWN_DIFFICULTY,False
train,22276,codechef,VERY_HARD,True
train,22280,codeforces,EASY,True
train,22281,codechef,UNKNOWN_DIFFICULTY,True
train,22282,leetcode,MEDIUM,True
train,22284,codeforces,MEDIUM_HARD,True
train,22285,codeforces,HARD,True
train,22287,codechef,HARD,True
train,22288,atcoder,UNKNOWN_DIFFICULTY,False
train,22290,codeforces,MEDIUM,True
train,22291,codechef,MEDIUM,True
train,22292,leetcode,MEDIUM_HARD,True
train,22293,geeksforgeeks,EASY,True
train,22295,codeforces,HARD,True
train,22296,hackerearth,UNKNOWN_DIFFICULTY,False
train,22297,geeksforgeeks,EASY,True
train,22298,codechef,UNKNOWN_DIFFICULTY,True
train,22299,codeforces,EASY,True
train,22300,atcoder,UNKNOWN_DIFFICULTY,False
train,22301,geeksforgeeks,EASY,True
train,22302,atcoder,UNKNOWN_DIFFICULTY,False
train,22304,codeforces,EASY,True
train,22307,atcoder,EASY,True
train,22308,geeksforgeeks,MEDIUM,True
train,22309,codewars,EASY,True
train,22310,aizu,UNKNOWN_DIFFICULTY,False
train,22311,geeksforgeeks,EASY,True
train,22312,codechef,UNKNOWN_DIFFICULTY,True
train,22313,geeksforgeeks,EASY,True
train,22314,geeksforgeeks,EASY,True
train,22317,codeforces,HARD,True
train,22318,geeksforgeeks,EASY,True
train,22319,hackerearth,UNKNOWN_DIFFICULTY,False
train,22320,geeksforgeeks,EASY,True
train,22321,codeforces,HARD,True
train,22322,codeforces,MEDIUM_HARD,True
train,22323,codeforces,UNKNOWN_DIFFICULTY,True
train,22325,aizu,UNKNOWN_DIFFICULTY,False
train,22326,codechef,EASY,True
train,22327,codewars,EASY,True
train,22328,atcoder,MEDIUM,True
train,22330,geeksforgeeks,EASY,True
train,22331,codechef,EASY,True
train,22332,codewars,EASY,True
train,22333,codeforces,HARD,True
train,22334,atcoder,UNKNOWN_DIFFICULTY,False
train,22335,atcoder,EASY,True
train,22337,aizu,UNKNOWN_DIFFICULTY,False
train,22338,codeforces,MEDIUM_HARD,True
train,22339,hackerearth,MEDIUM,False
train,22340,geeksforgeeks,EASY,True
train,22341,geeksforgeeks,MEDIUM,True
train,22343,codechef,MEDIUM_HARD,True
train,22345,codechef,VERY_HARD,True
train,22346,codechef,MEDIUM_HARD,True
train,22347,geeksforgeeks,MEDIUM,True
train,22348,codechef,MEDIUM,True
train,22349,codechef,MEDIUM,True
train,22350,codechef,MEDIUM_HARD,True
train,22351,codeforces,MEDIUM,True
train,22352,codeforces,VERY_HARD,True
train,22353,codechef,HARD,True
train,22354,aizu,UNKNOWN_DIFFICULTY,False
train,22355,aizu,UNKNOWN_DIFFICULTY,False
train,22356,aizu,UNKNOWN_DIFFICULTY,False
train,22357,leetcode,MEDIUM,True
train,22359,codeforces,EASY,True
train,22360,geeksforgeeks,EASY,True
train,22361,codeforces,EASY,True
train,22362,hackerearth,UNKNOWN_DIFFICULTY,False
train,22363,codewars,EASY,True
train,22364,geeksforgeeks,MEDIUM_HARD,True
train,22365,geeksforgeeks,EASY,True
train,22366,codechef,MEDIUM,True
train,22367,hackerearth,UNKNOWN_DIFFICULTY,False
train,22368,codeforces,HARD,True
train,22369,codeforces,MEDIUM,True
train,22370,aizu,UNKNOWN_DIFFICULTY,False
train,22371,codeforces,MEDIUM_HARD,True
train,22372,codechef,UNKNOWN_DIFFICULTY,True
train,22373,codewars,EASY,True
train,22374,codechef,MEDIUM_HARD,True
train,22375,codeforces,MEDIUM_HARD,True
train,22379,geeksforgeeks,MEDIUM_HARD,True
train,22380,codechef,HARD,True
train,22381,atcoder,EASY,True
train,22382,codechef,MEDIUM_HARD,True
train,22383,aizu,UNKNOWN_DIFFICULTY,False
train,22384,codechef,EASY,True
train,22385,codeforces,HARD,True
train,22386,codeforces,HARD,True
train,22388,codeforces,HARD,True
train,22389,codechef,VERY_HARD,True
train,22390,codeforces,HARD,True
train,22392,hackerearth,UNKNOWN_DIFFICULTY,False
train,22393,codeforces,HARD,True
train,22394,hackerearth,UNKNOWN_DIFFICULTY,False
train,22395,codewars,EASY,True
train,22398,codewars,EASY,True
train,22399,geeksforgeeks,EASY,True
train,22400,codechef,VERY_HARD,True
train,22401,codeforces,MEDIUM,True
train,22403,codeforces,MEDIUM_HARD,True
train,22404,geeksforgeeks,MEDIUM,True
train,22405,codewars,EASY,True
train,22407,codewars,EASY,True
train,22408,codeforces,EASY,True
train,22410,codechef,UNKNOWN_DIFFICULTY,True
train,22412,codechef,VERY_HARD,True
train,22413,geeksforgeeks,EASY,True
train,22415,geeksforgeeks,MEDIUM_HARD,True
train,22416,aizu,UNKNOWN_DIFFICULTY,False
train,22417,codechef,MEDIUM_HARD,True
train,22418,leetcode,MEDIUM_HARD,True
train,22420,codeforces,MEDIUM_HARD,True
train,22421,codeforces,MEDIUM_HARD,True
train,22422,codewars,EASY,True
train,22423,codechef,EASY,True
train,22424,codewars,EASY,True
train,22426,codeforces,EASY,True
train,22427,aizu,UNKNOWN_DIFFICULTY,False
train,22430,geeksforgeeks,EASY,True
train,22431,codeforces,HARD,True
train,22432,aizu,UNKNOWN_DIFFICULTY,False
train,22433,codeforces,MEDIUM,True
train,22434,codeforces,EASY,True
train,22435,geeksforgeeks,EASY,True
train,22437,codeforces,EASY,True
train,22440,atcoder,UNKNOWN_DIFFICULTY,False
train,22442,leetcode,MEDIUM,True
train,22444,geeksforgeeks,MEDIUM,True
train,22445,codewars,EASY,True
train,22446,hackerearth,EASY,False
train,22448,codeforces,HARD,True
train,22450,codeforces,MEDIUM_HARD,True
train,22451,codechef,EASY,True
train,22455,codeforces,EASY,True
train,22456,codechef,UNKNOWN_DIFFICULTY,True
train,22457,aizu,UNKNOWN_DIFFICULTY,False
train,22458,codechef,UNKNOWN_DIFFICULTY,True
train,22459,geeksforgeeks,MEDIUM,True
train,22460,hackerearth,UNKNOWN_DIFFICULTY,False
train,22461,codewars,EASY,True
train,22462,codechef,UNKNOWN_DIFFICULTY,True
train,22463,codechef,EASY,True
train,22465,codechef,HARD,True
train,22467,codewars,EASY,True
train,22468,codeforces,EASY,True
train,22469,hackerearth,UNKNOWN_DIFFICULTY,False
train,22470,codeforces,HARD,True
train,22471,codeforces,MEDIUM_HARD,True
train,22472,codewars,EASY,True
train,22473,codewars,EASY,True
train,22474,codeforces,EASY,True
train,22475,hackerearth,EASY,False
train,22477,geeksforgeeks,MEDIUM,True
train,22478,codechef,MEDIUM_HARD,True
train,22479,codewars,EASY,True
train,22480,hackerearth,UNKNOWN_DIFFICULTY,False
train,22481,leetcode,MEDIUM,True
train,22482,codewars,EASY,True
train,22483,aizu,UNKNOWN_DIFFICULTY,False
train,22486,leetcode,EASY,True
train,22487,codeforces,MEDIUM,True
train,22488,aizu,UNKNOWN_DIFFICULTY,False
train,22489,aizu,UNKNOWN_DIFFICULTY,False
train,22491,codewars,EASY,True
train,22492,codewars,EASY,True
train,22493,atcoder,VERY_HARD,True
train,22494,geeksforgeeks,MEDIUM_HARD,True
train,22495,geeksforgeeks,MEDIUM,True
train,22496,codeforces,MEDIUM,True
train,22497,codewars,EASY,True
train,22498,codeforces,MEDIUM_HARD,True
train,22501,geeksforgeeks,MEDIUM,True
train,22502,codeforces,MEDIUM_HARD,True
train,22503,leetcode,MEDIUM,True
train,22504,geeksforgeeks,EASY,True
train,22506,codechef,UNKNOWN_DIFFICULTY,True
train,22507,aizu,UNKNOWN_DIFFICULTY,False
train,22508,codechef,VERY_HARD,True
train,22509,hackerearth,EASY,False
train,22510,codewars,EASY,True
train,22511,codeforces,VERY_HARD,True
train,22513,codeforces,EASY,True
train,22515,geeksforgeeks,MEDIUM,True
train,22516,atcoder,EASY,True
train,22517,aizu,UNKNOWN_DIFFICULTY,False
train,22519,leetcode,EASY,True
train,22521,hackerearth,EASY,False
train,22525,codeforces,MEDIUM_HARD,True
train,22526,codeforces,HARD,True
train,22527,codeforces,MEDIUM_HARD,True
train,22529,codeforces,HARD,True
train,22532,codewars,EASY,True
train,22535,codeforces,EASY,True
train,22536,leetcode,MEDIUM_HARD,True
train,22537,codechef,EASY,True
train,22538,codeforces,EASY,True
train,22540,codechef,EASY,True
train,22541,codewars,EASY,True
train,22542,codechef,EASY,True
train,22543,codechef,EASY,True
train,22544,atcoder,UNKNOWN_DIFFICULTY,False
train,22545,leetcode,EASY,True
train,22547,codechef,MEDIUM_HARD,True
train,22548,codeforces,HARD,True
train,22549,geeksforgeeks,EASY,True
train,22550,geeksforgeeks,MEDIUM,True
train,22552,codechef,EASY,True
train,22554,geeksforgeeks,EASY,True
train,22555,codeforces,MEDIUM_HARD,True
train,22557,leetcode,MEDIUM,True
train,22558,codeforces,EASY,True
train,22561,geeksforgeeks,MEDIUM_HARD,True
train,22562,codeforces,MEDIUM,True
train,22563,codewars,EASY,True
train,22566,codechef,EASY,True
train,22567,codeforces,MEDIUM,True
train,22569,codewars,EASY,True
train,22572,geeksforgeeks,EASY,True
train,22574,aizu,UNKNOWN_DIFFICULTY,False
train,22575,codewars,EASY,True
train,22576,atcoder,EASY,True
train,22577,geeksforgeeks,MEDIUM,True
train,22578,codechef,UNKNOWN_DIFFICULTY,True
train,22580,codeforces,EASY,True
train,22581,codeforces,EASY,True
train,22582,codeforces,EASY,True
train,22584,atcoder,MEDIUM_HARD,True
train,22587,aizu,UNKNOWN_DIFFICULTY,False
train,22588,codeforces,MEDIUM_HARD,True
train,22589,codeforces,EASY,True
train,22590,codeforces,HARD,True
train,22592,codeforces,MEDIUM_HARD,True
train,22593,atcoder,HARD,True
train,22596,geeksforgeeks,EASY,True
train,22598,codewars,EASY,True
train,22599,atcoder,UNKNOWN_DIFFICULTY,False
train,22600,geeksforgeeks,EASY,True
train,22601,codeforces,MEDIUM,True
train,22602,codeforces,HARD,True
train,22604,atcoder,UNKNOWN_DIFFICULTY,False
train,22607,aizu,UNKNOWN_DIFFICULTY,False
train,22611,codechef,EASY,True
train,22613,codeforces,MEDIUM_HARD,True
train,22614,codeforces,MEDIUM_HARD,True
train,22615,codewars,EASY,True
train,22616,codeforces,MEDIUM_HARD,True
train,22617,hackerearth,UNKNOWN_DIFFICULTY,False
train,22618,codechef,MEDIUM_HARD,True
train,22619,codeforces,EASY,True
train,22620,codechef,VERY_HARD,True
train,22621,codeforces,MEDIUM_HARD,True
train,22624,geeksforgeeks,MEDIUM_HARD,True
train,22625,codeforces,VERY_HARD,True
train,22627,codeforces,MEDIUM_HARD,True
train,22630,codeforces,EASY,True
train,22631,codeforces,MEDIUM_HARD,True
train,22633,codewars,EASY,True
train,22634,codeforces,EASY,True
train,22635,codewars,EASY,True
train,22636,leetcode,EASY,True
train,22638,codechef,MEDIUM_HARD,True
train,22639,codechef,MEDIUM,True
train,22640,codeforces,EASY,True
train,22641,codeforces,MEDIUM_HARD,True
train,22644,geeksforgeeks,MEDIUM,True
train,22646,atcoder,UNKNOWN_DIFFICULTY,False
train,22647,codeforces,VERY_HARD,True
train,22650,codeforces,HARD,True
train,22651,aizu,UNKNOWN_DIFFICULTY,False
train,22654,codechef,MEDIUM,True
train,22655,codewars,EASY,True
train,22656,codechef,UNKNOWN_DIFFICULTY,True
train,22657,hackerearth,UNKNOWN_DIFFICULTY,False
train,22658,codechef,EASY,True
train,22660,leetcode,MEDIUM,True
train,22661,geeksforgeeks,EASY,True
train,22662,codeforces,MEDIUM_HARD,True
train,22663,codeforces,EASY,True
train,22664,codeforces,HARD,True
train,22666,codewars,EASY,True
train,22667,codechef,MEDIUM_HARD,True
train,22669,codewars,MEDIUM_HARD,True
train,22670,atcoder,UNKNOWN_DIFFICULTY,False
train,22671,codeforces,MEDIUM,True
train,22673,codeforces,EASY,True
train,22674,codeforces,EASY,True
train,22677,aizu,UNKNOWN_DIFFICULTY,False
train,22679,codechef,UNKNOWN_DIFFICULTY,True
train,22680,codeforces,MEDIUM,True
train,22681,leetcode,EASY,True
train,22683,atcoder,VERY_HARD,True
train,22687,atcoder,EASY,True
train,22688,leetcode,MEDIUM_HARD,True
train,22689,atcoder,UNKNOWN_DIFFICULTY,False
train,22690,codeforces,MEDIUM_HARD,True
train,22691,codeforces,MEDIUM_HARD,True
train,22692,codewars,EASY,True
train,22693,hackerearth,UNKNOWN_DIFFICULTY,False
train,22694,codeforces,EASY,True
train,22697,aizu,UNKNOWN_DIFFICULTY,False
train,22700,leetcode,MEDIUM,True
train,22701,codewars,EASY,True
train,22703,hackerearth,UNKNOWN_DIFFICULTY,False
train,22705,atcoder,UNKNOWN_DIFFICULTY,False
train,22706,codechef,EASY,True
train,22708,aizu,UNKNOWN_DIFFICULTY,False
train,22710,aizu,UNKNOWN_DIFFICULTY,False
train,22711,atcoder,EASY,True
train,22712,codechef,VERY_HARD,True
train,22713,codechef,MEDIUM,True
train,22714,codechef,MEDIUM_HARD,True
train,22718,codeforces,EASY,True
train,22719,aizu,UNKNOWN_DIFFICULTY,False
train,22720,codeforces,EASY,True
train,22721,codeforces,HARD,True
train,22723,codechef,VERY_HARD,True
train,22724,codeforces,EASY,True
train,22725,atcoder,EASY,True
train,22726,codewars,EASY,True
train,22727,geeksforgeeks,EASY,True
train,22728,aizu,UNKNOWN_DIFFICULTY,False
train,22730,codeforces,HARD,True
train,22731,codeforces,MEDIUM_HARD,True
train,22732,codeforces,EASY,True
train,22733,codeforces,HARD,True
train,22734,atcoder,MEDIUM_HARD,True
train,22735,geeksforgeeks,MEDIUM_HARD,True
train,22736,codewars,EASY,True
train,22737,codeforces,HARD,True
train,22738,codeforces,EASY,True
train,22739,codeforces,MEDIUM,True
train,22740,codeforces,EASY,True
train,22741,geeksforgeeks,EASY,True
train,22742,hackerearth,UNKNOWN_DIFFICULTY,False
train,22743,codewars,EASY,True
train,22745,codechef,EASY,True
train,22746,codewars,EASY,True
train,22752,codechef,UNKNOWN_DIFFICULTY,True
train,22754,hackerearth,UNKNOWN_DIFFICULTY,False
train,22756,hackerearth,HARD,False
train,22757,geeksforgeeks,EASY,True
train,22758,aizu,UNKNOWN_DIFFICULTY,False
train,22759,atcoder,MEDIUM_HARD,True
train,22760,codeforces,EASY,True
train,22763,codewars,EASY,True
train,22765,geeksforgeeks,EASY,True
train,22767,codewars,EASY,True
train,22768,codeforces,MEDIUM_HARD,True
train,22770,codeforces,MEDIUM,True
train,22772,codechef,UNKNOWN_DIFFICULTY,True
train,22773,geeksforgeeks,EASY,True
train,22774,codewars,EASY,True
train,22775,codeforces,EASY,True
train,22776,codewars,EASY,True
train,22778,codeforces,VERY_HARD,True
train,22779,codechef,UNKNOWN_DIFFICULTY,True
train,22780,codechef,MEDIUM_HARD,True
train,22781,codeforces,EASY,True
train,22782,hackerearth,MEDIUM,False
train,22783,codeforces,VERY_HARD,True
train,22788,geeksforgeeks,EASY,True
train,22789,codechef,MEDIUM_HARD,True
train,22790,aizu,UNKNOWN_DIFFICULTY,False
train,22791,codeforces,HARD,True
train,22793,atcoder,EASY,True
train,22794,atcoder,MEDIUM,True
train,22796,leetcode,EASY,True
train,22799,atcoder,UNKNOWN_DIFFICULTY,False
train,22800,codeforces,HARD,True
train,22801,atcoder,UNKNOWN_DIFFICULTY,False
train,22803,codewars,EASY,True
train,22805,geeksforgeeks,EASY,True
train,22807,codeforces,VERY_HARD,True
train,22809,aizu,UNKNOWN_DIFFICULTY,False
train,22810,geeksforgeeks,EASY,True
train,22811,codewars,EASY,True
train,22812,codeforces,MEDIUM,True
train,22813,codechef,MEDIUM_HARD,True
train,22814,codechef,MEDIUM_HARD,True
train,22815,codeforces,VERY_HARD,True
train,22817,codeforces,MEDIUM_HARD,True
train,22820,codeforces,HARD,True
train,22821,codewars,EASY,True
train,22822,geeksforgeeks,MEDIUM,True
train,22823,codeforces,EASY,True
train,22825,codeforces,EASY,True
train,22826,leetcode,MEDIUM,True
train,22827,codeforces,MEDIUM,True
train,22828,codeforces,HARD,True
train,22829,codeforces,MEDIUM,True
train,22830,geeksforgeeks,MEDIUM_HARD,True
train,22831,leetcode,EASY,True
train,22832,codeforces,MEDIUM_HARD,True
train,22834,aizu,UNKNOWN_DIFFICULTY,False
train,22835,geeksforgeeks,EASY,True
train,22841,codechef,MEDIUM,True
train,22843,codechef,UNKNOWN_DIFFICULTY,True
train,22844,codechef,MEDIUM_HARD,True
train,22845,hackerearth,EASY,False
train,22846,aizu,UNKNOWN_DIFFICULTY,False
train,22847,codeforces,EASY,True
train,22848,geeksforgeeks,EASY,True
train,22851,codeforces,HARD,True
train,22852,codeforces,MEDIUM,True
train,22853,codewars,EASY,True
train,22854,hackerearth,UNKNOWN_DIFFICULTY,False
train,22856,codeforces,MEDIUM_HARD,True
train,22857,hackerearth,EASY,False
train,22858,codewars,EASY,True
train,22859,codeforces,EASY,True
train,22860,atcoder,UNKNOWN_DIFFICULTY,False
train,22861,codewars,EASY,True
train,22864,codeforces,HARD,True
train,22865,leetcode,MEDIUM,True
train,22866,codeforces,HARD,True
train,22867,codechef,HARD,True
train,22868,codechef,EASY,True
train,22870,codeforces,HARD,True
train,22872,codeforces,HARD,True
train,22873,codewars,EASY,True
train,22874,codeforces,MEDIUM,True
train,22875,codechef,MEDIUM_HARD,True
train,22876,codechef,MEDIUM,True
train,22877,codechef,VERY_HARD,True
train,22878,geeksforgeeks,EASY,True
train,22879,codeforces,VERY_HARD,True
train,22880,codewars,EASY,True
train,22881,codewars,EASY,True
train,22882,codeforces,HARD,True
train,22883,atcoder,EASY,True
train,22884,codeforces,EASY,True
train,22885,codechef,UNKNOWN_DIFFICULTY,True
train,22886,geeksforgeeks,MEDIUM,True
train,22887,atcoder,MEDIUM,True
train,22888,hackerearth,UNKNOWN_DIFFICULTY,False
train,22889,hackerearth,UNKNOWN_DIFFICULTY,False
train,22890,codewars,MEDIUM_HARD,True
train,22891,codeforces,MEDIUM_HARD,True
train,22892,aizu,UNKNOWN_DIFFICULTY,False
train,22894,geeksforgeeks,MEDIUM,True
train,22895,codewars,EASY,True
train,22896,codeforces,MEDIUM,True
train,22897,codeforces,EASY,True
train,22899,codechef,EASY,True
train,22901,geeksforgeeks,MEDIUM,True
train,22902,codechef,UNKNOWN_DIFFICULTY,True
train,22904,codeforces,MEDIUM,True
train,22906,codeforces,HARD,True
train,22907,codeforces,VERY_HARD,True
train,22909,hackerearth,EASY,False
train,22910,codeforces,EASY,True
train,22914,hackerearth,MEDIUM_HARD,False
train,22915,hackerearth,EASY,False
train,22917,codeforces,MEDIUM,True
train,22918,aizu,UNKNOWN_DIFFICULTY,False
train,22919,geeksforgeeks,EASY,True
train,22920,codechef,HARD,True
train,22921,codeforces,EASY,True
train,22922,hackerearth,UNKNOWN_DIFFICULTY,False
train,22924,hackerearth,EASY,False
train,22926,codeforces,MEDIUM,True
train,22930,hackerearth,EASY,False
train,22932,codewars,EASY,True
train,22934,codeforces,EASY,True
train,22936,codeforces,MEDIUM,True
train,22938,geeksforgeeks,MEDIUM,True
train,22940,codeforces,MEDIUM,True
train,22941,codechef,MEDIUM_HARD,True
train,22942,atcoder,MEDIUM_HARD,True
train,22943,atcoder,EASY,True
train,22944,codechef,VERY_HARD,True
train,22946,codewars,EASY,True
train,22947,geeksforgeeks,EASY,True
train,22948,hackerearth,EASY,False
train,22949,leetcode,MEDIUM,True
train,22950,codeforces,VERY_HARD,True
train,22951,codeforces,HARD,True
train,22953,codechef,MEDIUM,True
train,22954,codeforces,EASY,True
train,22955,hackerearth,MEDIUM,False
train,22957,atcoder,UNKNOWN_DIFFICULTY,False
train,22958,aizu,UNKNOWN_DIFFICULTY,False
train,22959,codewars,EASY,True
train,22960,atcoder,VERY_HARD,True
train,22962,codewars,EASY,True
train,22963,atcoder,UNKNOWN_DIFFICULTY,False
train,22964,codeforces,EASY,True
train,22967,aizu,UNKNOWN_DIFFICULTY,False
train,22968,codechef,HARD,True
train,22969,geeksforgeeks,MEDIUM,True
train,22970,geeksforgeeks,MEDIUM,True
train,22971,codeforces,MEDIUM,True
train,22973,codewars,EASY,True
train,22974,geeksforgeeks,MEDIUM,True
train,22975,codeforces,EASY,True
train,22976,codeforces,MEDIUM_HARD,True
train,22978,hackerearth,UNKNOWN_DIFFICULTY,False
train,22979,hackerearth,UNKNOWN_DIFFICULTY,False
train,22980,codeforces,HARD,True
train,22982,codechef,MEDIUM,True
train,22983,codechef,MEDIUM_HARD,True
train,22984,aizu,UNKNOWN_DIFFICULTY,False
train,22986,aizu,UNKNOWN_DIFFICULTY,False
train,22989,codeforces,EASY,True
train,22990,codeforces,MEDIUM,True
train,22991,codechef,EASY,True
train,22992,codewars,EASY,True
train,22997,codeforces,MEDIUM,True
train,22998,geeksforgeeks,EASY,True
train,23000,hackerearth,UNKNOWN_DIFFICULTY,False
train,23001,codeforces,EASY,True
train,23002,codewars,EASY,True
train,23003,hackerearth,UNKNOWN_DIFFICULTY,False
train,23005,geeksforgeeks,MEDIUM,True
train,23007,codeforces,VERY_HARD,True
train,23008,geeksforgeeks,MEDIUM,True
train,23009,codechef,EASY,True
train,23010,codewars,EASY,True
train,23011,codeforces,HARD,True
train,23012,codeforces,EASY,True
train,23013,codechef,MEDIUM_HARD,True
train,23014,codeforces,MEDIUM_HARD,True
train,23015,atcoder,MEDIUM,True
train,23016,codeforces,EASY,True
train,23017,codewars,EASY,True
train,23018,hackerearth,UNKNOWN_DIFFICULTY,False
train,23019,codechef,UNKNOWN_DIFFICULTY,True
train,23021,geeksforgeeks,EASY,True
train,23023,atcoder,EASY,True
train,23024,geeksforgeeks,MEDIUM,True
train,23026,codechef,MEDIUM_HARD,True
train,23027,codeforces,VERY_HARD,True
train,23028,codeforces,HARD,True
train,23029,codeforces,MEDIUM,True
train,23030,aizu,UNKNOWN_DIFFICULTY,False
train,23031,geeksforgeeks,EASY,True
train,23032,codeforces,MEDIUM,True
train,23034,codeforces,MEDIUM_HARD,True
train,23036,codechef,UNKNOWN_DIFFICULTY,True
train,23037,codeforces,HARD,True
train,23038,codewars,EASY,True
train,23041,codeforces,EASY,True
train,23042,hackerearth,UNKNOWN_DIFFICULTY,False
train,23043,codeforces,MEDIUM_HARD,True
train,23044,hackerearth,MEDIUM,False
train,23045,aizu,UNKNOWN_DIFFICULTY,False
train,23046,geeksforgeeks,EASY,True
train,23051,codechef,EASY,True
train,23053,geeksforgeeks,MEDIUM,True
train,23056,aizu,UNKNOWN_DIFFICULTY,False
train,23057,codechef,EASY,True
train,23060,codeforces,EASY,True
train,23064,geeksforgeeks,EASY,True
train,23067,codewars,EASY,True
train,23069,codewars,EASY,True
train,23070,atcoder,MEDIUM_HARD,True
train,23072,codechef,EASY,True
train,23073,codewars,EASY,True
train,23074,codeforces,MEDIUM_HARD,True
train,23075,codeforces,MEDIUM,True
train,23076,codechef,MEDIUM_HARD,True
train,23077,geeksforgeeks,EASY,True
train,23078,codeforces,EASY,True
train,23079,codechef,MEDIUM_HARD,True
train,23080,hackerearth,EASY,False
train,23083,codeforces,MEDIUM_HARD,True
train,23084,codeforces,EASY,True
train,23085,codeforces,VERY_HARD,True
train,23088,codechef,HARD,True
train,23089,codeforces,EASY,True
train,23091,codeforces,MEDIUM_HARD,True
train,23092,codeforces,VERY_HARD,True
train,23093,geeksforgeeks,EASY,True
train,23094,geeksforgeeks,MEDIUM,True
train,23095,codeforces,HARD,True
train,23097,aizu,UNKNOWN_DIFFICULTY,False
train,23098,codeforces,EASY,True
train,23099,codechef,UNKNOWN_DIFFICULTY,True
train,23100,geeksforgeeks,EASY,True
train,23101,geeksforgeeks,MEDIUM,True
train,23102,geeksforgeeks,EASY,True
train,23103,codeforces,HARD,True
train,23104,codewars,EASY,True
train,23105,geeksforgeeks,EASY,True
train,23106,geeksforgeeks,EASY,True
train,23108,hackerearth,UNKNOWN_DIFFICULTY,False
train,23109,codeforces,EASY,True
train,23111,hackerearth,UNKNOWN_DIFFICULTY,False
train,23112,geeksforgeeks,EASY,True
train,23113,geeksforgeeks,MEDIUM,True
train,23116,codechef,VERY_HARD,True
train,23117,codeforces,HARD,True
train,23121,hackerearth,UNKNOWN_DIFFICULTY,False
train,23123,leetcode,MEDIUM_HARD,True
train,23124,codewars,EASY,True
train,23126,codewars,EASY,True
train,23129,atcoder,MEDIUM,True
train,23130,codechef,MEDIUM_HARD,True
train,23134,codechef,UNKNOWN_DIFFICULTY,True
train,23135,codeforces,EASY,True
train,23137,codeforces,EASY,True
train,23138,geeksforgeeks,MEDIUM,True
train,23140,atcoder,HARD,True
train,23141,atcoder,UNKNOWN_DIFFICULTY,False
train,23142,hackerearth,EASY,False
train,23143,hackerearth,EASY,False
train,23144,geeksforgeeks,EASY,True
train,23145,geeksforgeeks,EASY,True
train,23147,aizu,UNKNOWN_DIFFICULTY,False
train,23148,geeksforgeeks,EASY,True
train,23149,codechef,EASY,True
train,23150,leetcode,MEDIUM,True
train,23152,geeksforgeeks,MEDIUM,True
train,23153,codeforces,EASY,True
train,23154,codechef,EASY,True
train,23155,codeforces,MEDIUM,True
train,23156,geeksforgeeks,EASY,True
train,23157,codeforces,MEDIUM_HARD,True
train,23158,atcoder,EASY,True
train,23161,codeforces,EASY,True
train,23165,hackerearth,EASY,False
train,23167,codechef,HARD,True
train,23168,geeksforgeeks,EASY,True
train,23171,codewars,EASY,True
train,23172,geeksforgeeks,EASY,True
train,23173,codeforces,UNKNOWN_DIFFICULTY,True
train,23174,geeksforgeeks,EASY,True
train,23177,codewars,EASY,True
train,23178,codewars,EASY,True
train,23180,codechef,EASY,True
train,23182,codewars,EASY,True
train,23186,hackerearth,UNKNOWN_DIFFICULTY,False
train,23187,hackerearth,EASY,False
train,23189,codeforces,HARD,True
train,23190,hackerearth,EASY,False
train,23193,codeforces,EASY,True
train,23194,aizu,UNKNOWN_DIFFICULTY,False
train,23195,atcoder,MEDIUM,True
train,23196,codeforces,EASY,True
train,23197,atcoder,EASY,True
train,23198,codeforces,HARD,True
train,23199,codewars,EASY,True
train,23200,codewars,EASY,True
train,23201,leetcode,MEDIUM,True
train,23202,codewars,EASY,True
train,23203,codechef,EASY,True
train,23204,atcoder,UNKNOWN_DIFFICULTY,False
train,23206,codeforces,EASY,True
train,23207,geeksforgeeks,EASY,True
train,23208,codechef,UNKNOWN_DIFFICULTY,True
train,23212,geeksforgeeks,MEDIUM,True
train,23213,codeforces,EASY,True
train,23214,codeforces,MEDIUM,True
train,23215,codeforces,EASY,True
train,23216,hackerearth,UNKNOWN_DIFFICULTY,False
train,23218,aizu,UNKNOWN_DIFFICULTY,False
train,23219,hackerearth,UNKNOWN_DIFFICULTY,False
train,23222,codeforces,EASY,True
train,23223,atcoder,EASY,True
train,23225,geeksforgeeks,MEDIUM,True
train,23226,codechef,VERY_HARD,True
train,23228,geeksforgeeks,MEDIUM,True
train,23231,codewars,EASY,True
train,23236,hackerearth,MEDIUM_HARD,False
train,23237,codeforces,EASY,True
train,23238,hackerearth,UNKNOWN_DIFFICULTY,False
train,23239,geeksforgeeks,EASY,True
train,23240,codewars,EASY,True
train,23241,atcoder,VERY_HARD,True
train,23242,codeforces,EASY,True
train,23243,geeksforgeeks,MEDIUM,True
train,23245,aizu,UNKNOWN_DIFFICULTY,False
train,23247,codeforces,MEDIUM,True
train,23248,codechef,UNKNOWN_DIFFICULTY,True
train,23249,codechef,UNKNOWN_DIFFICULTY,True
train,23250,codeforces,HARD,True
train,23251,codeforces,MEDIUM,True
train,23252,codeforces,EASY,True
train,23253,codeforces,MEDIUM_HARD,True
train,23254,codeforces,EASY,True
train,23256,codewars,EASY,True
train,23257,codeforces,MEDIUM,True
train,23258,atcoder,VERY_HARD,True
train,23259,hackerearth,MEDIUM,False
train,23260,codeforces,VERY_HARD,True
train,23261,codeforces,EASY,True
train,23262,geeksforgeeks,MEDIUM_HARD,True
train,23263,codechef,VERY_HARD,True
train,23265,codechef,MEDIUM_HARD,True
train,23266,codeforces,MEDIUM_HARD,True
train,23269,hackerearth,EASY,False
train,23270,aizu,UNKNOWN_DIFFICULTY,False
train,23271,geeksforgeeks,EASY,True
train,23272,codechef,UNKNOWN_DIFFICULTY,True
train,23273,geeksforgeeks,EASY,True
train,23274,geeksforgeeks,EASY,True
train,23275,aizu,UNKNOWN_DIFFICULTY,False
train,23279,codechef,MEDIUM_HARD,True
train,23280,codewars,EASY,True
train,23281,codeforces,MEDIUM,True
train,23282,codechef,MEDIUM_HARD,True
train,23284,geeksforgeeks,MEDIUM,True
train,23285,geeksforgeeks,EASY,True
train,23286,hackerearth,UNKNOWN_DIFFICULTY,False
train,23287,codeforces,MEDIUM,True
train,23288,leetcode,MEDIUM,True
train,23290,codeforces,MEDIUM,True
train,23293,geeksforgeeks,EASY,True
train,23295,geeksforgeeks,EASY,True
train,23296,codeforces,EASY,True
train,23297,leetcode,MEDIUM_HARD,True
train,23298,hackerearth,EASY,False
train,23299,codechef,MEDIUM_HARD,True
train,23300,atcoder,EASY,True
train,23301,hackerearth,EASY,False
train,23302,codeforces,EASY,True
train,23303,codeforces,MEDIUM_HARD,True
train,23304,atcoder,MEDIUM,True
train,23305,codewars,EASY,True
train,23306,geeksforgeeks,EASY,True
train,23307,atcoder,UNKNOWN_DIFFICULTY,False
train,23309,geeksforgeeks,EASY,True
train,23310,codewars,EASY,True
train,23313,codechef,HARD,True
train,23314,hackerearth,MEDIUM,False
train,23315,codechef,VERY_HARD,True
train,23316,aizu,UNKNOWN_DIFFICULTY,False
train,23317,codeforces,HARD,True
train,23318,hackerearth,UNKNOWN_DIFFICULTY,False
train,23320,codewars,EASY,True
train,23321,codeforces,HARD,True
train,23323,geeksforgeeks,EASY,True
train,23326,codeforces,MEDIUM_HARD,True
train,23327,aizu,UNKNOWN_DIFFICULTY,False
train,23328,hackerearth,EASY,False
train,23329,codeforces,MEDIUM_HARD,True
train,23330,aizu,UNKNOWN_DIFFICULTY,False
train,23331,aizu,UNKNOWN_DIFFICULTY,False
train,23333,codeforces,MEDIUM,True
train,23334,codewars,EASY,True
train,23335,codeforces,HARD,True
train,23336,leetcode,EASY,True
train,23337,hackerearth,MEDIUM,False
train,23338,codeforces,MEDIUM,True
train,23339,codewars,EASY,True
train,23340,codeforces,MEDIUM,True
train,23341,codewars,EASY,True
train,23342,codeforces,EASY,True
train,23343,codeforces,MEDIUM_HARD,True
train,23345,codewars,EASY,True
train,23346,codeforces,MEDIUM,True
train,23347,atcoder,MEDIUM_HARD,True
train,23348,geeksforgeeks,MEDIUM,True
train,23349,aizu,UNKNOWN_DIFFICULTY,False
train,23350,geeksforgeeks,EASY,True
train,23351,codechef,EASY,True
train,23352,codewars,EASY,True
train,23353,geeksforgeeks,EASY,True
train,23354,codeforces,HARD,True
train,23355,aizu,UNKNOWN_DIFFICULTY,False
train,23356,codeforces,EASY,True
train,23358,hackerearth,EASY,False
train,23360,geeksforgeeks,EASY,True
train,23362,codeforces,EASY,True
train,23363,codeforces,HARD,True
train,23364,codewars,EASY,True
train,23365,atcoder,MEDIUM,True
train,23366,codechef,MEDIUM_HARD,True
train,23367,geeksforgeeks,MEDIUM,True
train,23368,codechef,EASY,True
train,23369,codeforces,MEDIUM_HARD,True
train,23372,leetcode,MEDIUM_HARD,True
train,23374,leetcode,MEDIUM_HARD,True
train,23375,codewars,EASY,True
train,23378,codechef,UNKNOWN_DIFFICULTY,True
train,23380,codewars,EASY,True
train,23383,atcoder,MEDIUM_HARD,True
train,23384,atcoder,EASY,True
train,23385,atcoder,EASY,True
train,23387,atcoder,VERY_HARD,True
train,23391,codeforces,HARD,True
train,23392,aizu,UNKNOWN_DIFFICULTY,False
train,23395,hackerearth,MEDIUM,False
train,23396,codeforces,EASY,True
train,23398,aizu,UNKNOWN_DIFFICULTY,False
train,23399,codeforces,HARD,True
train,23401,codeforces,EASY,True
train,23402,geeksforgeeks,EASY,True
train,23403,leetcode,EASY,True
train,23404,codechef,EASY,True
train,23406,codeforces,HARD,True
train,23407,codechef,VERY_HARD,True
train,23408,hackerearth,UNKNOWN_DIFFICULTY,False
train,23409,codewars,EASY,True
train,23410,codeforces,HARD,True
train,23412,atcoder,UNKNOWN_DIFFICULTY,False
train,23413,codeforces,EASY,True
train,23414,codeforces,HARD,True
train,23415,codeforces,MEDIUM,True
train,23416,codeforces,EASY,True
train,23417,aizu,UNKNOWN_DIFFICULTY,False
train,23418,geeksforgeeks,EASY,True
train,23419,codeforces,HARD,True
train,23420,geeksforgeeks,MEDIUM,True
train,23422,geeksforgeeks,EASY,True
train,23424,codewars,EASY,True
train,23425,hackerearth,EASY,False
train,23426,geeksforgeeks,EASY,True
train,23429,aizu,UNKNOWN_DIFFICULTY,False
train,23430,codewars,EASY,True
train,23431,aizu,UNKNOWN_DIFFICULTY,False
train,23432,codechef,UNKNOWN_DIFFICULTY,True
train,23434,codechef,UNKNOWN_DIFFICULTY,True
train,23435,atcoder,MEDIUM_HARD,True
train,23437,atcoder,UNKNOWN_DIFFICULTY,False
train,23439,codechef,HARD,True
train,23440,codechef,MEDIUM_HARD,True
train,23441,codechef,EASY,True
train,23442,hackerearth,EASY,False
train,23443,codewars,EASY,True
train,23444,aizu,UNKNOWN_DIFFICULTY,False
train,23445,atcoder,UNKNOWN_DIFFICULTY,False
train,23446,codechef,MEDIUM_HARD,True
train,23447,codewars,EASY,True
train,23449,codechef,UNKNOWN_DIFFICULTY,True
train,23450,geeksforgeeks,MEDIUM_HARD,True
train,23451,geeksforgeeks,EASY,True
train,23452,codechef,EASY,True
train,23453,hackerearth,EASY,False
train,23454,codeforces,MEDIUM_HARD,True
train,23455,codewars,EASY,True
train,23457,atcoder,UNKNOWN_DIFFICULTY,False
train,23458,aizu,UNKNOWN_DIFFICULTY,False
train,23459,codewars,EASY,True
train,23460,codeforces,EASY,True
train,23461,codeforces,HARD,True
train,23462,codeforces,MEDIUM,True
train,23463,aizu,UNKNOWN_DIFFICULTY,False
train,23465,hackerearth,MEDIUM,False
train,23466,atcoder,UNKNOWN_DIFFICULTY,False
train,23468,leetcode,MEDIUM_HARD,True
train,23469,codeforces,MEDIUM,True
train,23473,codechef,EASY,True
train,23478,hackerearth,HARD,False
train,23479,hackerearth,EASY,False
train,23480,codeforces,EASY,True
train,23481,hackerearth,UNKNOWN_DIFFICULTY,False
train,23482,codewars,EASY,True
train,23486,codewars,EASY,True
train,23489,codeforces,MEDIUM,True
train,23490,codeforces,VERY_HARD,True
train,23491,codeforces,MEDIUM_HARD,True
train,23492,atcoder,UNKNOWN_DIFFICULTY,False
train,23493,codewars,EASY,True
train,23495,geeksforgeeks,MEDIUM,True
train,23499,codewars,EASY,True
train,23500,atcoder,MEDIUM_HARD,True
train,23501,hackerearth,EASY,False
train,23502,codeforces,MEDIUM_HARD,True
train,23504,aizu,UNKNOWN_DIFFICULTY,False
train,23505,codewars,EASY,True
train,23506,codechef,EASY,True
train,23507,hackerearth,EASY,False
train,23508,codeforces,EASY,True
train,23509,atcoder,EASY,True
train,23510,hackerearth,UNKNOWN_DIFFICULTY,False
train,23511,geeksforgeeks,EASY,True
train,23512,codechef,UNKNOWN_DIFFICULTY,True
train,23514,atcoder,EASY,True
train,23515,hackerearth,UNKNOWN_DIFFICULTY,False
train,23516,leetcode,MEDIUM,True
train,23518,codewars,EASY,True
train,23519,codeforces,EASY,True
train,23520,codechef,UNKNOWN_DIFFICULTY,True
train,23521,leetcode,MEDIUM,True
train,23522,atcoder,UNKNOWN_DIFFICULTY,False
train,23523,codeforces,EASY,True
train,23525,codeforces,EASY,True
train,23526,codechef,HARD,True
train,23527,codewars,EASY,True
train,23528,codeforces,EASY,True
train,23530,codeforces,EASY,True
train,23531,codeforces,EASY,True
train,23532,geeksforgeeks,EASY,True
train,23533,codeforces,HARD,True
train,23534,geeksforgeeks,MEDIUM,True
train,23535,codeforces,HARD,True
train,23537,geeksforgeeks,EASY,True
train,23538,codeforces,EASY,True
train,23540,codeforces,HARD,True
train,23541,codechef,HARD,True
train,23543,atcoder,VERY_HARD,True
train,23544,geeksforgeeks,EASY,True
train,23545,codeforces,MEDIUM_HARD,True
train,23546,hackerearth,UNKNOWN_DIFFICULTY,False
train,23548,geeksforgeeks,MEDIUM,True
train,23549,codechef,HARD,True
train,23550,codechef,VERY_HARD,True
train,23551,hackerearth,UNKNOWN_DIFFICULTY,False
train,23552,codeforces,HARD,True
train,23553,hackerearth,UNKNOWN_DIFFICULTY,False
train,23554,geeksforgeeks,EASY,True
train,23556,codeforces,EASY,True
train,23557,geeksforgeeks,MEDIUM,True
train,23558,geeksforgeeks,EASY,True
train,23559,codeforces,VERY_HARD,True
train,23560,codechef,MEDIUM_HARD,True
train,23562,codechef,EASY,True
train,23563,codeforces,HARD,True
train,23567,aizu,UNKNOWN_DIFFICULTY,False
train,23569,codechef,MEDIUM_HARD,True
train,23570,codewars,EASY,True
train,23571,codeforces,EASY,True
train,23572,codechef,UNKNOWN_DIFFICULTY,True
train,23574,codeforces,MEDIUM_HARD,True
train,23575,codeforces,EASY,True
train,23577,codeforces,MEDIUM_HARD,True
train,23578,codewars,EASY,True
train,23579,leetcode,MEDIUM_HARD,True
train,23580,atcoder,MEDIUM_HARD,True
train,23582,codechef,EASY,True
train,23584,codewars,EASY,True
train,23585,codeforces,MEDIUM,True
train,23586,geeksforgeeks,EASY,True
train,23587,codeforces,EASY,True
train,23589,geeksforgeeks,EASY,True
train,23591,aizu,UNKNOWN_DIFFICULTY,False
train,23592,codeforces,HARD,True
train,23593,geeksforgeeks,EASY,True
train,23594,codeforces,MEDIUM,True
train,23595,geeksforgeeks,MEDIUM,True
train,23596,geeksforgeeks,EASY,True
train,23597,codeforces,MEDIUM_HARD,True
train,23599,geeksforgeeks,EASY,True
train,23602,codeforces,HARD,True
train,23603,atcoder,EASY,True
train,23604,codeforces,HARD,True
train,23605,geeksforgeeks,EASY,True
train,23606,codeforces,EASY,True
train,23607,geeksforgeeks,EASY,True
train,23608,codeforces,EASY,True
train,23609,codeforces,EASY,True
train,23610,codechef,EASY,True
train,23611,codeforces,EASY,True
train,23612,codeforces,MEDIUM,True
train,23614,geeksforgeeks,EASY,True
train,23615,codeforces,EASY,True
train,23616,geeksforgeeks,MEDIUM_HARD,True
train,23617,geeksforgeeks,MEDIUM,True
train,23620,codechef,UNKNOWN_DIFFICULTY,True
train,23621,hackerearth,UNKNOWN_DIFFICULTY,False
train,23622,geeksforgeeks,EASY,True
train,23625,geeksforgeeks,EASY,True
train,23628,codeforces,HARD,True
train,23630,codewars,EASY,True
train,23631,geeksforgeeks,EASY,True
train,23632,atcoder,MEDIUM,True
train,23633,aizu,UNKNOWN_DIFFICULTY,False
train,23634,geeksforgeeks,EASY,True
train,23635,atcoder,HARD,True
train,23636,geeksforgeeks,EASY,True
train,23637,codeforces,MEDIUM_HARD,True
train,23638,hackerearth,UNKNOWN_DIFFICULTY,False
train,23639,geeksforgeeks,MEDIUM,True
train,23640,geeksforgeeks,MEDIUM,True
train,23643,hackerearth,MEDIUM,False
train,23644,aizu,UNKNOWN_DIFFICULTY,False
train,23646,codechef,EASY,True
train,23647,geeksforgeeks,EASY,True
train,23648,atcoder,UNKNOWN_DIFFICULTY,False
train,23650,codeforces,HARD,True
train,23653,aizu,UNKNOWN_DIFFICULTY,False
train,23654,aizu,UNKNOWN_DIFFICULTY,False
train,23656,codeforces,HARD,True
train,23663,leetcode,EASY,True
train,23664,codechef,VERY_HARD,True
train,23665,codeforces,MEDIUM_HARD,True
train,23667,codeforces,HARD,True
train,23668,codechef,MEDIUM_HARD,True
train,23669,codeforces,EASY,True
train,23672,codewars,EASY,True
train,23673,geeksforgeeks,EASY,True
train,23674,leetcode,EASY,True
train,23675,codeforces,EASY,True
train,23676,codeforces,MEDIUM_HARD,True
train,23677,hackerearth,UNKNOWN_DIFFICULTY,False
train,23678,codechef,EASY,True
train,23679,geeksforgeeks,EASY,True
train,23681,codeforces,MEDIUM,True
train,23683,geeksforgeeks,MEDIUM,True
train,23684,geeksforgeeks,EASY,True
train,23686,codewars,EASY,True
train,23689,codeforces,EASY,True
train,23690,codeforces,VERY_HARD,True
train,23692,codeforces,EASY,True
train,23693,codeforces,EASY,True
train,23694,codechef,MEDIUM_HARD,True
train,23695,codechef,UNKNOWN_DIFFICULTY,True
train,23697,codeforces,HARD,True
train,23698,codewars,EASY,True
train,23699,leetcode,EASY,True
train,23701,geeksforgeeks,MEDIUM,True
train,23703,geeksforgeeks,EASY,True
train,23704,hackerearth,HARD,False
train,23708,codewars,EASY,True
train,23709,codeforces,EASY,True
train,23710,hackerearth,EASY,False
train,23712,codeforces,EASY,True
train,23713,atcoder,UNKNOWN_DIFFICULTY,False
train,23715,codewars,EASY,True
train,23717,geeksforgeeks,EASY,True
train,23719,codewars,EASY,True
train,23720,codeforces,EASY,True
train,23721,codeforces,HARD,True
train,23722,codeforces,EASY,True
train,23726,codeforces,HARD,True
train,23731,codeforces,HARD,True
train,23734,geeksforgeeks,MEDIUM,True
train,23735,codechef,MEDIUM_HARD,True
train,23736,codechef,VERY_HARD,True
train,23737,codeforces,MEDIUM,True
train,23738,geeksforgeeks,EASY,True
train,23739,geeksforgeeks,EASY,True
train,23740,aizu,UNKNOWN_DIFFICULTY,False
train,23741,geeksforgeeks,MEDIUM,True
train,23742,codeforces,EASY,True
train,23743,geeksforgeeks,MEDIUM_HARD,True
train,23745,codewars,EASY,True
train,23746,codewars,EASY,True
train,23748,codeforces,EASY,True
train,23749,aizu,UNKNOWN_DIFFICULTY,False
train,23750,codechef,MEDIUM,True
train,23751,geeksforgeeks,EASY,True
train,23752,codeforces,HARD,True
train,23753,codeforces,VERY_HARD,True
train,23755,hackerearth,EASY,False
train,23756,codeforces,HARD,True
train,23758,codeforces,MEDIUM_HARD,True
train,23759,aizu,UNKNOWN_DIFFICULTY,False
train,23760,geeksforgeeks,EASY,True
train,23764,geeksforgeeks,EASY,True
train,23765,codeforces,VERY_HARD,True
train,23767,aizu,UNKNOWN_DIFFICULTY,False
train,23769,atcoder,UNKNOWN_DIFFICULTY,False
train,23770,codeforces,HARD,True
train,23771,codeforces,EASY,True
train,23772,codechef,VERY_HARD,True
train,23774,codechef,EASY,True
train,23776,codeforces,MEDIUM_HARD,True
train,23777,leetcode,MEDIUM,True
train,23778,atcoder,UNKNOWN_DIFFICULTY,False
train,23781,codeforces,EASY,True
train,23784,aizu,UNKNOWN_DIFFICULTY,False
train,23788,geeksforgeeks,EASY,True
train,23789,codechef,VERY_HARD,True
train,23790,geeksforgeeks,MEDIUM,True
train,23791,geeksforgeeks,MEDIUM,True
train,23792,codeforces,HARD,True
train,23794,codeforces,MEDIUM_HARD,True
train,23795,geeksforgeeks,EASY,True
train,23796,codeforces,EASY,True
train,23799,geeksforgeeks,MEDIUM,True
train,23800,codeforces,MEDIUM_HARD,True
train,23801,hackerearth,EASY,False
train,23802,codeforces,HARD,True
train,23804,aizu,UNKNOWN_DIFFICULTY,False
train,23805,codeforces,MEDIUM,True
train,23808,atcoder,UNKNOWN_DIFFICULTY,False
train,23809,geeksforgeeks,EASY,True
train,23810,codeforces,EASY,True
train,23811,leetcode,MEDIUM_HARD,True
train,23812,codeforces,MEDIUM_HARD,True
train,23816,hackerearth,UNKNOWN_DIFFICULTY,False
train,23817,codeforces,HARD,True
train,23818,codeforces,EASY,True
train,23819,codewars,EASY,True
train,23820,codechef,UNKNOWN_DIFFICULTY,True
train,23821,codewars,EASY,True
train,23822,hackerearth,UNKNOWN_DIFFICULTY,False
train,23823,geeksforgeeks,MEDIUM,True
train,23824,codechef,EASY,True
train,23832,hackerearth,EASY,False
train,23833,codewars,EASY,True
train,23834,codechef,EASY,True
train,23835,codeforces,MEDIUM_HARD,True
train,23836,codeforces,MEDIUM_HARD,True
train,23839,codeforces,MEDIUM_HARD,True
train,23840,codewars,EASY,True
train,23841,codechef,EASY,True
train,23842,codewars,EASY,True
train,23843,codeforces,EASY,True
train,23844,geeksforgeeks,MEDIUM_HARD,True
train,23846,codeforces,HARD,True
train,23847,aizu,UNKNOWN_DIFFICULTY,False
train,23848,codeforces,MEDIUM_HARD,True
train,23850,aizu,UNKNOWN_DIFFICULTY,False
train,23851,leetcode,MEDIUM,True
train,23853,geeksforgeeks,EASY,True
train,23854,hackerearth,MEDIUM,False
train,23855,leetcode,MEDIUM_HARD,True
train,23856,codeforces,EASY,True
train,23858,aizu,UNKNOWN_DIFFICULTY,False
train,23860,codewars,EASY,True
train,23864,codechef,MEDIUM_HARD,True
train,23866,hackerearth,UNKNOWN_DIFFICULTY,False
train,23868,codeforces,EASY,True
train,23869,codewars,EASY,True
train,23870,codeforces,VERY_HARD,True
train,23871,atcoder,EASY,True
train,23872,geeksforgeeks,EASY,True
train,23873,codewars,EASY,True
train,23875,codewars,EASY,True
train,23877,codeforces,EASY,True
train,23878,codeforces,MEDIUM,True
train,23879,codeforces,EASY,True
train,23880,aizu,UNKNOWN_DIFFICULTY,False
train,23882,hackerearth,UNKNOWN_DIFFICULTY,False
train,23883,geeksforgeeks,EASY,True
train,23886,codeforces,EASY,True
train,23887,codewars,EASY,True
train,23888,atcoder,MEDIUM_HARD,True
train,23889,codeforces,EASY,True
train,23890,codeforces,MEDIUM,True
train,23891,codeforces,MEDIUM,True
train,23892,leetcode,MEDIUM,True
train,23893,hackerearth,UNKNOWN_DIFFICULTY,False
train,23894,aizu,UNKNOWN_DIFFICULTY,False
train,23895,hackerearth,MEDIUM,False
train,23897,codechef,HARD,True
train,23898,codechef,EASY,True
train,23899,geeksforgeeks,EASY,True
train,23900,leetcode,MEDIUM,True
train,23901,hackerearth,EASY,False
train,23902,codeforces,HARD,True
train,23903,aizu,UNKNOWN_DIFFICULTY,False
train,23904,codeforces,EASY,True
train,23905,codechef,EASY,True
train,23906,codeforces,MEDIUM_HARD,True
train,23908,atcoder,EASY,True
train,23909,atcoder,EASY,True
train,23911,codeforces,MEDIUM,True
train,23913,leetcode,MEDIUM,True
train,23915,codewars,EASY,True
train,23916,aizu,UNKNOWN_DIFFICULTY,False
train,23918,codechef,UNKNOWN_DIFFICULTY,True
train,23919,codewars,EASY,True
train,23921,aizu,UNKNOWN_DIFFICULTY,False
train,23922,geeksforgeeks,MEDIUM_HARD,True
train,23923,codechef,VERY_HARD,True
train,23924,codewars,MEDIUM,True
train,23925,atcoder,UNKNOWN_DIFFICULTY,False
train,23926,codechef,HARD,True
train,23927,leetcode,MEDIUM_HARD,True
train,23928,aizu,UNKNOWN_DIFFICULTY,False
train,23929,codeforces,EASY,True
train,23931,codewars,EASY,True
train,23933,codechef,UNKNOWN_DIFFICULTY,True
train,23934,atcoder,EASY,True
train,23935,codeforces,MEDIUM_HARD,True
train,23937,geeksforgeeks,EASY,True
train,23938,geeksforgeeks,EASY,True
train,23939,aizu,UNKNOWN_DIFFICULTY,False
train,23941,codeforces,MEDIUM,True
train,23943,codeforces,HARD,True
train,23944,geeksforgeeks,EASY,True
train,23945,codechef,HARD,True
train,23946,codeforces,EASY,True
train,23947,leetcode,MEDIUM_HARD,True
train,23949,atcoder,EASY,True
train,23951,codewars,MEDIUM_HARD,True
train,23952,codechef,VERY_HARD,True
train,23953,codewars,EASY,True
train,23954,geeksforgeeks,MEDIUM_HARD,True
train,23955,codewars,EASY,True
train,23956,codechef,UNKNOWN_DIFFICULTY,True
train,23960,codewars,EASY,True
train,23961,atcoder,UNKNOWN_DIFFICULTY,False
train,23962,codeforces,EASY,True
train,23963,codechef,MEDIUM_HARD,True
train,23964,geeksforgeeks,EASY,True
train,23965,aizu,UNKNOWN_DIFFICULTY,False
train,23966,codeforces,VERY_HARD,True
train,23967,codechef,MEDIUM_HARD,True
train,23969,geeksforgeeks,EASY,True
train,23970,codeforces,HARD,True
train,23971,aizu,UNKNOWN_DIFFICULTY,False
train,23972,hackerearth,UNKNOWN_DIFFICULTY,False
train,23975,codeforces,MEDIUM_HARD,True
train,23976,geeksforgeeks,MEDIUM,True
train,23977,codeforces,HARD,True
train,23978,codechef,UNKNOWN_DIFFICULTY,True
train,23979,aizu,UNKNOWN_DIFFICULTY,False
train,23980,codeforces,MEDIUM,True
train,23981,codeforces,UNKNOWN_DIFFICULTY,True
train,23982,codewars,EASY,True
train,23983,codeforces,MEDIUM_HARD,True
train,23984,geeksforgeeks,EASY,True
train,23985,aizu,UNKNOWN_DIFFICULTY,False
train,23988,hackerearth,UNKNOWN_DIFFICULTY,False
train,23989,codechef,EASY,True
train,23990,atcoder,UNKNOWN_DIFFICULTY,False
train,23991,geeksforgeeks,EASY,True
train,23992,aizu,UNKNOWN_DIFFICULTY,False
train,23993,codeforces,HARD,True
train,23996,geeksforgeeks,EASY,True
train,23997,hackerearth,MEDIUM,False
train,23998,codeforces,MEDIUM_HARD,True
train,23999,codechef,EASY,True
train,24002,codeforces,MEDIUM,True
train,24003,codechef,EASY,True
train,24004,aizu,UNKNOWN_DIFFICULTY,False
train,24006,codeforces,MEDIUM_HARD,True
train,24008,codeforces,MEDIUM_HARD,True
train,24009,codeforces,EASY,True
train,24012,codewars,EASY,True
train,24013,codeforces,MEDIUM_HARD,True
train,24015,geeksforgeeks,EASY,True
train,24016,hackerearth,UNKNOWN_DIFFICULTY,False
train,24018,geeksforgeeks,EASY,True
train,24022,codeforces,MEDIUM,True
train,24023,hackerearth,UNKNOWN_DIFFICULTY,False
train,24025,codeforces,EASY,True
train,24027,geeksforgeeks,MEDIUM,True
train,24028,codewars,EASY,True
train,24029,codeforces,EASY,True
train,24031,codeforces,MEDIUM_HARD,True
train,24033,geeksforgeeks,EASY,True
train,24034,codeforces,EASY,True
train,24036,geeksforgeeks,EASY,True
train,24037,codechef,MEDIUM_HARD,True
train,24038,codechef,EASY,True
train,24040,codeforces,EASY,True
train,24041,geeksforgeeks,MEDIUM,True
train,24042,atcoder,EASY,True
train,24044,hackerearth,EASY,False
train,24045,geeksforgeeks,EASY,True
train,24046,codeforces,EASY,True
train,24047,codechef,EASY,True
train,24050,codechef,EASY,True
train,24051,codeforces,HARD,True
train,24052,codewars,EASY,True
train,24053,codeforces,EASY,True
train,24054,codewars,EASY,True
train,24055,codeforces,EASY,True
train,24056,hackerearth,EASY,False
train,24057,geeksforgeeks,MEDIUM,True
train,24059,hackerearth,EASY,False
train,24060,codechef,EASY,True
train,24062,hackerearth,UNKNOWN_DIFFICULTY,False
train,24063,codeforces,MEDIUM_HARD,True
train,24064,hackerearth,MEDIUM,False
train,24065,atcoder,HARD,True
train,24066,geeksforgeeks,EASY,True
train,24067,codeforces,HARD,True
train,24068,geeksforgeeks,EASY,True
train,24069,atcoder,UNKNOWN_DIFFICULTY,False
train,24070,codeforces,EASY,True
train,24072,geeksforgeeks,EASY,True
train,24073,hackerearth,MEDIUM,False
train,24076,codewars,EASY,True
train,24077,aizu,UNKNOWN_DIFFICULTY,False
train,24078,codeforces,MEDIUM_HARD,True
train,24079,codechef,UNKNOWN_DIFFICULTY,True
train,24080,codeforces,EASY,True
train,24081,codeforces,MEDIUM,True
train,24082,codewars,EASY,True
train,24083,codewars,EASY,True
train,24084,codewars,EASY,True
train,24085,codeforces,VERY_HARD,True
train,24086,hackerearth,EASY,False
train,24087,hackerearth,UNKNOWN_DIFFICULTY,False
train,24088,codewars,EASY,True
train,24089,codechef,UNKNOWN_DIFFICULTY,True
train,24090,geeksforgeeks,MEDIUM,True
train,24091,codeforces,EASY,True
train,24093,codeforces,HARD,True
train,24094,codeforces,EASY,True
train,24095,geeksforgeeks,MEDIUM,True
train,24096,hackerearth,EASY,False
train,24097,geeksforgeeks,MEDIUM,True
train,24098,codewars,EASY,True
train,24099,codechef,EASY,True
train,24100,codewars,EASY,True
train,24102,atcoder,UNKNOWN_DIFFICULTY,False
train,24103,codeforces,MEDIUM,True
train,24105,codeforces,HARD,True
train,24106,hackerearth,EASY,False
train,24107,codewars,EASY,True
train,24108,geeksforgeeks,EASY,True
train,24110,hackerearth,MEDIUM,False
train,24111,atcoder,UNKNOWN_DIFFICULTY,False
train,24112,aizu,UNKNOWN_DIFFICULTY,False
train,24113,codewars,EASY,True
train,24116,codeforces,EASY,True
train,24119,codeforces,EASY,True
train,24120,atcoder,UNKNOWN_DIFFICULTY,False
train,24121,atcoder,EASY,True
train,24122,atcoder,UNKNOWN_DIFFICULTY,False
train,24123,geeksforgeeks,MEDIUM,True
train,24126,codeforces,MEDIUM,True
train,24127,codeforces,EASY,True
train,24128,leetcode,MEDIUM_HARD,True
train,24129,codechef,MEDIUM_HARD,True
train,24130,codewars,EASY,True
train,24132,codeforces,MEDIUM,True
train,24133,codewars,EASY,True
train,24134,geeksforgeeks,EASY,True
train,24135,codechef,UNKNOWN_DIFFICULTY,True
train,24137,codeforces,VERY_HARD,True
train,24138,codeforces,MEDIUM,True
train,24139,codechef,UNKNOWN_DIFFICULTY,True
train,24140,codeforces,EASY,True
train,24141,hackerearth,UNKNOWN_DIFFICULTY,False
train,24144,hackerearth,UNKNOWN_DIFFICULTY,False
train,24146,atcoder,MEDIUM_HARD,True
train,24147,codeforces,EASY,True
train,24148,codechef,UNKNOWN_DIFFICULTY,True
train,24150,codechef,EASY,True
train,24152,leetcode,EASY,True
train,24153,aizu,UNKNOWN_DIFFICULTY,False
train,24154,atcoder,MEDIUM,True
train,24156,codeforces,MEDIUM_HARD,True
train,24157,codeforces,MEDIUM,True
train,24158,geeksforgeeks,EASY,True
train,24159,codeforces,MEDIUM_HARD,True
train,24160,hackerearth,EASY,False
train,24161,atcoder,UNKNOWN_DIFFICULTY,False
train,24162,codewars,EASY,True
train,24163,codeforces,EASY,True
train,24165,codeforces,EASY,True
train,24166,codeforces,MEDIUM_HARD,True
train,24168,geeksforgeeks,MEDIUM_HARD,True
train,24169,codeforces,MEDIUM_HARD,True
train,24171,aizu,UNKNOWN_DIFFICULTY,False
train,24173,codewars,EASY,True
train,24174,codeforces,MEDIUM,True
train,24175,codeforces,HARD,True
train,24180,leetcode,MEDIUM_HARD,True
train,24181,codeforces,EASY,True
train,24182,codeforces,EASY,True
train,24183,geeksforgeeks,MEDIUM_HARD,True
train,24184,codechef,UNKNOWN_DIFFICULTY,True
train,24186,codeforces,EASY,True
train,24187,codeforces,EASY,True
train,24190,leetcode,MEDIUM,True
train,24191,geeksforgeeks,EASY,True
train,24193,aizu,UNKNOWN_DIFFICULTY,False
train,24194,codewars,EASY,True
train,24195,geeksforgeeks,MEDIUM,True
train,24197,codeforces,MEDIUM_HARD,True
train,24198,codeforces,EASY,True
train,24199,codechef,UNKNOWN_DIFFICULTY,True
train,24201,codeforces,MEDIUM,True
train,24202,codeforces,EASY,True
train,24203,geeksforgeeks,EASY,True
train,24205,aizu,UNKNOWN_DIFFICULTY,False
train,24206,codechef,VERY_HARD,True
train,24207,geeksforgeeks,EASY,True
train,24209,hackerearth,EASY,False
train,24210,codewars,EASY,True
train,24211,aizu,UNKNOWN_DIFFICULTY,False
train,24212,geeksforgeeks,EASY,True
train,24213,geeksforgeeks,EASY,True
train,24218,atcoder,UNKNOWN_DIFFICULTY,False
train,24219,codeforces,EASY,True
train,24220,hackerearth,MEDIUM,False
train,24222,aizu,UNKNOWN_DIFFICULTY,False
train,24224,codeforces,EASY,True
train,24225,geeksforgeeks,MEDIUM,True
train,24226,hackerearth,UNKNOWN_DIFFICULTY,False
train,24227,aizu,UNKNOWN_DIFFICULTY,False
train,24228,codechef,MEDIUM,True
train,24229,codeforces,HARD,True
train,24231,aizu,UNKNOWN_DIFFICULTY,False
train,24232,atcoder,MEDIUM,True
train,24233,codechef,UNKNOWN_DIFFICULTY,True
train,24234,leetcode,EASY,True
train,24235,atcoder,MEDIUM,True
train,24236,codeforces,MEDIUM_HARD,True
train,24238,codechef,UNKNOWN_DIFFICULTY,True
train,24239,geeksforgeeks,MEDIUM,True
train,24240,hackerearth,UNKNOWN_DIFFICULTY,False
train,24241,codeforces,MEDIUM,True
train,24242,codechef,EASY,True
train,24244,hackerearth,UNKNOWN_DIFFICULTY,False
train,24245,codewars,EASY,True
train,24246,atcoder,EASY,True
train,24247,codechef,EASY,True
train,24248,codechef,UNKNOWN_DIFFICULTY,True
train,24249,codeforces,MEDIUM,True
train,24250,geeksforgeeks,EASY,True
train,24251,codewars,EASY,True
train,24253,codechef,MEDIUM,True
train,24256,codeforces,MEDIUM,True
train,24260,codeforces,EASY,True
train,24261,codeforces,EASY,True
train,24263,codeforces,MEDIUM_HARD,True
train,24264,codeforces,VERY_HARD,True
train,24265,codeforces,MEDIUM,True
train,24267,codewars,EASY,True
train,24268,geeksforgeeks,EASY,True
train,24269,codeforces,HARD,True
train,24271,hackerearth,EASY,False
train,24273,codechef,MEDIUM,True
train,24278,atcoder,UNKNOWN_DIFFICULTY,False
train,24283,leetcode,MEDIUM,True
train,24285,codeforces,VERY_HARD,True
train,24286,geeksforgeeks,MEDIUM,True
train,24287,atcoder,MEDIUM_HARD,True
train,24290,codewars,EASY,True
train,24291,atcoder,EASY,True
train,24292,codeforces,EASY,True
train,24294,codeforces,EASY,True
train,24295,atcoder,MEDIUM,True
train,24296,codechef,EASY,True
train,24297,codewars,EASY,True
train,24298,codechef,MEDIUM_HARD,True
train,24299,geeksforgeeks,EASY,True
train,24300,geeksforgeeks,MEDIUM,True
train,24301,geeksforgeeks,EASY,True
train,24302,codeforces,EASY,True
train,24303,codeforces,EASY,True
train,24304,codeforces,HARD,True
train,24305,codeforces,VERY_HARD,True
train,24306,aizu,UNKNOWN_DIFFICULTY,False
train,24307,codeforces,HARD,True
train,24308,codeforces,EASY,True
train,24309,atcoder,UNKNOWN_DIFFICULTY,False
train,24310,codeforces,EASY,True
train,24312,codeforces,MEDIUM,True
train,24313,codewars,EASY,True
train,24314,codechef,UNKNOWN_DIFFICULTY,True
train,24315,codeforces,HARD,True
train,24316,codechef,MEDIUM_HARD,True
train,24317,codeforces,MEDIUM_HARD,True
train,24318,codeforces,MEDIUM_HARD,True
train,24319,codewars,EASY,True
train,24321,codechef,MEDIUM_HARD,True
train,24322,codeforces,MEDIUM_HARD,True
train,24324,codechef,UNKNOWN_DIFFICULTY,True
train,24326,geeksforgeeks,MEDIUM,True
train,24328,aizu,UNKNOWN_DIFFICULTY,False
train,24329,codewars,EASY,True
train,24330,codewars,EASY,True
train,24331,codeforces,MEDIUM,True
train,24332,codeforces,MEDIUM,True
train,24335,codewars,EASY,True
train,24336,codewars,EASY,True
train,24339,codechef,UNKNOWN_DIFFICULTY,True
train,24341,codeforces,HARD,True
train,24342,geeksforgeeks,MEDIUM_HARD,True
train,24343,codechef,MEDIUM_HARD,True
train,24344,geeksforgeeks,EASY,True
train,24345,geeksforgeeks,EASY,True
train,24346,hackerearth,UNKNOWN_DIFFICULTY,False
train,24347,aizu,UNKNOWN_DIFFICULTY,False
train,24348,codeforces,MEDIUM_HARD,True
train,24349,codewars,EASY,True
train,24351,aizu,UNKNOWN_DIFFICULTY,False
train,24356,aizu,UNKNOWN_DIFFICULTY,False
train,24359,hackerearth,UNKNOWN_DIFFICULTY,False
train,24362,codechef,MEDIUM_HARD,True
train,24364,codeforces,EASY,True
train,24365,leetcode,MEDIUM_HARD,True
train,24366,geeksforgeeks,EASY,True
train,24368,codeforces,VERY_HARD,True
train,24369,geeksforgeeks,MEDIUM,True
train,24372,geeksforgeeks,MEDIUM,True
train,24373,hackerearth,UNKNOWN_DIFFICULTY,False
train,24377,codechef,VERY_HARD,True
train,24378,codeforces,MEDIUM_HARD,True
train,24379,codeforces,EASY,True
train,24380,codeforces,MEDIUM_HARD,True
train,24381,codechef,HARD,True
train,24382,codeforces,HARD,True
train,24385,codeforces,UNKNOWN_DIFFICULTY,True
train,24386,geeksforgeeks,EASY,True
train,24387,codewars,EASY,True
train,24388,geeksforgeeks,EASY,True
train,24389,codewars,EASY,True
train,24390,leetcode,EASY,True
train,24392,codechef,MEDIUM_HARD,True
train,24394,geeksforgeeks,EASY,True
train,24395,hackerearth,UNKNOWN_DIFFICULTY,False
train,24396,codewars,EASY,True
train,24398,codeforces,HARD,True
train,24399,aizu,UNKNOWN_DIFFICULTY,False
train,24401,codewars,EASY,True
train,24402,atcoder,EASY,True
train,24403,geeksforgeeks,EASY,True
train,24405,codeforces,MEDIUM,True
train,24407,hackerearth,UNKNOWN_DIFFICULTY,False
train,24408,codewars,EASY,True
train,24409,codechef,MEDIUM,True
train,24411,codewars,EASY,True
train,24412,codewars,EASY,True
train,24416,codeforces,VERY_HARD,True
train,24421,geeksforgeeks,MEDIUM,True
train,24423,geeksforgeeks,EASY,True
train,24424,codeforces,HARD,True
train,24425,hackerearth,MEDIUM,False
train,24426,codechef,EASY,True
train,24427,atcoder,EASY,True
train,24429,atcoder,UNKNOWN_DIFFICULTY,False
train,24430,codewars,EASY,True
train,24431,atcoder,MEDIUM,True
train,24432,codeforces,EASY,True
train,24433,codechef,EASY,True
train,24435,geeksforgeeks,EASY,True
train,24436,codeforces,MEDIUM_HARD,True
train,24437,codewars,EASY,True
train,24438,codeforces,EASY,True
train,24439,codechef,EASY,True
train,24440,codeforces,EASY,True
train,24441,atcoder,EASY,True
train,24442,codeforces,EASY,True
train,24443,codeforces,EASY,True
train,24444,codeforces,HARD,True
train,24445,codeforces,EASY,True
train,24446,codechef,MEDIUM_HARD,True
train,24447,codechef,UNKNOWN_DIFFICULTY,True
train,24449,aizu,UNKNOWN_DIFFICULTY,False
train,24450,codeforces,EASY,True
train,24451,codeforces,EASY,True
train,24452,leetcode,MEDIUM,True
train,24453,geeksforgeeks,EASY,True
train,24454,codeforces,MEDIUM,True
train,24455,codeforces,MEDIUM,True
train,24457,atcoder,HARD,True
train,24459,codechef,EASY,True
train,24460,codechef,EASY,True
train,24461,codeforces,EASY,True
train,24462,aizu,UNKNOWN_DIFFICULTY,False
train,24464,codeforces,HARD,True
train,24465,codechef,UNKNOWN_DIFFICULTY,True
train,24469,codewars,EASY,True
train,24470,codechef,MEDIUM_HARD,True
train,24471,codeforces,EASY,True
train,24472,codewars,EASY,True
train,24473,codeforces,EASY,True
train,24475,codewars,EASY,True
train,24476,codewars,EASY,True
train,24477,geeksforgeeks,EASY,True
train,24478,geeksforgeeks,EASY,True
train,24481,geeksforgeeks,MEDIUM,True
train,24482,codechef,VERY_HARD,True
train,24483,codechef,UNKNOWN_DIFFICULTY,True
train,24484,codeforces,EASY,True
train,24485,hackerearth,UNKNOWN_DIFFICULTY,False
train,24487,aizu,UNKNOWN_DIFFICULTY,False
train,24488,codechef,VERY_HARD,True
train,24489,geeksforgeeks,EASY,True
train,24491,codeforces,EASY,True
train,24492,hackerearth,UNKNOWN_DIFFICULTY,False
train,24493,codeforces,MEDIUM_HARD,True
train,24494,codechef,EASY,True
train,24495,codeforces,EASY,True
train,24496,codeforces,VERY_HARD,True
train,24497,codechef,EASY,True
train,24498,atcoder,EASY,True
train,24499,codeforces,HARD,True
train,24500,codechef,MEDIUM_HARD,True
train,24501,aizu,UNKNOWN_DIFFICULTY,False
train,24502,codeforces,EASY,True
train,24503,aizu,UNKNOWN_DIFFICULTY,False
train,24505,codeforces,HARD,True
train,24506,codeforces,MEDIUM_HARD,True
train,24507,codeforces,EASY,True
train,24508,codechef,UNKNOWN_DIFFICULTY,True
train,24509,codewars,EASY,True
train,24510,codechef,VERY_HARD,True
train,24511,codeforces,MEDIUM,True
train,24512,codechef,UNKNOWN_DIFFICULTY,True
train,24513,codechef,UNKNOWN_DIFFICULTY,True
train,24514,codewars,EASY,True
train,24515,codeforces,EASY,True
train,24516,codechef,EASY,True
train,24517,codechef,UNKNOWN_DIFFICULTY,True
train,24520,codeforces,MEDIUM_HARD,True
train,24522,hackerearth,UNKNOWN_DIFFICULTY,False
train,24523,aizu,UNKNOWN_DIFFICULTY,False
train,24524,codechef,VERY_HARD,True
train,24525,hackerearth,EASY,False
train,24527,codeforces,EASY,True
train,24529,geeksforgeeks,EASY,True
train,24530,codewars,EASY,True
train,24531,codewars,EASY,True
train,24532,codeforces,EASY,True
train,24533,leetcode,MEDIUM,True
train,24534,atcoder,EASY,True
train,24537,hackerearth,EASY,False
train,24538,geeksforgeeks,EASY,True
train,24539,codewars,EASY,True
train,24540,geeksforgeeks,EASY,True
train,24541,codeforces,MEDIUM_HARD,True
train,24543,codewars,EASY,True
train,24544,codeforces,HARD,True
train,24545,codeforces,EASY,True
train,24546,codeforces,MEDIUM_HARD,True
train,24547,codechef,MEDIUM_HARD,True
train,24551,codechef,UNKNOWN_DIFFICULTY,True
train,24553,codechef,VERY_HARD,True
train,24555,codeforces,MEDIUM_HARD,True
train,24557,codechef,UNKNOWN_DIFFICULTY,True
train,24558,codeforces,MEDIUM,True
train,24559,codewars,EASY,True
train,24560,codechef,MEDIUM_HARD,True
train,24561,codewars,EASY,True
train,24562,codewars,EASY,True
train,24563,hackerearth,EASY,False
train,24564,atcoder,EASY,True
train,24566,codeforces,MEDIUM_HARD,True
train,24567,hackerearth,EASY,False
train,24568,geeksforgeeks,EASY,True
train,24569,codeforces,MEDIUM_HARD,True
train,24570,atcoder,MEDIUM_HARD,True
train,24571,codechef,VERY_HARD,True
train,24572,codeforces,EASY,True
train,24573,codechef,EASY,True
train,24574,codeforces,MEDIUM,True
train,24576,hackerearth,UNKNOWN_DIFFICULTY,False
train,24577,hackerearth,EASY,False
train,24579,codeforces,HARD,True
train,24583,atcoder,UNKNOWN_DIFFICULTY,False
train,24585,aizu,UNKNOWN_DIFFICULTY,False
train,24586,codechef,MEDIUM_HARD,True
train,24587,aizu,UNKNOWN_DIFFICULTY,False
train,24589,aizu,UNKNOWN_DIFFICULTY,False
train,24590,geeksforgeeks,EASY,True
train,24591,aizu,UNKNOWN_DIFFICULTY,False
train,24593,geeksforgeeks,EASY,True
train,24594,codeforces,VERY_HARD,True
train,24595,aizu,UNKNOWN_DIFFICULTY,False
train,24596,codeforces,EASY,True
train,24597,codewars,MEDIUM_HARD,True
train,24599,codechef,VERY_HARD,True
train,24600,leetcode,MEDIUM,True
train,24602,codeforces,VERY_HARD,True
train,24604,codeforces,HARD,True
train,24606,geeksforgeeks,MEDIUM,True
train,24609,aizu,UNKNOWN_DIFFICULTY,False
train,24612,aizu,UNKNOWN_DIFFICULTY,False
train,24613,geeksforgeeks,EASY,True
train,24614,atcoder,MEDIUM_HARD,True
train,24617,codeforces,HARD,True
train,24619,codechef,VERY_HARD,True
train,24620,codechef,UNKNOWN_DIFFICULTY,True
train,24623,hackerearth,UNKNOWN_DIFFICULTY,False
train,24625,codechef,HARD,True
train,24626,codeforces,EASY,True
train,24627,geeksforgeeks,EASY,True
train,24629,codechef,MEDIUM,True
train,24630,aizu,UNKNOWN_DIFFICULTY,False
train,24631,geeksforgeeks,EASY,True
train,24632,atcoder,EASY,True
train,24633,codewars,EASY,True
train,24634,codechef,UNKNOWN_DIFFICULTY,True
train,24635,codewars,EASY,True
train,24636,codechef,VERY_HARD,True
train,24638,geeksforgeeks,EASY,True
train,24641,codewars,EASY,True
train,24644,codeforces,MEDIUM_HARD,True
train,24645,atcoder,UNKNOWN_DIFFICULTY,False
train,24647,codewars,EASY,True
train,24648,codeforces,VERY_HARD,True
train,24649,atcoder,UNKNOWN_DIFFICULTY,False
train,24650,codeforces,EASY,True
train,24653,codechef,UNKNOWN_DIFFICULTY,True
train,24654,codeforces,EASY,True
train,24656,hackerearth,EASY,False
train,24657,leetcode,MEDIUM,True
train,24658,geeksforgeeks,EASY,True
train,24659,codeforces,MEDIUM_HARD,True
train,24660,aizu,UNKNOWN_DIFFICULTY,False
train,24661,codeforces,EASY,True
train,24662,geeksforgeeks,EASY,True
train,24663,hackerearth,UNKNOWN_DIFFICULTY,False
train,24664,codechef,HARD,True
train,24666,geeksforgeeks,MEDIUM_HARD,True
train,24667,codechef,EASY,True
train,24669,codeforces,EASY,True
train,24671,aizu,UNKNOWN_DIFFICULTY,False
train,24672,geeksforgeeks,EASY,True
train,24673,codeforces,EASY,True
train,24675,codeforces,EASY,True
train,24676,geeksforgeeks,MEDIUM,True
train,24678,codeforces,EASY,True
train,24679,codechef,EASY,True
train,24681,geeksforgeeks,EASY,True
train,24682,geeksforgeeks,MEDIUM,True
train,24686,codechef,EASY,True
train,24687,atcoder,EASY,True
train,24689,aizu,UNKNOWN_DIFFICULTY,False
train,24690,hackerearth,UNKNOWN_DIFFICULTY,False
train,24691,aizu,UNKNOWN_DIFFICULTY,False
train,24692,codechef,EASY,True
train,24694,geeksforgeeks,MEDIUM,True
train,24695,geeksforgeeks,MEDIUM,True
train,24696,codewars,EASY,True
train,24697,codechef,HARD,True
train,24698,leetcode,MEDIUM_HARD,True
train,24699,geeksforgeeks,EASY,True
train,24701,codeforces,VERY_HARD,True
train,24702,codeforces,HARD,True
train,24703,codeforces,EASY,True
train,24704,codeforces,EASY,True
train,24706,codeforces,MEDIUM_HARD,True
train,24707,hackerearth,EASY,False
train,24708,aizu,UNKNOWN_DIFFICULTY,False
train,24709,codechef,HARD,True
train,24710,codeforces,EASY,True
train,24711,atcoder,UNKNOWN_DIFFICULTY,False
train,24712,codeforces,MEDIUM_HARD,True
train,24713,codechef,UNKNOWN_DIFFICULTY,True
train,24715,geeksforgeeks,EASY,True
train,24716,codeforces,EASY,True
train,24718,codechef,VERY_HARD,True
train,24720,geeksforgeeks,MEDIUM,True
train,24721,leetcode,MEDIUM_HARD,True
train,24722,codeforces,HARD,True
train,24723,codechef,UNKNOWN_DIFFICULTY,True
train,24724,aizu,UNKNOWN_DIFFICULTY,False
train,24726,atcoder,UNKNOWN_DIFFICULTY,False
train,24728,aizu,UNKNOWN_DIFFICULTY,False
train,24730,geeksforgeeks,MEDIUM,True
train,24733,hackerearth,MEDIUM,False
train,24735,codeforces,EASY,True
train,24736,atcoder,UNKNOWN_DIFFICULTY,False
train,24739,atcoder,UNKNOWN_DIFFICULTY,False
train,24742,codeforces,EASY,True
train,24743,geeksforgeeks,EASY,True
train,24744,aizu,UNKNOWN_DIFFICULTY,False
train,24747,codechef,UNKNOWN_DIFFICULTY,True
train,24749,codeforces,EASY,True
train,24750,codeforces,EASY,True
train,24751,hackerearth,UNKNOWN_DIFFICULTY,False
train,24754,codechef,UNKNOWN_DIFFICULTY,True
train,24755,codeforces,MEDIUM_HARD,True
train,24756,codeforces,VERY_HARD,True
train,24757,codewars,EASY,True
train,24758,codeforces,HARD,True
train,24759,codeforces,HARD,True
train,24760,leetcode,MEDIUM_HARD,True
train,24761,codeforces,MEDIUM_HARD,True
train,24762,aizu,UNKNOWN_DIFFICULTY,False
train,24763,codewars,EASY,True
train,24764,atcoder,EASY,True
train,24765,codeforces,MEDIUM_HARD,True
train,24767,codeforces,MEDIUM,True
train,24768,atcoder,UNKNOWN_DIFFICULTY,False
train,24770,codechef,MEDIUM_HARD,True
train,24771,hackerearth,HARD,False
train,24773,geeksforgeeks,EASY,True
train,24774,codeforces,HARD,True
train,24775,codewars,EASY,True
train,24776,codewars,EASY,True
train,24778,codewars,EASY,True
train,24779,hackerearth,UNKNOWN_DIFFICULTY,False
train,24781,codeforces,EASY,True
train,24782,codechef,MEDIUM,True
train,24786,aizu,UNKNOWN_DIFFICULTY,False
train,24787,geeksforgeeks,EASY,True
train,24788,aizu,UNKNOWN_DIFFICULTY,False
train,24789,codeforces,EASY,True
train,24793,codewars,EASY,True
train,24795,atcoder,UNKNOWN_DIFFICULTY,False
train,24796,atcoder,UNKNOWN_DIFFICULTY,False
train,24797,codewars,EASY,True
train,24799,codeforces,MEDIUM_HARD,True
train,24800,codechef,VERY_HARD,True
train,24803,codeforces,VERY_HARD,True
train,24804,aizu,UNKNOWN_DIFFICULTY,False
train,24805,geeksforgeeks,EASY,True
train,24806,aizu,UNKNOWN_DIFFICULTY,False
train,24809,codechef,UNKNOWN_DIFFICULTY,True
train,24811,atcoder,UNKNOWN_DIFFICULTY,False
train,24812,hackerearth,UNKNOWN_DIFFICULTY,False
train,24813,codeforces,EASY,True
train,24814,codeforces,HARD,True
train,24815,geeksforgeeks,MEDIUM,True
train,24817,codechef,EASY,True
train,24818,codewars,EASY,True
train,24819,codewars,EASY,True
train,24820,codeforces,EASY,True
train,24821,codeforces,HARD,True
train,24823,codeforces,EASY,True
train,24824,codeforces,HARD,True
train,24825,leetcode,EASY,True
train,24826,geeksforgeeks,MEDIUM,True
train,24827,codeforces,MEDIUM,True
train,24828,geeksforgeeks,MEDIUM,True
train,24829,codeforces,MEDIUM,True
train,24831,codechef,VERY_HARD,True
train,24832,codechef,UNKNOWN_DIFFICULTY,True
train,24834,codewars,EASY,True
train,24835,codeforces,MEDIUM_HARD,True
train,24837,codechef,EASY,True
train,24838,aizu,UNKNOWN_DIFFICULTY,False
train,24839,codewars,EASY,True
train,24842,leetcode,MEDIUM,True
train,24843,hackerearth,UNKNOWN_DIFFICULTY,False
train,24846,aizu,UNKNOWN_DIFFICULTY,False
train,24847,codechef,EASY,True
train,24849,codechef,EASY,True
train,24850,hackerearth,UNKNOWN_DIFFICULTY,False
train,24851,geeksforgeeks,EASY,True
train,24852,hackerearth,MEDIUM,False
train,24854,codechef,EASY,True
train,24855,hackerearth,UNKNOWN_DIFFICULTY,False
train,24856,codeforces,MEDIUM,True
train,24857,codewars,EASY,True
train,24859,aizu,UNKNOWN_DIFFICULTY,False
train,24860,hackerearth,EASY,False
train,24861,codeforces,MEDIUM,True
train,24863,aizu,UNKNOWN_DIFFICULTY,False
train,24864,codechef,MEDIUM,True
train,24865,aizu,UNKNOWN_DIFFICULTY,False
train,24867,geeksforgeeks,EASY,True
train,24868,codewars,EASY,True
train,24870,codewars,EASY,True
train,24871,codeforces,HARD,True
train,24872,codeforces,MEDIUM_HARD,True
train,24873,codeforces,MEDIUM,True
train,24875,atcoder,UNKNOWN_DIFFICULTY,False
train,24876,codeforces,EASY,True
train,24878,atcoder,UNKNOWN_DIFFICULTY,False
train,24881,codechef,MEDIUM_HARD,True
train,24882,leetcode,MEDIUM,True
train,24883,codeforces,VERY_HARD,True
train,24884,codewars,EASY,True
train,24887,codewars,EASY,True
train,24888,codeforces,HARD,True
train,24889,codeforces,EASY,True
train,24891,codewars,EASY,True
train,24894,aizu,UNKNOWN_DIFFICULTY,False
train,24895,codeforces,HARD,True
train,24896,leetcode,EASY,True
train,24897,codeforces,HARD,True
train,24898,codeforces,EASY,True
train,24901,codeforces,MEDIUM_HARD,True
train,24902,codechef,MEDIUM_HARD,True
train,24903,aizu,UNKNOWN_DIFFICULTY,False
train,24904,atcoder,UNKNOWN_DIFFICULTY,False
train,24905,codechef,MEDIUM_HARD,True
train,24907,geeksforgeeks,MEDIUM,True
train,24908,codeforces,MEDIUM_HARD,True
train,24909,geeksforgeeks,EASY,True
train,24910,geeksforgeeks,MEDIUM,True
train,24911,aizu,UNKNOWN_DIFFICULTY,False
train,24912,aizu,UNKNOWN_DIFFICULTY,False
train,24913,codeforces,EASY,True
train,24915,codeforces,EASY,True
train,24917,codeforces,EASY,True
train,24918,codewars,EASY,True
train,24925,codechef,UNKNOWN_DIFFICULTY,True
train,24928,geeksforgeeks,EASY,True
train,24929,leetcode,MEDIUM,True
train,24930,hackerearth,UNKNOWN_DIFFICULTY,False
train,24932,atcoder,UNKNOWN_DIFFICULTY,False
train,24934,codechef,EASY,True
train,24935,codeforces,MEDIUM,True
train,24936,codechef,EASY,True
train,24937,hackerearth,EASY,False
train,24938,codeforces,EASY,True
train,24939,codechef,HARD,True
train,24940,codeforces,MEDIUM_HARD,True
train,24941,codeforces,VERY_HARD,True
train,24942,geeksforgeeks,EASY,True
train,24943,hackerearth,UNKNOWN_DIFFICULTY,False
train,24944,codechef,EASY,True
train,24946,codewars,EASY,True
train,24948,codeforces,EASY,True
train,24950,leetcode,EASY,True
train,24951,geeksforgeeks,MEDIUM_HARD,True
train,24952,atcoder,UNKNOWN_DIFFICULTY,False
train,24953,codechef,EASY,True
train,24954,codewars,EASY,True
train,24955,codechef,UNKNOWN_DIFFICULTY,True
train,24957,codeforces,MEDIUM_HARD,True
train,24958,codeforces,EASY,True
train,24959,hackerearth,EASY,False
train,24961,hackerearth,EASY,False
train,24962,hackerearth,EASY,False
train,24964,codeforces,EASY,True
train,24965,atcoder,MEDIUM,True
train,24968,codeforces,EASY,True
train,24969,codewars,EASY,True
train,24970,codeforces,EASY,True
train,24974,codechef,VERY_HARD,True
train,24975,geeksforgeeks,EASY,True
train,24976,codewars,EASY,True
train,24977,aizu,UNKNOWN_DIFFICULTY,False
train,24978,codechef,MEDIUM_HARD,True
train,24980,codeforces,MEDIUM,True
train,24982,codechef,VERY_HARD,True
train,24983,codewars,EASY,True
train,24984,codeforces,EASY,True
train,24985,geeksforgeeks,EASY,True
train,24989,codeforces,EASY,True
train,24992,codechef,MEDIUM_HARD,True
train,24993,geeksforgeeks,EASY,True
train,24994,hackerearth,EASY,False
train,24997,codewars,EASY,True
train,24998,codeforces,EASY,True
train,24999,codechef,UNKNOWN_DIFFICULTY,True
train,25000,hackerearth,MEDIUM,False
train,25001,aizu,UNKNOWN_DIFFICULTY,False
train,25002,codewars,EASY,True
train,25004,codechef,UNKNOWN_DIFFICULTY,True
train,25005,codeforces,EASY,True
train,25007,hackerearth,EASY,False
train,25008,codewars,EASY,True
train,25009,aizu,UNKNOWN_DIFFICULTY,False
train,25010,hackerearth,EASY,False
train,25011,codeforces,MEDIUM,True
train,25014,codechef,MEDIUM,True
train,25017,atcoder,UNKNOWN_DIFFICULTY,False
train,25019,aizu,UNKNOWN_DIFFICULTY,False
train,25020,codeforces,HARD,True
train,25021,codechef,EASY,True
train,25026,codechef,EASY,True
train,25027,codeforces,EASY,True
train,25030,codeforces,HARD,True
train,25031,hackerearth,UNKNOWN_DIFFICULTY,False
train,25032,codeforces,MEDIUM_HARD,True
train,25033,hackerearth,EASY,False
train,25035,codeforces,HARD,True
train,25036,codewars,EASY,True
train,25037,codeforces,MEDIUM_HARD,True
train,25038,codeforces,MEDIUM,True
train,25039,codechef,VERY_HARD,True
train,25040,geeksforgeeks,EASY,True
train,25041,codewars,EASY,True
train,25042,geeksforgeeks,MEDIUM,True
train,25044,codewars,EASY,True
train,25045,codeforces,MEDIUM,True
train,25046,aizu,UNKNOWN_DIFFICULTY,False
train,25047,aizu,UNKNOWN_DIFFICULTY,False
train,25048,geeksforgeeks,EASY,True
train,25050,geeksforgeeks,MEDIUM,True
train,25051,codeforces,HARD,True
train,25052,hackerearth,EASY,False
train,25053,leetcode,MEDIUM,True
train,25058,aizu,UNKNOWN_DIFFICULTY,False
train,25059,codechef,MEDIUM_HARD,True
train,25063,codeforces,HARD,True
train,25064,leetcode,MEDIUM_HARD,True
train,25065,codeforces,MEDIUM,True
train,25069,atcoder,MEDIUM_HARD,True
train,25071,geeksforgeeks,EASY,True
train,25072,codeforces,EASY,True
train,25073,codeforces,MEDIUM_HARD,True
train,25074,atcoder,EASY,True
train,25075,codewars,EASY,True
train,25077,codechef,UNKNOWN_DIFFICULTY,True
train,25078,codewars,EASY,True
train,25081,codechef,VERY_HARD,True
train,25082,codeforces,MEDIUM_HARD,True
train,25083,codeforces,EASY,True
train,25084,codechef,MEDIUM,True
train,25085,codeforces,VERY_HARD,True
train,25087,codeforces,HARD,True
train,25088,codeforces,HARD,True
train,25089,atcoder,EASY,True
train,25090,codewars,EASY,True
train,25092,codewars,EASY,True
train,25093,leetcode,MEDIUM,True
train,25094,codeforces,MEDIUM,True
train,25095,codechef,UNKNOWN_DIFFICULTY,True
train,25096,hackerearth,UNKNOWN_DIFFICULTY,False
train,25098,aizu,UNKNOWN_DIFFICULTY,False
train,25099,codeforces,EASY,True
train,25102,atcoder,UNKNOWN_DIFFICULTY,False
train,25104,atcoder,UNKNOWN_DIFFICULTY,False
train,25105,codechef,VERY_HARD,True
train,25106,leetcode,EASY,True
train,25107,codeforces,MEDIUM,True
train,25108,codechef,EASY,True
train,25109,aizu,UNKNOWN_DIFFICULTY,False
train,25110,codewars,EASY,True
train,25111,atcoder,MEDIUM,True
train,25112,geeksforgeeks,EASY,True
train,25115,codeforces,MEDIUM_HARD,True
train,25117,codechef,VERY_HARD,True
train,25118,aizu,UNKNOWN_DIFFICULTY,False
train,25119,codeforces,EASY,True
train,25121,codeforces,MEDIUM,True
train,25123,codewars,MEDIUM_HARD,True
train,25125,codechef,MEDIUM_HARD,True
train,25126,atcoder,UNKNOWN_DIFFICULTY,False
train,25127,leetcode,MEDIUM_HARD,True
train,25128,codewars,EASY,True
train,25129,codeforces,HARD,True
train,25131,aizu,UNKNOWN_DIFFICULTY,False
train,25132,leetcode,MEDIUM_HARD,True
train,25133,codechef,UNKNOWN_DIFFICULTY,True
train,25135,geeksforgeeks,MEDIUM_HARD,True
train,25136,codeforces,HARD,True
train,25137,codeforces,EASY,True
train,25139,codechef,UNKNOWN_DIFFICULTY,True
train,25140,geeksforgeeks,EASY,True
train,25141,geeksforgeeks,MEDIUM,True
train,25143,codechef,VERY_HARD,True
train,25144,atcoder,EASY,True
train,25149,codeforces,MEDIUM_HARD,True
train,25150,atcoder,UNKNOWN_DIFFICULTY,False
train,25151,codeforces,MEDIUM,True
train,25152,codeforces,EASY,True
train,25153,codeforces,EASY,True
train,25154,geeksforgeeks,EASY,True
train,25158,hackerearth,EASY,False
train,25159,codechef,HARD,True
train,25163,codechef,UNKNOWN_DIFFICULTY,True
train,25165,hackerearth,EASY,False
train,25166,codewars,EASY,True
train,25168,codeforces,EASY,True
train,25169,hackerearth,UNKNOWN_DIFFICULTY,False
train,25170,codechef,VERY_HARD,True
train,25171,codeforces,EASY,True
train,25173,geeksforgeeks,EASY,True
train,25174,geeksforgeeks,EASY,True
train,25175,codeforces,MEDIUM,True
train,25176,codeforces,MEDIUM,True
train,25177,aizu,UNKNOWN_DIFFICULTY,False
train,25178,codeforces,EASY,True
train,25179,codeforces,MEDIUM,True
train,25180,codeforces,MEDIUM,True
train,25181,geeksforgeeks,EASY,True
train,25182,geeksforgeeks,EASY,True
train,25184,geeksforgeeks,MEDIUM,True
train,25186,codeforces,EASY,True
train,25187,geeksforgeeks,EASY,True
train,25188,codeforces,EASY,True
train,25189,atcoder,UNKNOWN_DIFFICULTY,False
train,25190,codewars,EASY,True
train,25191,codeforces,HARD,True
train,25192,leetcode,MEDIUM,True
train,25194,geeksforgeeks,EASY,True
train,25195,aizu,UNKNOWN_DIFFICULTY,False
train,25196,codewars,EASY,True
train,25198,codeforces,HARD,True
train,25201,codewars,EASY,True
train,25203,geeksforgeeks,EASY,True
train,25205,codeforces,EASY,True
train,25206,codeforces,MEDIUM_HARD,True
train,25210,geeksforgeeks,EASY,True
train,25211,hackerearth,EASY,False
train,25213,codeforces,MEDIUM_HARD,True
train,25214,codeforces,MEDIUM_HARD,True
train,25215,codeforces,MEDIUM_HARD,True
train,25216,codeforces,HARD,True
train,25218,codeforces,MEDIUM_HARD,True
train,25220,codewars,EASY,True
train,25222,geeksforgeeks,EASY,True
train,25223,hackerearth,EASY,False
train,25224,aizu,UNKNOWN_DIFFICULTY,False
train,25225,codeforces,MEDIUM,True
train,25226,codewars,EASY,True
train,25227,geeksforgeeks,MEDIUM,True
train,25228,codewars,EASY,True
train,25229,atcoder,UNKNOWN_DIFFICULTY,False
train,25230,aizu,UNKNOWN_DIFFICULTY,False
train,25233,codeforces,EASY,True
train,25234,codewars,EASY,True
train,25235,codeforces,MEDIUM_HARD,True
train,25236,codechef,UNKNOWN_DIFFICULTY,True
train,25237,codeforces,EASY,True
train,25238,atcoder,UNKNOWN_DIFFICULTY,False
train,25239,geeksforgeeks,EASY,True
train,25240,codewars,EASY,True
train,25241,codeforces,EASY,True
train,25242,codeforces,EASY,True
train,25243,codewars,EASY,True
train,25244,codechef,HARD,True
train,25246,hackerearth,UNKNOWN_DIFFICULTY,False
train,25249,codechef,EASY,True
train,25250,leetcode,MEDIUM_HARD,True
train,25252,atcoder,MEDIUM_HARD,True
train,25254,aizu,UNKNOWN_DIFFICULTY,False
train,25255,codeforces,MEDIUM_HARD,True
train,25256,hackerearth,MEDIUM,False
train,25257,hackerearth,UNKNOWN_DIFFICULTY,False
train,25258,aizu,UNKNOWN_DIFFICULTY,False
train,25259,codeforces,HARD,True
train,25260,atcoder,MEDIUM_HARD,True
train,25262,codeforces,MEDIUM,True
train,25264,codeforces,MEDIUM_HARD,True
train,25265,codewars,EASY,True
train,25266,geeksforgeeks,EASY,True
train,25267,codeforces,EASY,True
train,25268,aizu,UNKNOWN_DIFFICULTY,False
train,25271,codeforces,HARD,True
train,25272,codechef,MEDIUM,True
train,25273,hackerearth,EASY,False
train,25275,codechef,EASY,True
train,25277,atcoder,EASY,True
train,25278,geeksforgeeks,EASY,True
train,25279,codewars,EASY,True
train,25280,atcoder,UNKNOWN_DIFFICULTY,False
train,25281,hackerearth,EASY,False
train,25282,codeforces,EASY,True
train,25283,leetcode,MEDIUM,True
train,25286,codeforces,MEDIUM_HARD,True
train,25287,atcoder,UNKNOWN_DIFFICULTY,False
train,25290,geeksforgeeks,MEDIUM,True
train,25291,codewars,EASY,True
train,25292,codewars,EASY,True
train,25294,hackerearth,UNKNOWN_DIFFICULTY,False
train,25295,codeforces,EASY,True
train,25296,codechef,MEDIUM,True
train,25297,geeksforgeeks,MEDIUM,True
train,25298,hackerearth,UNKNOWN_DIFFICULTY,False
train,25301,geeksforgeeks,EASY,True
train,25302,geeksforgeeks,EASY,True
train,25305,hackerearth,MEDIUM,False
train,25308,geeksforgeeks,MEDIUM,True
train,25309,geeksforgeeks,EASY,True
train,25311,codewars,EASY,True
train,25312,codeforces,EASY,True
train,25313,hackerearth,UNKNOWN_DIFFICULTY,False
train,25314,geeksforgeeks,MEDIUM,True
train,25315,codechef,HARD,True
train,25317,hackerearth,UNKNOWN_DIFFICULTY,False
train,25318,codewars,EASY,True
train,25320,codeforces,MEDIUM,True
train,25323,codewars,EASY,True
train,25325,codeforces,VERY_HARD,True
train,25326,geeksforgeeks,MEDIUM,True
train,25327,codechef,EASY,True
train,25328,geeksforgeeks,EASY,True
train,25329,geeksforgeeks,EASY,True
train,25330,geeksforgeeks,EASY,True
train,25331,hackerearth,UNKNOWN_DIFFICULTY,False
train,25332,leetcode,EASY,True
train,25334,codechef,EASY,True
train,25337,aizu,UNKNOWN_DIFFICULTY,False
train,25338,codeforces,HARD,True
train,25339,codeforces,HARD,True
train,25340,codechef,MEDIUM,True
train,25342,aizu,UNKNOWN_DIFFICULTY,False
train,25343,codeforces,HARD,True
train,25345,codewars,EASY,True
train,25347,geeksforgeeks,EASY,True
train,25349,aizu,UNKNOWN_DIFFICULTY,False
train,25350,geeksforgeeks,EASY,True
train,25351,aizu,UNKNOWN_DIFFICULTY,False
train,25353,codeforces,VERY_HARD,True
train,25354,codewars,EASY,True
train,25355,geeksforgeeks,MEDIUM,True
train,25356,codeforces,EASY,True
train,25358,atcoder,UNKNOWN_DIFFICULTY,False
train,25360,codeforces,VERY_HARD,True
train,25361,geeksforgeeks,EASY,True
train,25362,codeforces,HARD,True
train,25364,codewars,EASY,True
train,25366,codewars,EASY,True
train,25367,atcoder,EASY,True
train,25368,codeforces,EASY,True
train,25369,codechef,MEDIUM_HARD,True
train,25370,atcoder,UNKNOWN_DIFFICULTY,False
train,25373,codeforces,VERY_HARD,True
train,25374,codewars,EASY,True
train,25375,codewars,EASY,True
train,25376,aizu,UNKNOWN_DIFFICULTY,False
train,25378,codechef,UNKNOWN_DIFFICULTY,True
train,25379,atcoder,EASY,True
train,25382,codechef,VERY_HARD,True
train,25384,codeforces,VERY_HARD,True
train,25387,codeforces,MEDIUM_HARD,True
train,25388,codechef,VERY_HARD,True
train,25390,codechef,UNKNOWN_DIFFICULTY,True
train,25391,leetcode,MEDIUM,True
train,25392,leetcode,MEDIUM_HARD,True
train,25393,codewars,EASY,True
train,25394,leetcode,MEDIUM,True
train,25395,codeforces,EASY,True
train,25397,geeksforgeeks,MEDIUM_HARD,True
train,25399,codechef,MEDIUM_HARD,True
train,25400,codeforces,MEDIUM_HARD,True
train,25401,codeforces,HARD,True
train,25402,codechef,UNKNOWN_DIFFICULTY,True
train,25403,atcoder,UNKNOWN_DIFFICULTY,False
train,25404,leetcode,MEDIUM,True
train,25405,codewars,EASY,True
train,25406,codeforces,EASY,True
train,25407,codechef,EASY,True
train,25408,codeforces,EASY,True
train,25409,codeforces,EASY,True
train,25411,codechef,EASY,True
train,25412,hackerearth,UNKNOWN_DIFFICULTY,False
train,25413,codeforces,MEDIUM,True
train,25414,codeforces,MEDIUM_HARD,True
train,25415,hackerearth,UNKNOWN_DIFFICULTY,False
train,25417,geeksforgeeks,MEDIUM,True
train,25418,codeforces,HARD,True
train,25419,geeksforgeeks,EASY,True
train,25420,geeksforgeeks,EASY,True
train,25421,codewars,EASY,True
train,25423,codeforces,HARD,True
train,25424,geeksforgeeks,EASY,True
train,25427,codewars,EASY,True
train,25429,hackerearth,EASY,False
train,25430,codeforces,HARD,True
train,25431,codeforces,MEDIUM,True
train,25432,codeforces,EASY,True
train,25433,codechef,UNKNOWN_DIFFICULTY,True
train,25434,codechef,VERY_HARD,True
train,25435,geeksforgeeks,EASY,True
train,25436,codeforces,EASY,True
train,25440,codewars,EASY,True
train,25442,codeforces,MEDIUM_HARD,True
test,0,codeforces,MEDIUM,True
test,1,codeforces,VERY_HARD,True
test,2,codeforces,HARD,True
test,3,codechef,MEDIUM_HARD,True
test,4,codewars,MEDIUM_HARD,True
test,5,codeforces,EASY,True
test,6,hackerearth,MEDIUM,True
test,8,codeforces,HARD,True
test,9,codechef,MEDIUM_HARD,True
test,10,codeforces,VERY_HARD,True
test,13,codeforces,HARD,True
test,14,codeforces,MEDIUM_HARD,True
test,15,codeforces,MEDIUM,True
test,16,codechef,HARD,True
test,17,codeforces,HARD,True
test,18,codeforces,VERY_HARD,True
test,19,codewars,EASY,True
test,21,codeforces,MEDIUM,True
test,25,codechef,HARD,True
test,27,codeforces,HARD,True
test,28,codeforces,EASY,True
test,29,codeforces,EASY,True
test,31,codeforces,MEDIUM,True
test,32,codeforces,MEDIUM_HARD,True
test,33,codechef,EASY,True
test,35,codeforces,HARD,True
test,36,codeforces,VERY_HARD,True
test,37,codechef,MEDIUM,True
test,39,codeforces,VERY_HARD,True
test,40,codewars,EASY,True
test,41,codeforces,HARD,True
test,42,codeforces,VERY_HARD,True
test,44,codeforces,MEDIUM,True
test,45,codeforces,VERY_HARD,True
test,46,codeforces,VERY_HARD,True
test,47,codeforces,HARD,True
test,48,codeforces,MEDIUM,True
test,49,codeforces,HARD,True
test,51,codeforces,EASY,True
test,54,codechef,EASY,True
test,55,codechef,VERY_HARD,True
test,56,codechef,VERY_HARD,True
test,57,codeforces,EASY,True
test,58,codechef,VERY_HARD,True
test,59,codechef,VERY_HARD,True
test,60,codeforces,HARD,True
test,62,codechef,MEDIUM_HARD,True
test,63,codeforces,MEDIUM,True
test,64,codeforces,MEDIUM,True
test,65,codeforces,EASY,True
test,67,codeforces,MEDIUM_HARD,True
test,68,codeforces,MEDIUM_HARD,True
test,69,codeforces,MEDIUM_HARD,True
test,71,codeforces,MEDIUM_HARD,True
test,73,codeforces,HARD,True
test,74,codeforces,MEDIUM,True
test,76,codewars,EASY,True
test,77,codechef,VERY_HARD,True
test,78,codechef,MEDIUM,True
test,79,codewars,MEDIUM_HARD,True
test,80,codeforces,MEDIUM,True
test,81,codeforces,HARD,True
test,82,codeforces,MEDIUM_HARD,True
test,83,codeforces,HARD,True
test,84,codeforces,MEDIUM,True
test,85,codechef,VERY_HARD,True
test,86,hackerearth,EASY,True
test,87,codechef,HARD,True
test,89,codeforces,MEDIUM,True
test,90,codechef,VERY_HARD,True
test,91,codeforces,MEDIUM,True
test,92,codeforces,VERY_HARD,True
test,93,codeforces,EASY,True
test,94,codeforces,MEDIUM_HARD,True
test,95,codeforces,MEDIUM_HARD,True
test,96,codechef,VERY_HARD,True
test,97,codeforces,HARD,True
test,98,hackerearth,EASY,True
test,99,codeforces,VERY_HARD,True
test,100,codeforces,MEDIUM_HARD,True
test,101,codechef,HARD,True
test,102,codeforces,MEDIUM,True
test,104,codeforces,VERY_HARD,True
test,105,codechef,MEDIUM_HARD,True
test,106,codechef,MEDIUM_HARD,True
test,107,codeforces,MEDIUM_HARD,True
test,108,codeforces,VERY_HARD,True
test,109,codechef,HARD,True
test,110,codeforces,HARD,True
test,111,hackerearth,MEDIUM,True
test,112,codeforces,MEDIUM_HARD,True
test,113,codeforces,EASY,True
test,114,codeforces,MEDIUM,True
test,115,codeforces,VERY_HARD,True
test,116,codeforces,VERY_HARD,True
test,118,codeforces,HARD,True
test,119,codeforces,MEDIUM,True
test,122,codechef,MEDIUM,True
test,123,codechef,MEDIUM_HARD,True
test,124,codewars,EASY,True
test,125,codechef,VERY_HARD,True
test,126,codeforces,MEDIUM,True
test,128,codechef,VERY_HARD,True
test,129,codeforces,HARD,True
test,130,codeforces,EASY,True
test,131,codechef,HARD,True
test,132,codewars,EASY,True
test,133,codeforces,MEDIUM,True
test,134,codechef,MEDIUM_HARD,True
test,135,codechef,VERY_HARD,True
test,136,codeforces,EASY,True
test,137,codeforces,EASY,True
test,139,codeforces,VERY_HARD,True
test,140,codeforces,MEDIUM,True
test,141,codechef,MEDIUM_HARD,True
test,142,codechef,MEDIUM_HARD,True
test,143,codeforces,MEDIUM,True
test,144,codechef,MEDIUM_HARD,True
test,145,codeforces,HARD,True
test,147,codeforces,EASY,True
test,148,codeforces,HARD,True
test,149,codeforces,MEDIUM,True
test,150,codeforces,MEDIUM_HARD,True
test,151,codeforces,VERY_HARD,True
test,152,codeforces,HARD,True
test,153,codeforces,MEDIUM_HARD,True
test,155,codeforces,VERY_HARD,True
test,156,codechef,MEDIUM_HARD,True
test,157,codechef,MEDIUM_HARD,True
test,158,codechef,HARD,True
test,160,codechef,HARD,True
test,161,codeforces,MEDIUM,True
test,162,codeforces,VERY_HARD,True
test,163,codechef,HARD,True
test,164,codechef,VERY_HARD,True
test,165,codeforces,MEDIUM,True
test,166,codeforces,HARD,True
test,167,codeforces,EASY,True
test,168,codeforces,MEDIUM,True
test,169,codeforces,MEDIUM_HARD,True
test,171,codeforces,EASY,True
test,172,codeforces,VERY_HARD,True
test,173,codeforces,MEDIUM_HARD,True
test,174,hackerearth,EASY,True
test,175,codeforces,EASY,True
test,176,codechef,MEDIUM_HARD,True
test,177,codeforces,EASY,True
test,178,codechef,VERY_HARD,True
test,179,codeforces,MEDIUM_HARD,True
test,180,codechef,MEDIUM_HARD,True
test,181,codeforces,MEDIUM_HARD,True
test,182,codeforces,MEDIUM,True
test,183,codeforces,MEDIUM,True
test,184,codechef,VERY_HARD,True
test,185,codechef,MEDIUM_HARD,True
test,187,codechef,VERY_HARD,True
test,188,codeforces,HARD,True
test,189,codechef,HARD,True
test,190,hackerearth,MEDIUM,True
test,191,codewars,EASY,True
test,192,codechef,MEDIUM_HARD,True
test,193,codechef,EASY,True
test,194,codechef,HARD,True
test,195,codeforces,MEDIUM,True
test,196,codechef,VERY_HARD,True
test,197,codeforces,HARD,True
test,198,codeforces,HARD,True
test,200,codechef,VERY_HARD,True
test,201,codeforces,VERY_HARD,True
test,202,codechef,HARD,True
test,204,codeforces,VERY_HARD,True
test,205,codeforces,MEDIUM,True
test,206,codeforces,HARD,True
test,207,codechef,VERY_HARD,True
test,208,codeforces,MEDIUM_HARD,True
test,210,codeforces,MEDIUM_HARD,True
test,211,codeforces,MEDIUM_HARD,True
test,212,codewars,EASY,True
test,213,hackerearth,EASY,True
test,214,codeforces,VERY_HARD,True
test,215,codeforces,EASY,True
test,216,codeforces,VERY_HARD,True
test,217,codeforces,EASY,True
test,218,codewars,EASY,True
test,219,hackerearth,EASY,True
test,220,codeforces,HARD,True
test,222,codechef,MEDIUM,True
test,223,hackerearth,EASY,True
test,225,codeforces,MEDIUM_HARD,True
test,226,codechef,VERY_HARD,True
test,227,codewars,EASY,True
test,228,codeforces,HARD,True
test,229,codechef,VERY_HARD,True
test,230,codeforces,HARD,True
test,231,codechef,HARD,True
test,232,codechef,MEDIUM,True
test,233,codeforces,HARD,True
test,235,codeforces,MEDIUM_HARD,True
test,236,codewars,MEDIUM,True
test,237,codeforces,VERY_HARD,True
test,238,codeforces,MEDIUM_HARD,True
test,239,codeforces,MEDIUM,True
test,240,codeforces,VERY_HARD,True
test,241,codechef,VERY_HARD,True
test,243,codeforces,MEDIUM_HARD,True
test,244,codechef,MEDIUM,True
test,245,codechef,MEDIUM_HARD,True
test,246,codeforces,EASY,True
test,247,codeforces,MEDIUM,True
test,248,codeforces,HARD,True
test,249,codeforces,HARD,True
test,250,codechef,MEDIUM,True
test,252,codewars,EASY,True
test,253,codechef,MEDIUM,True
test,254,codeforces,EASY,True
test,255,codeforces,EASY,True
test,257,codeforces,EASY,True
test,258,codeforces,VERY_HARD,True
test,259,codechef,MEDIUM_HARD,True
test,260,codeforces,HARD,True
test,261,codeforces,MEDIUM_HARD,True
test,262,codewars,MEDIUM,True
test,263,codeforces,HARD,True
test,264,codechef,VERY_HARD,True
test,265,codewars,MEDIUM_HARD,True
test,266,codeforces,VERY_HARD,True
test,267,codewars,EASY,True
test,268,codeforces,MEDIUM,True
test,271,codeforces,VERY_HARD,True
test,272,codeforces,HARD,True
test,274,codeforces,HARD,True
test,277,codechef,MEDIUM_HARD,True
test,278,codeforces,EASY,True
test,279,codechef,VERY_HARD,True
test,280,codechef,VERY_HARD,True
test,281,codeforces,HARD,True
test,282,codeforces,MEDIUM_HARD,True
test,284,codeforces,MEDIUM,True
test,285,codeforces,EASY,True
test,286,codeforces,HARD,True
test,287,codeforces,EASY,True
test,289,codeforces,VERY_HARD,True
test,290,codeforces,HARD,True
test,291,codechef,MEDIUM,True
test,292,codeforces,MEDIUM,True
test,293,codeforces,EASY,True
test,294,codeforces,EASY,True
test,295,codeforces,MEDIUM_HARD,True
test,296,codechef,MEDIUM_HARD,True
test,297,codechef,VERY_HARD,True
test,298,codechef,VERY_HARD,True
test,299,codeforces,MEDIUM,True
test,300,codeforces,EASY,True
test,301,codeforces,HARD,True
test,302,codeforces,VERY_HARD,True
test,304,codeforces,VERY_HARD,True
test,305,codeforces,HARD,True
test,306,codeforces,MEDIUM,True
test,307,codeforces,MEDIUM_HARD,True
test,308,codeforces,MEDIUM,True
test,309,hackerearth,EASY,True
test,311,codeforces,MEDIUM_HARD,True
test,312,codeforces,VERY_HARD,True
test,313,codeforces,HARD,True
test,314,hackerearth,EASY,True
test,315,codewars,EASY,True
test,316,hackerearth,MEDIUM,True
test,317,codechef,MEDIUM,True
test,318,codeforces,EASY,True
test,319,codeforces,EASY,True
test,320,codeforces,MEDIUM,True
test,321,codeforces,MEDIUM,True
test,322,hackerearth,MEDIUM,True
test,323,codeforces,MEDIUM_HARD,True
test,324,codeforces,HARD,True
test,325,codeforces,EASY,True
test,327,codeforces,VERY_HARD,True
test,328,codechef,MEDIUM_HARD,True
test,329,codechef,MEDIUM,True
test,332,codeforces,EASY,True
test,333,codeforces,EASY,True
test,334,codechef,EASY,True
test,335,codeforces,HARD,True
test,336,codechef,MEDIUM,True
test,338,codeforces,HARD,True
test,339,codeforces,HARD,True
test,340,codeforces,EASY,True
test,341,hackerearth,MEDIUM,True
test,342,codeforces,MEDIUM_HARD,True
test,343,codeforces,HARD,True
test,344,codewars,EASY,True
test,345,codeforces,VERY_HARD,True
test,347,codeforces,HARD,True
test,348,codeforces,EASY,True
test,349,codeforces,VERY_HARD,True
test,350,codechef,VERY_HARD,True
test,351,codeforces,MEDIUM,True
test,352,codechef,EASY,True
test,353,codeforces,VERY_HARD,True
test,354,codechef,HARD,True
test,355,codechef,MEDIUM,True
test,356,codeforces,HARD,True
test,357,codechef,MEDIUM_HARD,True
test,358,codeforces,MEDIUM_HARD,True
test,359,codeforces,MEDIUM_HARD,True
test,360,codechef,VERY_HARD,True
test,361,codeforces,MEDIUM,True
test,362,codeforces,HARD,True
test,363,codeforces,EASY,True
test,364,codechef,HARD,True
test,365,codechef,VERY_HARD,True
test,366,codeforces,VERY_HARD,True
test,367,codeforces,MEDIUM,True
test,368,codechef,MEDIUM_HARD,True
test,369,codechef,HARD,True
test,370,codechef,VERY_HARD,True
test,371,codeforces,VERY_HARD,True
test,372,codeforces,EASY,True
test,373,codeforces,VERY_HARD,True
test,375,codechef,VERY_HARD,True
test,376,codeforces,VERY_HARD,True
test,377,codeforces,EASY,True
test,378,codechef,EASY,True
test,379,codeforces,VERY_HARD,True
test,380,codeforces,EASY,True
test,381,codeforces,HARD,True
test,382,codeforces,MEDIUM,True
test,383,codeforces,VERY_HARD,True
test,384,codeforces,MEDIUM_HARD,True
test,385,codechef,MEDIUM_HARD,True
test,386,codewars,MEDIUM,True
test,387,codeforces,HARD,True
test,388,codeforces,MEDIUM_HARD,True
test,389,codeforces,HARD,True
test,390,codeforces,VERY_HARD,True
test,391,codeforces,MEDIUM,True
test,392,codeforces,MEDIUM_HARD,True
test,393,codechef,VERY_HARD,True
test,394,codeforces,VERY_HARD,True
test,395,codechef,HARD,True
test,396,codeforces,MEDIUM,True
test,397,codeforces,EASY,True
test,398,codeforces,MEDIUM,True
test,399,codeforces,MEDIUM_HARD,True
test,400,codeforces,HARD,True
test,401,codechef,MEDIUM,True
test,402,codeforces,MEDIUM,True
test,403,codechef,VERY_HARD,True
test,404,codeforces,EASY,True
test,405,codechef,VERY_HARD,True
test,406,codeforces,HARD,True
test,407,codechef,MEDIUM_HARD,True
test,408,codeforces,MEDIUM,True
test,409,codechef,HARD,True
test,410,codeforces,VERY_HARD,True
test,411,codeforces,MEDIUM_HARD,True
test,412,codeforces,HARD,True
test,413,codechef,MEDIUM_HARD,True
test,414,codechef,VERY_HARD,True
test,415,codeforces,MEDIUM,True
test,416,codeforces,HARD,True
test,417,codeforces,MEDIUM_HARD,True
test,418,codeforces,MEDIUM,True
test,419,codechef,MEDIUM_HARD,True
test,420,codechef,MEDIUM,True
test,422,codeforces,MEDIUM,True
test,423,codewars,EASY,True
test,424,codeforces,VERY_HARD,True
test,425,codeforces,HARD,True
test,426,codeforces,VERY_HARD,True
test,427,codechef,MEDIUM,True
test,428,codewars,EASY,True
test,429,codechef,HARD,True
test,430,codechef,HARD,True
test,431,codeforces,EASY,True
test,433,codeforces,HARD,True
test,434,codeforces,VERY_HARD,True
test,435,codeforces,MEDIUM,True
test,436,codewars,EASY,True
test,437,codeforces,HARD,True
test,438,codechef,VERY_HARD,True
test,439,codeforces,MEDIUM_HARD,True
test,440,codeforces,VERY_HARD,True
test,441,codeforces,EASY,True
test,442,codeforces,MEDIUM,True
test,443,codechef,VERY_HARD,True
test,444,codeforces,EASY,True
test,445,codechef,VERY_HARD,True
test,446,codeforces,MEDIUM,True
test,447,codechef,MEDIUM,True
test,448,codeforces,HARD,True
test,449,codeforces,EASY,True
test,450,codeforces,HARD,True
test,451,codechef,EASY,True
test,452,codeforces,HARD,True
test,453,codechef,MEDIUM,True
test,454,codeforces,MEDIUM_HARD,True
test,455,codechef,VERY_HARD,True
test,456,codeforces,HARD,True
test,457,codechef,MEDIUM,True
test,459,codeforces,VERY_HARD,True
test,460,codeforces,VERY_HARD,True
test,461,codechef,MEDIUM_HARD,True
test,463,codeforces,VERY_HARD,True
test,464,codeforces,MEDIUM_HARD,True
test,465,codeforces,VERY_HARD,True
test,466,codechef,HARD,True
test,467,codechef,HARD,True
test,468,codechef,MEDIUM_HARD,True
test,469,codeforces,MEDIUM,True
test,470,codeforces,HARD,True
test,471,codechef,MEDIUM_HARD,True
test,472,codeforces,MEDIUM,True
test,473,codechef,HARD,True
test,474,codechef,MEDIUM,True
test,475,codechef,VERY_HARD,True
test,476,codechef,VERY_HARD,True
test,477,codeforces,HARD,True
test,479,codeforces,EASY,True
test,480,codechef,HARD,True
test,481,codeforces,VERY_HARD,True
test,482,codewars,EASY,True
test,483,codeforces,MEDIUM_HARD,True
test,484,codeforces,HARD,True
test,485,codeforces,MEDIUM_HARD,True
test,486,codeforces,MEDIUM_HARD,True
test,487,codeforces,MEDIUM,True
test,488,codeforces,MEDIUM_HARD,True
test,489,codeforces,MEDIUM_HARD,True
test,490,codeforces,VERY_HARD,True
test,491,codeforces,MEDIUM_HARD,True
test,492,codechef,VERY_HARD,True
test,494,codewars,MEDIUM_HARD,True
test,495,codechef,MEDIUM_HARD,True
test,496,codeforces,EASY,True
test,497,codechef,MEDIUM_HARD,True
test,498,codechef,MEDIUM,True
test,499,codeforces,HARD,True
test,500,codechef,MEDIUM,True
test,501,codechef,VERY_HARD,True
test,502,codechef,HARD,True
test,503,codechef,VERY_HARD,True
test,505,codeforces,HARD,True
test,506,codechef,EASY,True
test,507,codechef,MEDIUM_HARD,True
test,509,codeforces,MEDIUM,True
test,511,codechef,VERY_HARD,True
test,512,codeforces,VERY_HARD,True
test,513,codeforces,VERY_HARD,True
test,514,codechef,VERY_HARD,True
test,516,codechef,VERY_HARD,True
test,518,codechef,MEDIUM_HARD,True
test,519,codeforces,MEDIUM_HARD,True
test,521,hackerearth,EASY,True
test,522,codechef,EASY,True
test,523,codeforces,MEDIUM,True
test,525,codeforces,MEDIUM,True
test,526,codeforces,MEDIUM_HARD,True
test,529,codeforces,EASY,True
test,530,codeforces,MEDIUM_HARD,True
test,531,codechef,EASY,True
test,532,codechef,VERY_HARD,True
test,533,codeforces,HARD,True
test,534,codechef,VERY_HARD,True
test,535,codeforces,EASY,True
test,536,hackerearth,MEDIUM,True
test,537,codeforces,MEDIUM,True
test,538,codeforces,EASY,True
test,539,codeforces,MEDIUM_HARD,True
test,541,codeforces,MEDIUM,True
test,542,codeforces,HARD,True
test,543,codeforces,MEDIUM,True
test,544,codechef,MEDIUM_HARD,True
test,545,hackerearth,EASY,True
test,546,codechef,VERY_HARD,True
test,547,codeforces,EASY,True
test,548,codeforces,HARD,True
test,549,codeforces,MEDIUM_HARD,True
test,550,codeforces,MEDIUM,True
test,554,codeforces,HARD,True
test,555,codeforces,MEDIUM_HARD,True
test,556,codeforces,EASY,True
test,557,codeforces,MEDIUM,True
test,558,codeforces,VERY_HARD,True
test,559,codeforces,HARD,True
test,560,codeforces,MEDIUM_HARD,True
test,562,codechef,VERY_HARD,True
test,563,codeforces,EASY,True
test,564,codewars,EASY,True
test,565,codeforces,HARD,True
test,566,codeforces,VERY_HARD,True
test,567,codeforces,VERY_HARD,True
test,568,codewars,EASY,True
test,569,codeforces,HARD,True
test,570,codechef,VERY_HARD,True
test,571,codeforces,VERY_HARD,True
test,572,codeforces,MEDIUM_HARD,True
test,573,codechef,HARD,True
test,574,codeforces,VERY_HARD,True
test,575,codeforces,MEDIUM_HARD,True
test,576,hackerearth,EASY,True
test,577,codeforces,MEDIUM,True
test,579,codeforces,EASY,True
test,580,codeforces,HARD,True
test,581,codechef,HARD,True
test,582,codeforces,HARD,True
test,583,codeforces,MEDIUM,True
test,584,codechef,MEDIUM,True
test,585,codechef,HARD,True
test,586,codeforces,MEDIUM_HARD,True
test,587,codeforces,MEDIUM_HARD,True
test,588,hackerearth,MEDIUM,True
test,589,codechef,VERY_HARD,True
test,590,hackerearth,HARD,True
test,591,hackerearth,MEDIUM,True
test,592,codeforces,EASY,True
test,593,codewars,MEDIUM_HARD,True
test,594,codechef,EASY,True
test,596,codeforces,MEDIUM,True
test,597,codeforces,VERY_HARD,True
test,598,codechef,MEDIUM,True
test,599,codechef,MEDIUM_HARD,True
test,600,codeforces,EASY,True
test,601,codeforces,HARD,True
test,602,hackerearth,EASY,True
test,603,codeforces,HARD,True
test,604,hackerearth,MEDIUM,True
test,605,codechef,VERY_HARD,True
test,606,codechef,VERY_HARD,True
test,607,codewars,EASY,True
test,608,codeforces,EASY,True
test,609,codeforces,VERY_HARD,True
test,610,codechef,HARD,True
test,611,codechef,MEDIUM_HARD,True
test,612,codeforces,HARD,True
test,613,codeforces,MEDIUM,True
test,614,codechef,EASY,True
test,615,codeforces,VERY_HARD,True
test,616,codewars,EASY,True
test,617,codeforces,MEDIUM,True
test,619,codeforces,HARD,True
test,620,codechef,VERY_HARD,True
test,621,codeforces,HARD,True
test,622,codechef,HARD,True
test,623,codeforces,VERY_HARD,True
test,624,codeforces,EASY,True
test,625,codeforces,MEDIUM_HARD,True
test,627,codechef,MEDIUM,True
test,628,codeforces,VERY_HARD,True
test,629,codechef,VERY_HARD,True
test,630,codeforces,MEDIUM_HARD,True
test,631,codeforces,EASY,True
test,632,codeforces,MEDIUM_HARD,True
test,634,codewars,MEDIUM_HARD,True
test,635,codechef,VERY_HARD,True
test,636,codeforces,EASY,True
test,637,codechef,VERY_HARD,True
test,638,codeforces,MEDIUM_HARD,True
test,639,codeforces,MEDIUM_HARD,True
test,640,codeforces,HARD,True
test,641,codechef,VERY_HARD,True
test,642,codeforces,HARD,True
test,643,codeforces,MEDIUM,True
test,644,codeforces,MEDIUM,True
test,645,codeforces,EASY,True
test,646,codechef,EASY,True
test,647,codechef,MEDIUM_HARD,True
test,649,codeforces,MEDIUM_HARD,True
test,653,codeforces,MEDIUM_HARD,True
test,654,codeforces,HARD,True
test,655,codeforces,VERY_HARD,True
test,657,codechef,HARD,True
test,658,codeforces,MEDIUM_HARD,True
test,659,codeforces,MEDIUM,True
test,660,codechef,MEDIUM,True
test,661,codeforces,VERY_HARD,True
test,663,codeforces,HARD,True
test,664,codechef,MEDIUM_HARD,True
test,665,codeforces,MEDIUM,True
test,666,codeforces,HARD,True
test,667,codeforces,HARD,True
test,668,codeforces,VERY_HARD,True
test,669,codeforces,VERY_HARD,True
test,670,codeforces,MEDIUM_HARD,True
test,671,codeforces,HARD,True
test,672,codeforces,VERY_HARD,True
test,673,codeforces,EASY,True
test,674,codechef,EASY,True
test,675,codeforces,VERY_HARD,True
test,676,codechef,MEDIUM_HARD,True
test,677,codeforces,HARD,True
test,678,hackerearth,EASY,True
test,679,codeforces,HARD,True
test,680,codeforces,HARD,True
test,681,codechef,VERY_HARD,True
test,682,codeforces,MEDIUM,True
test,683,codeforces,MEDIUM,True
test,684,codechef,EASY,True
test,685,codewars,EASY,True
test,688,codeforces,VERY_HARD,True
test,689,codewars,MEDIUM,True
test,690,codeforces,EASY,True
test,691,codechef,MEDIUM,True
test,692,codeforces,HARD,True
test,693,codechef,EASY,True
test,694,codewars,EASY,True
test,695,codechef,MEDIUM,True
test,696,codechef,HARD,True
test,697,codeforces,EASY,True
test,698,codeforces,VERY_HARD,True
test,700,hackerearth,EASY,True
test,701,codeforces,MEDIUM,True
test,702,codeforces,VERY_HARD,True
test,703,codechef,MEDIUM_HARD,True
test,704,codechef,MEDIUM_HARD,True
test,705,codeforces,VERY_HARD,True
test,706,codewars,EASY,True
test,707,codechef,HARD,True
test,708,codeforces,VERY_HARD,True
test,710,codeforces,MEDIUM_HARD,True
test,711,hackerearth,EASY,True
test,712,codechef,MEDIUM,True
test,713,codechef,MEDIUM,True
test,714,codewars,EASY,True
test,715,codeforces,MEDIUM_HARD,True
test,716,codeforces,HARD,True
test,717,codechef,HARD,True
test,718,codeforces,HARD,True
test,719,codeforces,HARD,True
test,720,codeforces,EASY,True
test,722,codeforces,MEDIUM_HARD,True
test,723,codeforces,HARD,True
test,724,codeforces,MEDIUM_HARD,True
test,725,codeforces,HARD,True
test,726,codeforces,MEDIUM_HARD,True
test,727,codechef,VERY_HARD,True
test,728,hackerearth,EASY,True
test,729,codeforces,HARD,True
test,731,codechef,VERY_HARD,True
test,732,codeforces,HARD,True
test,733,codechef,MEDIUM,True
test,734,codeforces,VERY_HARD,True
test,735,codechef,MEDIUM_HARD,True
test,736,codeforces,VERY_HARD,True
test,737,codeforces,MEDIUM,True
test,738,codeforces,VERY_HARD,True
test,741,codeforces,MEDIUM,True
test,742,codeforces,MEDIUM_HARD,True
test,743,codeforces,MEDIUM_HARD,True
test,744,codeforces,MEDIUM_HARD,True
test,745,codeforces,EASY,True
test,746,codewars,MEDIUM_HARD,True
test,747,codeforces,HARD,True
test,748,codewars,EASY,True
test,749,codeforces,MEDIUM,True
test,751,codeforces,VERY_HARD,True
test,752,codeforces,EASY,True
test,755,hackerearth,EASY,True
test,756,codewars,EASY,True
test,758,codeforces,MEDIUM_HARD,True
test,759,codechef,VERY_HARD,True
test,760,codeforces,MEDIUM,True
test,761,codeforces,MEDIUM_HARD,True
test,762,codechef,EASY,True
test,763,codewars,EASY,True
test,764,codeforces,MEDIUM_HARD,True
test,765,codechef,HARD,True
test,766,hackerearth,MEDIUM,True
test,767,codeforces,VERY_HARD,True
test,768,codewars,EASY,True
test,769,codechef,MEDIUM_HARD,True
test,771,codechef,MEDIUM,True
test,772,codeforces,VERY_HARD,True
test,773,codeforces,HARD,True
test,774,codeforces,VERY_HARD,True
test,775,codeforces,HARD,True
test,776,codeforces,VERY_HARD,True
test,778,codechef,HARD,True
test,779,codechef,HARD,True
test,780,codeforces,MEDIUM,True
test,781,codechef,HARD,True
test,782,codeforces,VERY_HARD,True
test,783,codeforces,EASY,True
test,784,codeforces,MEDIUM_HARD,True
test,785,codeforces,HARD,True
test,787,codechef,VERY_HARD,True
test,788,codeforces,HARD,True
test,790,codeforces,MEDIUM_HARD,True
test,791,codeforces,EASY,True
test,792,codechef,HARD,True
test,793,codeforces,EASY,True
test,794,codeforces,MEDIUM_HARD,True
test,795,codechef,HARD,True
test,796,codewars,EASY,True
test,797,codeforces,MEDIUM_HARD,True
test,798,hackerearth,MEDIUM,True
test,799,codeforces,HARD,True
test,800,codeforces,MEDIUM_HARD,True
test,801,codeforces,HARD,True
test,802,codeforces,VERY_HARD,True
test,803,codeforces,HARD,True
test,804,codeforces,MEDIUM,True
test,805,codeforces,HARD,True
test,806,codeforces,EASY,True
test,808,codechef,MEDIUM_HARD,True
test,809,codechef,MEDIUM,True
test,810,codechef,MEDIUM_HARD,True
test,811,codeforces,HARD,True
test,812,codechef,VERY_HARD,True
test,813,codechef,EASY,True
test,814,codechef,VERY_HARD,True
test,815,hackerearth,MEDIUM,True
test,816,codeforces,VERY_HARD,True
test,817,codeforces,HARD,True
test,818,codeforces,EASY,True
test,819,codechef,VERY_HARD,True
test,820,codeforces,EASY,True
test,821,codechef,VERY_HARD,True
test,822,codeforces,HARD,True
test,823,codeforces,HARD,True
test,824,codeforces,MEDIUM,True
test,825,codeforces,HARD,True
test,826,codeforces,MEDIUM_HARD,True
test,827,codeforces,MEDIUM_HARD,True
test,828,codechef,VERY_HARD,True
test,829,codeforces,MEDIUM,True
test,830,codechef,HARD,True
test,831,codeforces,EASY,True
test,832,codeforces,MEDIUM,True
test,834,codewars,EASY,True
test,835,codechef,VERY_HARD,True
test,836,codechef,MEDIUM_HARD,True
test,837,codechef,VERY_HARD,True
test,838,codechef,HARD,True
test,839,codewars,EASY,True
test,840,codeforces,MEDIUM,True
test,841,codeforces,VERY_HARD,True
test,842,codeforces,MEDIUM_HARD,True
test,843,codewars,EASY,True
test,844,hackerearth,MEDIUM,True
test,845,codechef,VERY_HARD,True
test,846,codechef,HARD,True
test,847,hackerearth,MEDIUM,True
test,848,codeforces,MEDIUM_HARD,True
test,849,codeforces,EASY,True
test,851,codeforces,EASY,True
test,852,codeforces,MEDIUM_HARD,True
test,853,codeforces,MEDIUM,True
test,855,codeforces,EASY,True
test,856,codeforces,VERY_HARD,True
test,857,codewars,EASY,True
test,858,codeforces,EASY,True
test,859,codeforces,HARD,True
test,860,hackerearth,EASY,True
test,861,codechef,VERY_HARD,True
test,862,codeforces,HARD,True
test,863,codeforces,EASY,True
test,864,codechef,MEDIUM,True
test,865,codechef,VERY_HARD,True
test,866,codeforces,HARD,True
test,867,codeforces,VERY_HARD,True
test,868,codeforces,HARD,True
test,869,codeforces,VERY_HARD,True
test,870,codeforces,HARD,True
test,872,codewars,EASY,True
test,873,codeforces,VERY_HARD,True
test,874,codeforces,HARD,True
test,875,codeforces,EASY,True
test,876,codeforces,VERY_HARD,True
test,877,codeforces,HARD,True
test,878,codeforces,MEDIUM,True
test,879,codeforces,MEDIUM_HARD,True
test,880,codechef,MEDIUM_HARD,True
test,881,codechef,VERY_HARD,True
test,882,codechef,MEDIUM,True
test,883,codechef,MEDIUM,True
test,884,codeforces,MEDIUM_HARD,True
test,885,codeforces,MEDIUM,True
test,886,codeforces,MEDIUM_HARD,True
test,887,codeforces,VERY_HARD,True
test,888,codechef,MEDIUM,True
test,890,codeforces,MEDIUM_HARD,True
test,891,codeforces,MEDIUM_HARD,True
test,892,codewars,MEDIUM_HARD,True
test,893,codewars,EASY,True
test,894,codewars,EASY,True
test,895,codeforces,EASY,True
test,896,codeforces,MEDIUM_HARD,True
test,897,codeforces,HARD,True
test,898,codewars,EASY,True
test,899,codechef,VERY_HARD,True
test,900,codechef,MEDIUM,True
test,901,codeforces,EASY,True
test,902,codeforces,MEDIUM_HARD,True
test,903,codechef,VERY_HARD,True
test,904,hackerearth,MEDIUM,True
test,905,codeforces,HARD,True
test,906,codeforces,EASY,True
test,907,codeforces,MEDIUM,True
test,908,codechef,VERY_HARD,True
test,909,codeforces,VERY_HARD,True
test,910,codeforces,MEDIUM,True
test,911,codeforces,EASY,True
test,912,codeforces,MEDIUM_HARD,True
test,913,codeforces,MEDIUM_HARD,True
test,914,codeforces,MEDIUM,True
test,915,codechef,HARD,True
test,917,codechef,HARD,True
test,918,codechef,MEDIUM_HARD,True
test,919,codechef,VERY_HARD,True
test,920,codeforces,VERY_HARD,True
test,921,codechef,VERY_HARD,True
test,922,codechef,MEDIUM_HARD,True
test,924,codechef,VERY_HARD,True
test,925,codeforces,VERY_HARD,True
test,926,codechef,EASY,True
test,927,codeforces,HARD,True
test,929,codeforces,VERY_HARD,True
test,930,codechef,EASY,True
test,931,codewars,MEDIUM_HARD,True
test,932,codeforces,HARD,True
test,933,codeforces,MEDIUM,True
test,934,codewars,EASY,True
test,935,codeforces,EASY,True
test,936,codeforces,HARD,True
test,937,codechef,EASY,True
test,938,codeforces,MEDIUM_HARD,True
test,939,codechef,MEDIUM,True
test,940,codeforces,HARD,True
test,941,codechef,VERY_HARD,True
test,942,codeforces,VERY_HARD,True
test,943,codeforces,HARD,True
test,944,codewars,MEDIUM,True
test,945,codeforces,MEDIUM,True
test,946,codeforces,EASY,True
test,947,codewars,EASY,True
test,948,codechef,HARD,True
test,949,codechef,HARD,True
test,950,codechef,MEDIUM,True
test,951,codechef,EASY,True
test,952,codewars,EASY,True
test,953,codeforces,HARD,True
test,954,codeforces,HARD,True
test,956,codeforces,MEDIUM_HARD,True
test,957,codeforces,MEDIUM_HARD,True
test,958,codechef,VERY_HARD,True
test,959,hackerearth,MEDIUM,True
test,960,codeforces,MEDIUM,True
test,961,codechef,MEDIUM_HARD,True
test,962,codechef,MEDIUM_HARD,True
test,963,codeforces,MEDIUM,True
test,964,codeforces,MEDIUM_HARD,True
test,965,codeforces,MEDIUM,True
test,966,codechef,HARD,True
test,967,codechef,EASY,True
test,968,codeforces,VERY_HARD,True
test,969,codeforces,MEDIUM_HARD,True
test,970,hackerearth,MEDIUM,True
test,971,codechef,MEDIUM_HARD,True
test,972,codeforces,MEDIUM,True
test,973,codeforces,MEDIUM_HARD,True
test,974,codechef,EASY,True
test,975,codeforces,MEDIUM,True
test,976,codeforces,VERY_HARD,True
test,978,codeforces,MEDIUM_HARD,True
test,979,codechef,HARD,True
test,980,codeforces,HARD,True
test,982,codeforces,EASY,True
test,983,codeforces,HARD,True
test,984,codeforces,MEDIUM,True
test,985,codeforces,MEDIUM,True
test,986,codechef,MEDIUM_HARD,True
test,987,codeforces,HARD,True
test,988,codeforces,EASY,True
test,989,codeforces,VERY_HARD,True
test,990,codeforces,EASY,True
test,991,codeforces,HARD,True
test,992,codeforces,MEDIUM_HARD,True
test,993,codeforces,VERY_HARD,True
test,994,codeforces,MEDIUM_HARD,True
test,995,codeforces,MEDIUM_HARD,True
test,996,codeforces,MEDIUM_HARD,True
test,997,codechef,MEDIUM,True
test,998,codeforces,EASY,True
test,999,codeforces,MEDIUM,True
